time_stamp,open,high,low,close,vol
2018-07-03,8.9665,9.4363,8.6051,8.8336,11219476.51
2018-07-04,8.8336,9.3955,8.7092,8.9064,6569646.07
2018-07-05,8.9097,9.2219,8.6583,8.8328,8412873.07
2018-07-06,8.833,8.8735,8.288,8.6303,4527731.38
2018-07-07,8.6449,8.8931,8.3517,8.8336,2062917.31
2018-07-08,8.8332,8.9801,8.6501,8.6827,9139546.76
2018-07-09,8.6826,8.7165,7.5,7.7092,8872131.76
2018-07-10,7.7045,7.824,7.0503,7.1196,6524620.99
2018-07-11,7.1199,7.3993,6.72,7.1616,12859537.82
2018-07-12,7.1668,7.1704,6.54,6.9207,14581793.54
2018-07-13,6.9208,7.2245,6.6881,6.8921,14260068.83
2018-07-14,6.8982,7.088,6.764,6.9237,12584240.6
2018-07-15,6.9268,7.5346,6.852,7.4075,13645106.84
2018-07-16,7.4026,8.1819,7.2202,8.0899,15310182.77
2018-07-17,8.0845,8.9686,7.83,8.7826,15072014.32
2018-07-18,8.783,9.37,8.4287,8.6018,15368313.36
2018-07-19,8.6015,8.7592,8.1528,8.4175,12014171.9
2018-07-20,8.422,8.6069,7.711,7.8583,11299468.79
2018-07-21,7.8583,8.2419,7.572,8.0,8592901.02
2018-07-22,7.9939,8.27,7.71,7.8488,7179671.84
2018-07-23,7.8461,8.4144,7.7811,7.9353,5692633.2
2018-07-24,7.9336,8.6967,7.7165,8.5871,11998912.88
2018-07-25,8.5809,9.1407,8.3385,8.532,14376822.84
2018-07-26,8.5307,8.86,8.19,8.3,13521194.47
2018-07-27,8.298,8.5352,8.0,8.4321,14149475.26
2018-07-28,8.4296,8.4535,8.12,8.3523,12344279.7
2018-07-29,8.3501,8.477,8.13,8.3148,11644873.39
2018-07-30,8.3171,8.35,7.4,7.7421,11922994.36
2018-07-31,7.7303,7.7464,7.1,7.3317,10844162.96
2018-08-01,7.3317,7.3937,6.88,7.2176,9579047.93
2018-08-02,7.2146,7.3207,6.8707,7.0072,8516504.08
2018-08-03,7.0071,7.2539,6.85,7.1784,7840361.16
2018-08-04,7.1785,7.3194,6.8788,6.9779,2585204.18
2018-08-05,6.9779,7.0889,6.9029,7.0373,9206157.48
2018-08-06,7.0339,7.1602,6.9273,7.0608,8405635.46
2018-08-07,7.0576,7.19,6.501,6.5689,9777297.88
2018-08-08,6.569,6.569,5.35,5.5788,13221551.54
2018-08-09,5.5788,5.9416,5.3988,5.7581,12850965.32
2018-08-10,5.7548,5.8131,5.1606,5.2454,13561226.17
2018-08-11,5.2479,5.3293,4.8152,4.9669,13957284.98
2018-08-12,4.9638,5.1701,4.9002,4.9653,11379903.76
2018-08-13,4.9631,5.17,4.4723,4.5799,13437268.88
2018-08-14,4.5818,4.5885,4.15,4.5771,13455331.16
2018-08-15,4.5772,4.9203,4.48,4.6208,13564051.57
2018-08-16,4.6208,4.8119,4.434,4.521,12620729.2
2018-08-17,4.517,5.6,4.4866,5.5834,16303531.19
2018-08-18,5.5901,5.661,4.82,5.0788,9205753.27
2018-08-19,5.0764,5.4093,4.9374,5.2843,4144220.91
2018-08-20,5.2854,5.355,4.6641,4.702,12405439.12
2018-08-21,4.702,4.95,4.65,4.9098,11624179.41
2018-08-22,4.9112,5.332,4.5203,4.7144,14950192.46
2018-08-23,4.711,4.9512,4.641,4.8961,11319765.31
2018-08-24,4.8964,5.1084,4.771,5.0416,12609719.58
2018-08-25,5.0483,5.0706,4.9038,5.0284,11571667.26
2018-08-26,5.0309,5.048,4.8171,4.9497,11920852.34
2018-08-27,4.9457,5.4351,4.9043,5.392,14618857.84
2018-08-28,5.3919,6.03,5.27,5.9165,15445866.35
2018-08-29,5.9174,6.4802,5.7696,6.1251,17756893.76
2018-08-30,6.1252,6.2799,5.7304,6.064,13024568.83
2018-08-31,6.0641,6.5,5.9171,6.4025,15251455.65
2018-09-01,6.4085,6.8116,6.3971,6.667,14560265.7
2018-09-02,6.667,6.6962,6.3158,6.6366,12465241.13
2018-09-03,6.6386,6.719,6.3834,6.4649,11189975.03
2018-09-04,6.4668,6.64,6.3327,6.48,12281351.21
2018-09-05,6.48,6.58,5.0952,5.1511,16739077.82
2018-09-06,5.1498,5.2656,4.85,5.2363,15053327.18
2018-09-07,5.2339,5.35,4.93,5.0515,12515313.61
2018-09-08,5.0504,5.1469,4.63,4.745,12253396.81
2018-09-09,4.7426,5.1895,4.6501,4.9449,14468610.64
2018-09-10,4.9449,5.12,4.887,5.0286,12480946.54
2018-09-11,5.0343,5.096,4.72,4.9865,13071963.25
2018-09-12,4.9849,4.988,4.75,4.945,10668222.16
2018-09-13,4.9468,5.5555,4.923,5.38,15282999.29
2018-09-14,5.3844,5.536,5.1293,5.2196,12062133.24
2018-09-15,5.2195,5.52,5.21,5.3401,10294566.5
2018-09-16,5.3399,5.49,5.1975,5.409,10006590.53
2018-09-17,5.4069,5.4831,4.6745,4.8398,14189706.28
2018-09-18,4.8431,5.268,4.7719,5.0565,11968752.83
2018-09-19,5.0507,5.3451,4.91,5.2369,11557489.81
2018-09-20,5.2381,5.8582,5.1813,5.7432,12196969.94
2018-09-21,5.7432,6.2732,5.6,6.1901,13964071.13
2018-09-22,6.1859,6.3,5.7611,5.9481,6891666.21
2018-09-23,5.9429,6.1555,5.8104,6.0263,7827471.98
2018-09-24,6.0265,6.0405,5.5882,5.6679,6324359.4
2018-09-25,5.6752,5.6755,5.01,5.4194,13107074.59
2018-09-26,5.4216,5.77,5.2301,5.55,13589930.21
2018-09-27,5.5518,5.9632,5.3464,5.8253,13301558.47
2018-09-28,5.8253,6.0242,5.6581,5.7562,13991389.18
2018-09-29,5.7562,5.8543,5.4521,5.7439,11890491.74
2018-09-30,5.7452,5.916,5.3587,5.7257,14404746.48
2018-10-01,5.7259,5.85,5.5155,5.7376,9502063.72
2018-10-02,5.7331,5.79,5.5344,5.6163,11317245.16
2018-10-03,5.6096,5.689,5.4431,5.6153,12220807.4
2018-10-04,5.6153,5.91,5.6026,5.8008,13111708.54
2018-10-05,5.8017,5.9,5.6502,5.82,13095178.01
2018-10-06,5.8217,5.853,5.6666,5.73,14095923.21
2018-10-07,5.73,5.8,5.6239,5.763,13803783.81
2018-10-08,5.7585,6.0298,5.723,5.9369,14268017.55
2018-10-09,5.9369,5.9817,5.84,5.9214,11960473.4
2018-10-10,5.9237,5.9648,5.81,5.9197,12939478.14
2018-10-11,5.9197,5.9237,5.02,5.0965,8380207.78
2018-10-12,5.0965,5.3279,5.0151,5.199,8327490.77
2018-10-13,5.1988,5.345,5.17,5.2948,7431030.63
2018-10-14,5.3022,5.3439,5.1638,5.2149,7676548.92
2018-10-15,5.2105,6.05,5.1448,5.5925,13959008.4
2018-10-16,5.5924,5.6785,5.4991,5.574,6878185.15
2018-10-17,5.5754,5.6284,5.501,5.5704,7355935.41
2018-10-18,5.5716,5.64,5.35,5.4555,7523742.22
2018-10-19,5.4555,5.485,5.366,5.3979,5710435.93
2018-10-20,5.3921,5.5114,5.3784,5.4534,7225211.7
2018-10-21,5.4559,5.6438,5.4517,5.5125,7763496.2
2018-10-22,5.5108,5.5556,5.44,5.4704,4444993.85
2018-10-23,5.4704,5.5287,5.4077,5.4847,1959410.87
2018-10-24,5.4846,5.52,5.4264,5.4388,1569284.58
2018-10-25,5.439,5.4678,5.401,5.4276,1125763.24
2018-10-26,5.4279,5.5063,5.381,5.441,2410054.7
2018-10-27,5.4444,5.48,5.4,5.4192,2659755.4
2018-10-28,5.4191,5.4639,5.411,5.4342,2339153.77
2018-10-29,5.4343,5.4465,5.0633,5.1563,2598869.65
2018-10-30,5.1533,5.1891,5.11,5.1451,1440371.01
2018-10-31,5.1422,5.3175,5.085,5.2537,1888942.3
2018-11-01,5.2538,5.31,5.2291,5.2827,1496824.25
2018-11-02,5.2877,5.4187,5.2854,5.3979,1707731.11
2018-11-03,5.3965,5.405,5.2951,5.3298,1351375.85
2018-11-04,5.3276,5.6153,5.3,5.5442,2438189.48
2018-11-05,5.5443,5.5665,5.4249,5.5051,1923200.63
2018-11-06,5.5037,5.7857,5.491,5.7781,2604667.12
2018-11-07,5.7809,5.84,5.613,5.6817,2532908.51
2018-11-08,5.6811,5.7084,5.505,5.5246,2011772.29
2018-11-09,5.523,5.5769,5.37,5.4046,1533390.85
2018-11-10,5.405,5.4682,5.3709,5.4279,749495.23
2018-11-11,5.4278,5.5198,5.272,5.4886,903405.63
2018-11-12,5.4822,5.527,5.3759,5.4549,920877.2
2018-11-13,5.4557,5.4766,5.156,5.2976,1693556.46
2018-11-14,5.2976,5.3195,4.4595,4.7745,6025781.04
2018-11-15,4.7738,4.8141,4.269,4.771,5673654.42
2018-11-16,4.771,4.8145,4.5001,4.6027,2531681.96
2018-11-17,4.6011,4.651,4.5246,4.6311,1607138.12
2018-11-18,4.6303,4.7173,4.5678,4.6425,1450146.07
2018-11-19,4.6497,4.6501,4.015,4.13,6704588.55
2018-11-20,4.1299,4.258,3.402,3.8087,11622620.92
2018-11-21,3.8092,3.98,3.6234,3.8568,6244159.05
2018-11-22,3.8594,3.916,3.5063,3.5232,4326526.21
2018-11-23,3.5305,3.7392,3.403,3.6588,7435123.4
2018-11-24,3.6588,3.75,3.2,3.3063,6796709.46
2018-11-25,3.3057,3.5162,3.04,3.405,12105935.03
2018-11-26,3.405,3.4728,3.1204,3.2512,9249797.24
2018-11-27,3.2531,3.2564,2.87,3.0394,7076036.35
2018-11-28,3.0427,3.3623,3.0408,3.274,6373770.73
2018-11-29,3.2753,3.3,2.9,3.0255,8012933.87
2018-11-30,3.0243,3.0708,2.7988,2.8921,6395295.43
2018-12-01,2.8904,3.0244,2.824,2.9404,3522585.91
2018-12-02,2.9379,3.015,2.8051,2.8605,2898250.12
2018-12-03,2.8628,2.89,2.5252,2.5891,4760372.19
2018-12-04,2.5912,2.6279,2.3046,2.4503,8192843.31
2018-12-05,2.4493,2.4671,2.1628,2.1895,9720596.1
2018-12-06,2.1901,2.2679,1.8328,1.8438,13003062.31
2018-12-07,1.8446,1.8674,1.528,1.7271,18209498.54
2018-12-08,1.7286,1.9448,1.6124,1.8056,16478683.08
2018-12-09,1.8058,2.1108,1.7216,1.9855,15413728.28
2018-12-10,1.9869,2.058,1.86,1.9049,14127134.18
2018-12-11,1.9048,1.928,1.757,1.8318,10371380.29
2018-12-12,1.8322,2.0289,1.8019,1.9546,9502179.87
2018-12-13,1.9547,1.9785,1.8133,1.8437,11501688.07
2018-12-14,1.8441,1.8836,1.7548,1.818,9779462.5
2018-12-15,1.8179,1.92,1.783,1.8855,7634933.36
2018-12-16,1.8839,1.9738,1.8733,1.904,6663434.89
2018-12-17,1.9036,2.4757,1.8973,2.3684,21778917.43
2018-12-18,2.3696,2.6907,2.34,2.6149,26093249.64
2018-12-19,2.615,2.782,2.42,2.4323,21118523.12
2018-12-20,2.4318,2.7561,2.403,2.6902,17133735.41
2018-12-21,2.6903,2.8,2.4724,2.5815,14400752.61
2018-12-22,2.5815,2.6165,2.453,2.5755,7684214.28
2018-12-23,2.5771,2.9346,2.5534,2.7774,12875451.75
2018-12-24,2.7775,3.0842,2.7201,2.7407,16866538.25
2018-12-25,2.7407,2.7445,2.3725,2.48,15615090.51
2018-12-26,2.4816,2.65,2.4346,2.5469,12207452.34
2018-12-27,2.545,2.574,2.2284,2.2656,11267218.09
2018-12-28,2.264,2.6591,2.2137,2.5994,12546394.72
2018-12-29,2.6011,2.739,2.5157,2.5523,10073149.95
2018-12-30,2.549,2.6588,2.4501,2.6349,8126555.41
2018-12-31,2.634,2.6431,2.4323,2.5326,8487571.3
2019-01-01,2.5345,2.6345,2.4883,2.6184,5425315.83
2019-01-02,2.6185,2.8617,2.5877,2.8197,7781422.0
2019-01-03,2.8186,2.822,2.5709,2.6379,7580722.29
2019-01-04,2.6361,2.7271,2.544,2.6744,6887348.65
2019-01-05,2.6749,2.7435,2.6301,2.651,5805230.91
2019-01-06,2.6518,2.8626,2.6,2.8092,7195395.47
2019-01-07,2.8104,2.8304,2.6821,2.7336,7269951.57
2019-01-08,2.733,2.8349,2.6809,2.743,6452192.39
2019-01-09,2.7433,2.92,2.7261,2.86,7243272.67
2019-01-10,2.8624,2.9474,2.274,2.3691,15447628.34
2019-01-11,2.3692,2.4156,2.2801,2.3627,9119469.05
2019-01-12,2.3614,2.4178,2.3411,2.3768,5316331.97
2019-01-13,2.3766,2.3899,2.1762,2.2092,5711834.54
2019-01-14,2.2095,2.4599,2.2044,2.4256,6215914.95
2019-01-15,2.426,2.4461,2.3037,2.3496,6820880.36
2019-01-16,2.3475,2.436,2.3313,2.4027,5392886.82
2019-01-17,2.4035,2.496,2.3262,2.4718,6827598.9
2019-01-18,2.4729,2.4848,2.38,2.4296,5451727.31
2019-01-19,2.4296,2.5085,2.409,2.444,4397104.68
2019-01-20,2.4432,2.47,2.2484,2.3266,6718840.17
2019-01-21,2.3279,2.4027,2.293,2.3223,4909058.38
2019-01-22,2.3226,2.4948,2.2583,2.4276,6368766.91
2019-01-23,2.4275,2.462,2.3851,2.4188,4011152.74
2019-01-24,2.4188,2.4509,2.3849,2.4343,3593242.18
2019-01-25,2.4344,2.4626,2.4016,2.4285,3241042.53
2019-01-26,2.4278,2.4745,2.3976,2.4065,2440321.11
2019-01-27,2.4048,2.438,2.31,2.3522,3924251.55
2019-01-28,2.3521,2.3614,2.15,2.2267,5569150.25
2019-01-29,2.2266,2.307,2.1791,2.2561,3335084.4
2019-01-30,2.2562,2.3453,2.2233,2.3262,2763718.76
2019-01-31,2.3267,2.3641,2.2769,2.3089,3052511.71
2019-02-01,2.31,2.3547,2.276,2.3263,2678028.02
2019-02-02,2.3258,2.455,2.314,2.4389,2561851.19
2019-02-03,2.4389,2.4469,2.34,2.3707,3256628.04
2019-02-04,2.3701,2.4359,2.3454,2.3973,2674770.63
2019-02-05,2.3973,2.4071,2.3501,2.3914,1969941.32
2019-02-06,2.3914,2.3979,2.3,2.3426,3428527.0
2019-02-07,2.3427,2.44,2.3224,2.3415,1765620.33
2019-02-08,2.3407,2.806,2.3248,2.7219,9123081.23
2019-02-09,2.7213,2.831,2.6742,2.7718,6111348.73
2019-02-10,2.7707,2.86,2.6484,2.8393,6446491.03
2019-02-11,2.8401,2.8478,2.6826,2.75,5768338.97
2019-02-12,2.7493,3.0171,2.7089,2.9465,7730088.3
2019-02-13,2.9475,2.9973,2.8027,2.8564,6485268.12
2019-02-14,2.8565,2.8894,2.7101,2.7427,4507205.73
2019-02-15,2.7428,2.8697,2.7391,2.7928,4622600.86
2019-02-16,2.7931,2.8932,2.7755,2.7873,3196504.29
2019-02-17,2.7859,2.9163,2.7775,2.8762,5431277.9
2019-02-18,2.8762,3.49,2.8601,3.4764,17539014.8
2019-02-19,3.4763,3.799,3.46,3.5224,21074867.08
2019-02-20,3.5215,3.945,3.4554,3.9076,17147702.58
2019-02-21,3.9095,3.9287,3.6345,3.8035,11037523.05
2019-02-22,3.8035,3.909,3.73,3.8411,10110935.88
2019-02-23,3.8459,4.3139,3.7799,4.245,8765378.72
2019-02-24,4.2434,4.4416,3.4,3.5289,19522125.21
2019-02-25,3.5327,3.713,3.2658,3.5461,15538358.94
2019-02-26,3.5431,3.5582,3.3001,3.4318,9333008.35
2019-02-27,3.4324,3.5545,3.32,3.5021,7547003.71
2019-02-28,3.5026,3.6439,3.436,3.4971,7021064.46
2019-03-01,3.4977,3.6835,3.4064,3.4673,8074950.46
2019-03-02,3.4668,3.5313,3.422,3.4753,5610936.02
2019-03-03,3.4767,3.5949,3.4742,3.5158,4412889.19
2019-03-04,3.5159,3.5415,3.1,3.2321,10886454.08
2019-03-05,3.2329,3.7988,3.202,3.7481,15869796.96
2019-03-06,3.7494,3.8877,3.577,3.7329,12303713.42
2019-03-07,3.7329,3.9,3.6841,3.7571,10071541.78
2019-03-08,3.757,3.8,3.4835,3.5897,10750051.28
2019-03-09,3.5899,3.8192,3.5758,3.7544,8648421.92
2019-03-10,3.7544,3.7599,3.6455,3.6935,4325239.12
2019-03-11,3.6948,3.7284,3.491,3.5638,8446929.04
2019-03-12,3.5636,3.6912,3.5101,3.6416,5259530.76
2019-03-13,3.6434,3.652,3.4688,3.5632,5561050.11
2019-03-14,3.5632,3.649,3.4821,3.5786,5786220.56
2019-03-15,3.5786,3.7228,3.567,3.6865,6815599.64
2019-03-16,3.6861,3.8475,3.677,3.7991,8969648.79
2019-03-17,3.7974,3.803,3.7155,3.7376,3745249.4
2019-03-18,3.7366,3.7954,3.6761,3.7066,5746385.4
2019-03-19,3.706,3.7443,3.6722,3.7266,4635389.85
2019-03-20,3.7266,3.7377,3.531,3.71,6793232.09
2019-03-21,3.71,3.72,3.4912,3.6185,5755727.13
2019-03-22,3.6192,3.6537,3.5671,3.6176,3671989.04
2019-03-23,3.6137,3.7067,3.5985,3.6647,4302369.88
2019-03-24,3.6643,3.6643,3.5822,3.6314,3919667.95
2019-03-25,3.6314,3.6757,3.5714,3.65,6356654.2
2019-03-26,3.65,3.769,3.5914,3.7439,6076446.86
2019-03-27,3.7439,4.343,3.716,4.2539,17230440.01
2019-03-28,4.2556,4.3198,4.1657,4.2442,7697251.93
2019-03-29,4.244,4.406,4.2088,4.302,7848828.29
2019-03-30,4.3023,4.3232,3.9869,4.1502,7223240.88
2019-03-31,4.1502,4.2557,4.0788,4.1893,4909980.94
2019-04-01,4.1895,4.2536,4.1382,4.2043,5752360.2
2019-04-02,4.2042,5.0889,4.1541,5.0232,17527784.39
2019-04-03,5.022,5.911,4.7111,5.2089,24710380.98
2019-04-04,5.2089,5.3246,4.8345,5.065,13444751.37
2019-04-05,5.0671,5.371,5.0671,5.3097,8065667.52
2019-04-06,5.3118,5.6803,5.0701,5.3288,9351227.61
2019-04-07,5.3275,5.495,5.2415,5.4207,7355425.71
2019-04-08,5.4174,5.6654,5.1977,5.5003,11160092.22
2019-04-09,5.5006,5.6223,5.2612,5.5231,9046713.2
2019-04-10,5.5223,5.973,5.5044,5.8417,14373790.86
2019-04-11,5.8425,5.8473,5.05,5.2778,16559879.59
2019-04-12,5.2788,5.44,5.0276,5.3313,8600254.45
2019-04-13,5.3305,5.398,5.1855,5.2857,3078670.45
2019-04-14,5.2857,5.57,5.2152,5.5422,3755963.39
2019-04-15,5.5421,5.6087,5.2279,5.3234,6061124.01
2019-04-16,5.3263,5.5164,5.2749,5.49,4632515.82
2019-04-17,5.4871,5.5499,5.3515,5.4153,3704667.9
2019-04-18,5.4183,5.547,5.4083,5.4654,4362293.35
2019-04-19,5.4682,5.4784,5.3356,5.4546,2992148.97
2019-04-20,5.4546,5.4996,5.365,5.4271,2499246.17
2019-04-21,5.4262,5.45,4.9071,5.1987,6621468.94
2019-04-22,5.2,5.2879,5.0844,5.2186,4249609.21
2019-04-23,5.2185,5.3698,5.07,5.1033,4908584.23
2019-04-24,5.1006,5.1431,4.56,4.773,10048980.02
2019-04-25,4.7737,4.8463,4.5226,4.6112,7340337.9
2019-04-26,4.6089,4.9736,4.526,4.7925,8195243.18
2019-04-27,4.7928,4.8362,4.6959,4.7403,2341913.67
2019-04-28,4.7404,4.7974,4.6333,4.7438,2251382.35
2019-04-29,4.7453,4.757,4.45,4.5138,4119026.71
2019-04-30,4.5127,4.85,4.5098,4.8159,4605826.46
2019-05-01,4.817,4.8674,4.6642,4.7617,3282629.37
2019-05-02,4.7633,4.82,4.6221,4.783,3808800.03
2019-05-03,4.7822,5.2099,4.7553,5.0841,6934418.45
2019-05-04,5.0834,5.1954,4.77,4.9472,6212326.05
2019-05-05,4.949,5.0162,4.8309,4.879,3289735.46
2019-05-06,4.8808,4.9903,4.6367,4.894,5344850.46
2019-05-07,4.8935,5.06,4.805,4.8492,5194763.13
2019-05-08,4.8484,4.9381,4.7559,4.9,3239903.53
2019-05-09,4.8993,5.0,4.783,4.85,3180153.16
2019-05-10,4.8499,4.9545,4.5706,4.8134,5683603.38
2019-05-11,4.8144,5.7602,4.8144,5.4125,12663907.62
2019-05-12,5.4309,5.756,5.171,5.3319,9646294.06
2019-05-13,5.3331,5.7829,5.2809,5.5185,6279479.22
2019-05-14,5.5187,6.2174,5.5001,5.9992,11014439.83
2019-05-15,6.0007,6.5464,5.95,6.4644,6195112.33
2019-05-16,6.4628,6.8995,6.2036,6.4948,12660869.17
2019-05-17,6.4941,6.5761,5.7086,6.0353,14700468.56
2019-05-18,6.0343,6.08,5.81,5.8813,5017000.48
2019-05-19,5.8807,6.582,5.8702,6.4581,8530699.96
2019-05-20,6.4578,6.4625,5.981,6.2144,6892479.87
2019-05-21,6.215,6.36,6.0744,6.2589,4827968.92
2019-05-22,6.2561,6.3413,5.7839,5.9285,6061932.3
2019-05-23,5.9289,6.1,5.7227,6.0157,4244266.89
2019-05-24,6.0178,6.5974,5.9624,6.4064,7148160.67
2019-05-25,6.4066,6.5407,6.2511,6.3603,4550757.26
2019-05-26,6.3579,6.9727,6.2001,6.8511,6722716.09
2019-05-27,6.8538,8.22,6.7941,7.9944,16433129.5
2019-05-28,7.9985,8.2196,7.6148,8.075,12393464.9
2019-05-29,8.0753,8.2535,7.51,7.9658,8601476.01
2019-05-30,7.9672,8.4942,6.8678,7.3,19447140.11
2019-05-31,7.3,8.6903,7.1814,8.5645,17867584.79
2019-06-01,8.5618,8.6389,7.437,7.7027,18849766.98
2019-06-02,7.7087,7.982,7.4588,7.7188,11897278.17
2019-06-03,7.7229,7.731,6.5884,6.6926,15539352.35
2019-06-04,6.6911,6.8907,6.02,6.2943,18008532.69
2019-06-05,6.2961,6.525,6.1353,6.419,10145734.87
2019-06-06,6.4182,6.4602,5.9251,6.3602,8420899.77
2019-06-07,6.3581,6.78,6.2902,6.6195,7060072.68
2019-06-08,6.6196,6.7,6.1849,6.3408,4999853.42
2019-06-09,6.3408,6.4803,5.9505,6.139,6342921.01
2019-06-10,6.1389,6.49,6.0351,6.4258,6632432.91
2019-06-11,6.4253,6.4799,6.1282,6.3132,5150171.36
2019-06-12,6.3133,6.46,6.2,6.4217,5561414.58
2019-06-13,6.4193,6.6296,6.31,6.4591,6501066.84
2019-06-14,6.4572,6.55,6.3373,6.5401,4874547.29
2019-06-15,6.54,6.9456,6.5171,6.8838,5735284.85
2019-06-16,6.8837,7.188,6.7811,6.9703,7683784.05
2019-06-17,6.9703,7.23,6.9442,7.1247,6057508.13
2019-06-18,7.1281,7.1499,6.6366,6.7857,5747975.05
2019-06-19,6.7824,6.9653,6.7473,6.8543,3062443.95
2019-06-20,6.8574,6.8944,6.6644,6.8277,3830065.3
2019-06-21,6.8291,7.122,6.77,7.0377,6706235.5
2019-06-22,7.0339,7.5953,6.951,7.5049,12185410.18
2019-06-23,7.5069,7.6497,7.1701,7.2712,6323886.37
2019-06-24,7.2705,7.2734,7.0368,7.2559,4507862.77
2019-06-25,7.2541,7.3083,6.9618,7.1726,5149908.78
2019-06-26,7.1736,7.4475,6.1,6.8096,16934720.29
2019-06-27,6.8082,6.8557,5.6329,5.9663,20215677.51
2019-06-28,5.9742,6.2918,5.7625,6.2182,12172080.98
2019-06-29,6.2206,6.3915,5.9566,6.3302,7403462.75
2019-06-30,6.3282,6.3966,5.6894,5.7926,8043978.96
2019-07-01,5.7949,6.0764,5.5504,6.0488,10552912.83
2019-07-02,6.0515,6.15,5.5813,5.8957,10062396.68
2019-07-03,5.8975,6.0972,5.8,6.0405,7260751.63
2019-07-04,6.0422,6.0581,5.655,5.7166,5600735.95
2019-07-05,5.7164,5.89,5.6766,5.7431,4258687.64
2019-07-06,5.7417,5.9713,5.699,5.7692,4080213.29
2019-07-07,5.7691,6.0231,5.745,5.9278,2781359.82
2019-07-08,5.9278,5.985,5.8173,5.9385,3686162.35
2019-07-09,5.9392,6.0254,5.8272,5.8859,4985903.78
2019-07-10,5.8862,5.9184,5.0317,5.2682,13969485.37
2019-07-11,5.2676,5.2698,4.3835,4.6868,17980551.11
2019-07-12,4.6862,4.8701,4.5883,4.7867,8803293.65
2019-07-13,4.7887,4.83,4.5585,4.7492,6192644.18
2019-07-14,4.75,4.7712,4.0469,4.1,9790162.57
2019-07-15,4.1003,4.4304,3.9643,4.2931,10938591.71
2019-07-16,4.2893,4.36,3.3402,3.6601,17659083.76
2019-07-17,3.6667,4.1189,3.5155,3.827,13930817.91
2019-07-18,3.8312,4.2323,3.7412,4.1013,9895495.37
2019-07-19,4.0993,4.15,3.78,4.0366,5244507.99
2019-07-20,4.0399,4.4752,3.9951,4.2983,6169265.44
2019-07-21,4.3007,4.3504,4.15,4.3288,4392552.39
2019-07-22,4.3291,4.4156,3.9467,4.1257,4684268.8
2019-07-23,4.1242,4.2775,3.9505,4.1526,5129859.62
2019-07-24,4.15,4.6469,3.9912,4.5874,9920069.86
2019-07-25,4.5827,4.7081,4.4313,4.5663,6397651.96
2019-07-26,4.5664,4.7055,4.4133,4.6156,4483882.36
2019-07-27,4.6101,4.7572,4.166,4.2748,7565969.92
2019-07-28,4.2752,4.3493,3.8877,4.2807,4693129.83
2019-07-29,4.2773,4.3963,4.1,4.2103,4833909.63
2019-07-30,4.2108,4.3,4.1225,4.1959,3029179.81
2019-07-31,4.1959,4.4407,4.1862,4.417,2632887.92
2019-08-01,4.4196,4.4472,4.1937,4.2991,3026872.22
2019-08-02,4.2993,4.3456,4.0347,4.1801,3965253.06
2019-08-03,4.1818,4.3715,4.1682,4.2923,2687301.01
2019-08-04,4.2922,4.3109,4.1634,4.214,1959217.45
2019-08-05,4.2161,4.5771,4.2142,4.4604,4535570.48
2019-08-06,4.4611,4.5,4.051,4.1903,5237365.75
2019-08-07,4.1904,4.3,4.132,4.2224,3164784.11
2019-08-08,4.2235,4.2351,4.0801,4.17,2304702.96
2019-08-09,4.1689,4.1789,3.7858,3.9053,4202931.27
2019-08-10,3.9072,4.14,3.8599,4.0644,4280759.33
2019-08-11,4.0635,4.2617,4.0605,4.2028,3259239.13
2019-08-12,4.2025,4.2093,4.0655,4.13,1457267.02
2019-08-13,4.13,4.1421,3.96,4.0819,4007334.88
2019-08-14,4.0843,4.1308,3.5714,3.6716,6904682.73
2019-08-15,3.6718,3.7296,3.5035,3.6226,3495641.99
2019-08-16,3.6212,3.6687,3.4673,3.58,3817287.3
2019-08-17,3.5801,3.6125,3.485,3.5627,1547028.72
2019-08-18,3.563,3.7641,3.5103,3.6925,2263105.26
2019-08-19,3.6901,3.8152,3.6342,3.7179,2509738.32
2019-08-20,3.7198,3.7247,3.59,3.675,1546465.45
2019-08-21,3.6755,3.6832,3.3474,3.512,3645880.14
2019-08-22,3.5122,3.7115,3.4513,3.6349,3370938.04
2019-08-23,3.6356,3.7884,3.5976,3.6706,2905491.64
2019-08-24,3.6706,3.6831,3.5398,3.6617,1921306.47
2019-08-25,3.6607,3.7,3.4638,3.551,2557268.54
2019-08-26,3.5507,3.6936,3.5393,3.5842,2532450.37
2019-08-27,3.5847,3.5947,3.4858,3.5487,1219325.77
2019-08-28,3.5503,3.5609,3.1163,3.254,5842844.14
2019-08-29,3.2544,3.268,3.05,3.1994,3636560.57
2019-08-30,3.1996,3.29,3.1597,3.215,2313507.82
2019-08-31,3.2138,3.4099,3.186,3.3195,2188912.43
2019-09-01,3.3195,3.3399,3.0882,3.2562,2856141.8
2019-09-02,3.2572,3.3798,3.2101,3.319,2981312.68
2019-09-03,3.3188,3.4626,3.2864,3.3498,4785784.48
2019-09-04,3.3511,3.3626,3.265,3.3041,2687490.42
2019-09-05,3.3034,3.3297,3.1935,3.2664,2629192.77
2019-09-06,3.2654,3.3892,3.1,3.2113,5418898.41
2019-09-07,3.2108,3.671,3.1919,3.5612,7785102.96
2019-09-08,3.5601,3.8388,3.5,3.78,9357345.04
2019-09-09,3.7817,3.9497,3.6096,3.8761,11264977.34
2019-09-10,3.8746,3.92,3.652,3.7742,8561940.48
2019-09-11,3.7741,3.8137,3.6425,3.7523,6747120.2
2019-09-12,3.752,3.7887,3.6681,3.7416,3620854.67
2019-09-13,3.7411,3.7486,3.6708,3.7215,3687967.4
2019-09-14,3.7216,4.1,3.6845,4.0209,7865089.48
2019-09-15,4.0211,4.15,4.0,4.0763,5968283.03
2019-09-16,4.0745,4.1494,3.936,4.0827,7717813.73
2019-09-17,4.0816,4.2341,4.017,4.0641,7723520.53
2019-09-18,4.0615,4.1693,4.0449,4.0782,7001976.54
2019-09-19,4.0787,4.0873,3.8053,3.9582,8883092.96
2019-09-20,3.9575,4.038,3.827,4.01,4574181.28
2019-09-21,4.0099,4.0731,3.9526,3.999,4953569.98
2019-09-22,3.9982,4.0075,3.712,3.8122,4716951.93
2019-09-23,3.8122,3.8778,3.6588,3.6923,6158951.67
2019-09-24,3.6906,3.7216,2.4212,2.7622,38228548.58
2019-09-25,2.7625,2.9827,2.6886,2.8663,22387190.17
2019-09-26,2.8689,2.8697,2.5881,2.7812,19015915.91
2019-09-27,2.7815,2.8835,2.686,2.8297,10140083.14
2019-09-28,2.8296,2.8713,2.7737,2.8291,5051505.0
2019-09-29,2.8289,2.8403,2.671,2.7779,4952077.37
2019-09-30,2.7781,3.0335,2.7183,2.9636,8137510.21
2019-10-01,2.9636,3.1213,2.8536,2.9357,9222307.12
2019-10-02,2.9339,3.0394,2.8847,3.0008,4433582.55
2019-10-03,3.0008,3.0143,2.81,2.927,4676899.69
2019-10-04,2.9269,3.0847,2.865,3.0018,5857503.26
2019-10-05,3.0002,3.0396,2.9188,2.9875,4335884.85
2019-10-06,2.9898,2.9978,2.845,2.9058,4576544.17
2019-10-07,2.9067,3.2559,2.8934,3.1759,9853859.27
2019-10-08,3.1765,3.2496,3.1056,3.1577,4984869.86
2019-10-09,3.1568,3.31,3.1096,3.2351,8251520.04
2019-10-10,3.2333,3.2453,3.0244,3.1053,7473057.61
2019-10-11,3.1057,3.2,3.027,3.0594,8675517.97
2019-10-12,3.0601,3.1464,3.0373,3.0655,4917439.38
2019-10-13,3.0645,3.1372,3.0389,3.1027,4323540.89
2019-10-14,3.1017,3.2,3.0903,3.1634,5222661.53
2019-10-15,3.1632,3.1707,2.8058,2.9619,8486873.65
2019-10-16,2.962,2.985,2.845,2.9241,6030571.37
2019-10-17,2.9234,2.9742,2.88,2.9473,3979587.96
2019-10-18,2.9476,2.9525,2.7,2.8782,7459593.53
2019-10-19,2.879,2.926,2.8289,2.8678,4462418.53
2019-10-20,2.8685,2.9417,2.8134,2.9225,4299828.88
2019-10-21,2.9225,2.974,2.8591,2.9185,4164497.05
2019-10-22,2.9199,3.0269,2.85,2.892,6721532.73
2019-10-23,2.8918,2.9085,2.533,2.7158,12615241.25
2019-10-24,2.7156,2.7806,2.6486,2.7217,6387068.19
2019-10-25,2.7216,3.3323,2.716,3.1771,20518259.45
2019-10-26,3.1776,3.55,2.985,3.1339,26618243.21
2019-10-27,3.1338,3.4898,3.0663,3.3281,18393829.15
2019-10-28,3.3288,3.5469,3.2449,3.2822,15629480.04
2019-10-29,3.2818,3.46,3.2734,3.4022,9541450.73
2019-10-30,3.4028,3.4215,3.1814,3.2672,8279459.56
2019-10-31,3.2677,3.3293,3.1552,3.2531,7081695.84
2019-11-01,3.2545,3.39,3.1994,3.3419,6616219.42
2019-11-02,3.342,3.3781,3.2917,3.3221,4116286.28
2019-11-03,3.3222,3.3402,3.1827,3.2702,3601852.87
2019-11-04,3.2707,3.4984,3.2377,3.438,9847237.14
2019-11-05,3.438,3.6886,3.4031,3.618,11862081.71
2019-11-06,3.6155,3.6771,3.5411,3.6039,7558142.58
2019-11-07,3.6064,3.6345,3.423,3.4661,7090156.55
2019-11-08,3.4677,3.5538,3.3282,3.4114,8143795.07
2019-11-09,3.41,3.5042,3.4048,3.488,3548863.29
2019-11-10,3.4905,3.67,3.4491,3.5828,6479819.98
2019-11-11,3.5824,3.5984,3.4049,3.4372,5105031.36
2019-11-12,3.4377,3.5244,3.3802,3.4824,6593303.19
2019-11-13,3.483,3.4922,3.417,3.4714,4123933.86
2019-11-14,3.4694,3.48,3.3296,3.3953,4381838.39
2019-11-15,3.3948,3.503,3.2811,3.3334,7669539.7
2019-11-16,3.3334,3.402,3.3163,3.3736,2701799.6
2019-11-17,3.3733,3.4413,3.316,3.3958,3887655.66
2019-11-18,3.3968,3.4013,3.0179,3.181,9215243.31
2019-11-19,3.1801,3.1974,3.02,3.12,9446196.27
2019-11-20,3.1211,3.155,3.049,3.0805,6671828.73
2019-11-21,3.0805,3.1199,2.7378,2.8184,12397552.7
2019-11-22,2.8187,2.8457,2.45,2.6127,23716364.58
2019-11-23,2.6136,2.7042,2.5581,2.6755,9045674.22
2019-11-24,2.677,2.6847,2.355,2.4115,13216373.12
2019-11-25,2.4129,2.6177,2.3307,2.518,16105065.42
2019-11-26,2.5182,2.6372,2.5157,2.6113,8901454.41
2019-11-27,2.61,2.7442,2.4865,2.6793,11937329.17
2019-11-28,2.6786,2.6965,2.5942,2.6237,5777457.59
2019-11-29,2.6235,2.8278,2.619,2.7921,7619661.15
2019-11-30,2.7921,2.8182,2.712,2.7479,5427846.98
2019-12-01,2.7472,2.8559,2.6572,2.7737,7903879.51
2019-12-02,2.772,2.7926,2.64,2.6736,6764047.22
2019-12-03,2.6734,2.74,2.647,2.6944,3808248.25
2019-12-04,2.6944,2.788,2.5586,2.6268,9969311.25
2019-12-05,2.6263,2.7046,2.6169,2.6829,5983778.39
2019-12-06,2.6823,2.7437,2.6573,2.7249,4966177.0
2019-12-07,2.7241,2.7555,2.7058,2.7209,2008684.24
2019-12-08,2.7201,2.7848,2.6904,2.7401,2340671.54
2019-12-09,2.7413,2.7516,2.611,2.657,4861073.37
2019-12-10,2.6559,2.6697,2.5725,2.6009,3151205.56
2019-12-11,2.6012,2.6213,2.545,2.5767,3213979.64
2019-12-12,2.5772,2.6163,2.5099,2.5825,4791852.58
2019-12-13,2.5829,2.6437,2.5682,2.6254,3390479.45
2019-12-14,2.6254,2.6304,2.5393,2.5645,3422522.06
2019-12-15,2.5657,2.5969,2.5366,2.5631,2271841.77
2019-12-16,2.5624,2.5659,2.2905,2.3688,9489180.19
2019-12-17,2.3687,2.3697,2.1428,2.1948,11737833.23
2019-12-18,2.1936,2.5289,2.1594,2.4597,13542945.82
2019-12-19,2.4579,2.5006,2.3989,2.4507,5808065.33
2019-12-20,2.45,2.547,2.4197,2.4849,4827023.19
2019-12-21,2.4884,2.4884,2.4258,2.4421,2201093.63
2019-12-22,2.4415,2.55,2.4364,2.5344,3414918.35
2019-12-23,2.5353,2.6041,2.4956,2.5136,5384995.44
2019-12-24,2.5137,2.5724,2.4773,2.542,4725177.63
2019-12-25,2.542,2.5481,2.4422,2.4801,3252232.09
2019-12-26,2.4803,2.65,2.4636,2.5169,5192212.05
2019-12-27,2.5165,2.5961,2.5062,2.5712,3833782.79
2019-12-28,2.5717,2.6681,2.5688,2.6283,4245780.0
2019-12-29,2.6283,2.7178,2.616,2.6859,3118601.15
2019-12-30,2.6861,2.7214,2.6003,2.6263,3684736.98
2019-12-31,2.6271,2.6526,2.5653,2.5833,2756881.48
2020-01-01,2.5837,2.6387,2.5763,2.6039,1836547.86
2020-01-02,2.6038,2.6098,2.4193,2.4593,4635138.96
2020-01-03,2.4594,2.6649,2.4303,2.6396,8349336.65
2020-01-04,2.6425,2.664,2.6168,2.6481,3575786.02
2020-01-05,2.648,2.7759,2.6461,2.6865,5235082.22
2020-01-06,2.6845,2.8602,2.6786,2.8506,7959989.44
2020-01-07,2.8506,2.889,2.7537,2.8459,8735473.69
2020-01-08,2.846,2.9692,2.7093,2.7751,12411099.37
2020-01-09,2.7759,2.7992,2.6925,2.7432,5052407.98
2020-01-10,2.7433,3.0054,2.65,2.9866,10802467.81
2020-01-11,2.9873,3.13,2.9351,2.9901,7763134.27
2020-01-12,2.9893,3.216,2.9335,3.2107,7411556.8
2020-01-13,3.2086,3.2106,3.0664,3.1049,5829335.13
2020-01-14,3.1048,4.08,3.1036,3.81,24830202.41
2020-01-15,3.81,3.9499,3.57,3.7675,18024689.4
2020-01-16,3.7695,3.9527,3.5243,3.8376,14724773.27
2020-01-17,3.8374,4.0786,3.7402,3.9038,19702658.83
2020-01-18,3.9042,4.0086,3.7037,3.8049,12576001.05
2020-01-19,3.8062,3.9414,3.4219,3.6115,12239661.44
2020-01-20,3.6133,3.7046,3.486,3.62,8084930.13
2020-01-21,3.6177,3.6916,3.5526,3.6527,6046161.61
2020-01-22,3.6544,3.7471,3.5861,3.654,5798540.24
2020-01-23,3.6533,3.6558,3.4936,3.5706,7019679.24
2020-01-24,3.5731,3.7039,3.3524,3.6345,8757294.59
2020-01-25,3.6344,3.637,3.4921,3.498,5119668.04
2020-01-26,3.4967,3.6666,3.4308,3.6486,6009232.41
2020-01-27,3.65,4.0596,3.6451,3.9647,11268425.52
2020-01-28,3.9618,4.1325,3.871,4.0412,12083323.83
2020-01-29,4.0408,4.1196,3.9556,3.9674,9832312.06
2020-01-30,3.9666,4.4,3.8907,4.3236,13114919.09
2020-01-31,4.3258,4.372,4.0222,4.1444,11211276.99
2020-02-01,4.1462,4.2649,4.0662,4.1531,7180598.14
2020-02-02,4.1546,4.3359,4.0435,4.2145,8252622.28
2020-02-03,4.2146,4.3756,4.1377,4.2027,8039733.68
2020-02-04,4.202,4.2708,4.0619,4.2306,6737639.29
2020-02-05,4.2307,4.5899,4.1758,4.5284,9824719.86
2020-02-06,4.5282,4.6755,4.4349,4.6038,9275897.45
2020-02-07,4.6001,4.7046,4.5148,4.5898,6853685.43
2020-02-08,4.5898,4.85,4.43,4.762,8079917.08
2020-02-09,4.7635,5.0463,4.7606,5.0111,8260536.45
2020-02-10,5.0068,5.045,4.7373,4.8986,9467467.46
2020-02-11,4.8959,5.3025,4.7925,5.2449,9187999.0
2020-02-12,5.2448,5.4622,5.24,5.3307,10153814.34
2020-02-13,5.334,5.4996,5.18,5.3607,11442756.38
2020-02-14,5.3634,5.4473,5.2339,5.3747,7266083.37
2020-02-15,5.376,5.3928,4.5066,4.7429,17939929.8
2020-02-16,4.7414,4.8611,4.0357,4.3812,22428937.94
2020-02-17,4.3781,4.4139,4.0285,4.3521,21497163.67
2020-02-18,4.3526,4.65,4.2504,4.5793,13137220.63
2020-02-19,4.5817,4.608,3.5991,3.9752,14361795.23
2020-02-20,3.9753,4.0624,3.7955,3.9963,18312077.01
2020-02-21,3.9953,4.1944,3.9483,4.0509,12343738.22
2020-02-22,4.0517,4.1589,3.9718,4.1004,7856751.88
2020-02-23,4.1002,4.4043,4.0845,4.3778,9517629.77
2020-02-24,4.3775,4.401,3.907,4.1221,15582623.29
2020-02-25,4.1221,4.2366,3.8996,4.0778,18727166.32
2020-02-26,4.0775,4.1104,3.2801,3.5344,29870705.38
2020-02-27,3.5365,3.7334,3.3867,3.6183,17337189.86
2020-02-28,3.617,3.6828,3.35,3.5136,14911636.49
2020-02-29,3.5132,3.6574,3.4961,3.5105,8261752.51
2020-03-01,3.5105,3.6528,3.4177,3.5075,9440171.53
2020-03-02,3.507,3.7596,3.4875,3.7133,9913563.68
2020-03-03,3.7134,3.7142,3.553,3.6233,8166660.46
2020-03-04,3.6237,3.6707,3.5187,3.5908,5970676.88
2020-03-05,3.5914,3.839,3.5906,3.7626,7663167.45
2020-03-06,3.7625,3.86,3.71,3.8345,5886072.58
2020-03-07,3.8343,3.8436,3.6154,3.6409,4905628.24
2020-03-08,3.6411,3.6411,2.9872,3.0435,17852278.09
2020-03-09,3.0443,3.1647,2.8482,3.0612,21487400.08
2020-03-10,3.06,3.1515,2.9935,3.0729,11642622.34
2020-03-11,3.0721,3.1168,2.8447,3.0661,11158701.97
2020-03-12,3.0663,3.0816,1.6998,1.7656,53123027.04
2020-03-13,1.7659,2.2328,1.3586,2.11,97392643.33
2020-03-14,2.11,2.1272,1.9292,1.958,23799686.69
2020-03-15,1.9576,2.1501,1.9384,2.0447,19776385.65
2020-03-16,2.0433,2.049,1.7174,1.8937,38934931.94
2020-03-17,1.8956,2.0307,1.8674,1.9684,20259585.49
2020-03-18,1.9671,2.0076,1.8709,1.9989,17198139.7
2020-03-19,1.9986,2.3975,1.9687,2.2767,20836190.12
2020-03-20,2.2753,2.5198,1.912,2.2029,35332072.26
2020-03-21,2.2033,2.3567,2.1065,2.2735,21086684.76
2020-03-22,2.2736,2.3907,2.1101,2.1344,19793538.85
2020-03-23,2.1343,2.338,2.063,2.2856,18154476.8
2020-03-24,2.2859,2.3758,2.2701,2.3439,13129386.45
2020-03-25,2.3442,2.37,2.23,2.2965,10901104.58
2020-03-26,2.2962,2.343,2.2608,2.3236,8826424.43
2020-03-27,2.3236,2.3683,2.156,2.1928,11898230.17
2020-03-28,2.1927,2.2383,2.0883,2.1996,12971266.8
2020-03-29,2.1995,2.2153,2.0995,2.1133,6945675.02
2020-03-30,2.1145,2.2776,2.1083,2.2269,9213390.27
2020-03-31,2.2269,2.2549,2.1842,2.2086,6840046.38
2020-04-01,2.209,2.2996,2.1324,2.2549,10421324.16
2020-04-02,2.255,2.4968,2.2475,2.2895,14720028.78
2020-04-03,2.29,2.3842,2.2672,2.3325,9487365.97
2020-04-04,2.3332,2.4034,2.2836,2.3559,8091416.27
2020-04-05,2.3567,2.3932,2.3154,2.3505,5086467.89
2020-04-06,2.3505,2.7698,2.35,2.7586,18776683.66
2020-04-07,2.7581,2.8253,2.5513,2.6332,15227854.46
2020-04-08,2.6333,2.7934,2.5847,2.7486,12807806.68
2020-04-09,2.7486,2.7597,2.68,2.7239,5851815.51
2020-04-10,2.7244,2.7463,2.4116,2.4916,13460224.33
2020-04-11,2.4919,2.5478,2.4213,2.5083,6404505.02
2020-04-12,2.508,2.5897,2.4546,2.498,6693663.05
2020-04-13,2.4972,2.4981,2.3412,2.4424,12268623.04
2020-04-14,2.4425,2.5025,2.4145,2.4655,5434530.58
2020-04-15,2.4652,2.5007,2.39,2.4015,6864780.21
2020-04-16,2.4015,2.7175,2.3318,2.6569,16562800.57
2020-04-17,2.6556,2.6723,2.5784,2.6129,7847106.34
2020-04-18,2.6125,2.7639,2.6112,2.7265,7749674.53
2020-04-19,2.7266,2.7347,2.5366,2.598,11326662.86
2020-04-20,2.5972,2.7061,2.4363,2.5077,16422468.97
2020-04-21,2.5065,2.5692,2.4778,2.5211,8396116.94
2020-04-22,2.5211,2.6521,2.5056,2.6224,6242501.85
2020-04-23,2.6235,2.762,2.5765,2.6811,9406687.72
2020-04-24,2.6809,2.7379,2.66,2.7068,8040719.79
2020-04-25,2.7068,2.8088,2.64,2.7024,8874935.88
2020-04-26,2.7012,2.7827,2.6728,2.7375,8182933.2
2020-04-27,2.7375,2.8172,2.6801,2.743,12013467.24
2020-04-28,2.743,2.7747,2.6874,2.7614,8622299.02
2020-04-29,2.7609,3.089,2.7551,3.0059,21932316.85
2020-04-30,3.0058,3.1187,2.7477,2.822,19748582.59
2020-05-01,2.8208,2.9296,2.8195,2.8731,8743612.12
2020-05-02,2.8733,2.9485,2.8518,2.9396,6565534.1
2020-05-03,2.9397,3.01,2.7666,2.8387,10310737.04
2020-05-04,2.8384,2.8456,2.6268,2.7687,11585090.53
2020-05-05,2.7692,2.8269,2.7129,2.7706,6468637.44
2020-05-06,2.7698,2.8191,2.6203,2.6522,8130545.08
2020-05-07,2.6522,2.7956,2.5911,2.7572,13462500.24
2020-05-08,2.7573,2.8245,2.6988,2.7518,9488473.4
2020-05-09,2.7521,2.8373,2.7306,2.7516,9218218.11
2020-05-10,2.7516,2.7554,2.2779,2.4434,20142604.27
2020-05-11,2.4435,2.4941,2.267,2.3978,12927072.96
2020-05-12,2.3969,2.4687,2.3938,2.441,7380068.29
2020-05-13,2.4409,2.5577,2.4226,2.5245,7231895.13
2020-05-14,2.5245,2.6515,2.4682,2.6228,11035900.08
2020-05-15,2.6228,2.6639,2.5342,2.5855,11749481.59
2020-05-16,2.5853,2.6837,2.57,2.6361,9973391.3
2020-05-17,2.6362,2.672,2.5931,2.6205,6915989.58
2020-05-18,2.62,2.7486,2.6073,2.6653,11147526.81
2020-05-19,2.6652,2.6683,2.5606,2.6543,7462912.25
2020-05-20,2.653,2.6772,2.5055,2.597,10300961.15
2020-05-21,2.5975,2.6166,2.4059,2.4621,8360653.16
2020-05-22,2.4622,2.6466,2.4408,2.5948,9743621.95
2020-05-23,2.5946,2.6222,2.5436,2.5631,6936985.45
2020-05-24,2.5626,2.6118,2.4855,2.4879,8109723.79
2020-05-25,2.4887,2.5479,2.4475,2.5296,5026473.13
2020-05-26,2.5304,2.5364,2.4568,2.5034,4352859.12
2020-05-27,2.5033,2.577,2.4995,2.5715,5427168.83
2020-05-28,2.5714,2.6194,2.5183,2.612,5577593.35
2020-05-29,2.6113,2.6692,2.5889,2.6144,5998494.71
2020-05-30,2.6147,2.7806,2.5969,2.7715,8054685.59
2020-05-31,2.7717,2.7742,2.6476,2.6731,8793367.4
2020-06-01,2.6722,2.83,2.6624,2.8214,9842934.56
2020-06-02,2.8214,2.8939,2.575,2.6756,13945544.07
2020-06-03,2.6748,2.7098,2.6328,2.6958,6620031.17
2020-06-04,2.6958,2.7483,2.6625,2.7203,6329555.25
2020-06-05,2.7201,2.8703,2.7068,2.8143,9928226.04
2020-06-06,2.8137,2.8461,2.7703,2.7982,6954722.69
2020-06-07,2.7986,2.8288,2.7313,2.8098,6966955.95
2020-06-08,2.8101,2.8174,2.7521,2.7878,5806942.68
2020-06-09,2.788,2.8006,2.685,2.7505,6652406.87
2020-06-10,2.7505,2.7899,2.7055,2.7568,5910175.94
2020-06-11,2.7562,2.7737,2.4251,2.5146,11340411.32
2020-06-12,2.5146,2.6239,2.4876,2.597,6357355.39
2020-06-13,2.597,2.62,2.5521,2.6042,3760241.26
2020-06-14,2.6055,2.6071,2.5237,2.5681,3725316.31
2020-06-15,2.568,2.5703,2.41,2.532,7697502.48
2020-06-16,2.5317,2.5647,2.5214,2.5539,4326837.91
2020-06-17,2.554,2.6067,2.5173,2.5678,6091826.14
2020-06-18,2.5685,2.5756,2.4956,2.5364,4359298.21
2020-06-19,2.536,2.5539,2.5015,2.5254,4672218.85
2020-06-20,2.5253,2.58,2.415,2.5362,5184300.27
2020-06-21,2.5362,2.5529,2.5066,2.514,3712205.79
2020-06-22,2.5137,2.605,2.5103,2.5862,6506047.56
2020-06-23,2.5853,2.5967,2.556,2.5714,4782427.35
2020-06-24,2.5713,2.5976,2.4564,2.502,7256521.58
2020-06-25,2.5016,2.5339,2.4325,2.4799,4596650.78
2020-06-26,2.4798,2.5156,2.3902,2.481,6754320.83
2020-06-27,2.481,2.4848,2.1945,2.3318,8648158.36
2020-06-28,2.3318,2.4019,2.3033,2.3668,4730178.81
2020-06-29,2.3665,2.4179,2.325,2.38,6438745.88
2020-06-30,2.38,2.389,2.342,2.368,3473008.49
2020-07-01,2.368,2.4026,2.355,2.3773,5457636.81
2020-07-02,2.378,2.387,2.303,2.3576,6918758.29
2020-07-03,2.358,2.4535,2.3495,2.4156,7833952.13
2020-07-04,2.4152,2.4975,2.4104,2.4599,6960525.36
2020-07-05,2.4595,2.471,2.3209,2.4072,7043578.91
2020-07-06,2.4073,2.6408,2.4002,2.6106,10564718.47
2020-07-07,2.6102,2.6274,2.5217,2.5589,7191106.16
2020-07-08,2.5592,2.7042,2.5398,2.6799,12305221.06
2020-07-09,2.6797,2.7269,2.5784,2.6504,11451467.32
2020-07-10,2.649,2.6498,2.5717,2.6221,6882737.22
2020-07-11,2.6219,2.641,2.5877,2.6194,5558764.17
2020-07-12,2.6195,2.6589,2.5602,2.6171,5957196.31
2020-07-13,2.6173,2.6464,2.4407,2.553,10436749.45
2020-07-14,2.5529,2.5761,2.5023,2.5592,5667056.79
2020-07-15,2.5589,2.5675,2.5056,2.5365,4751008.56
2020-07-16,2.5372,2.5595,2.4301,2.4999,6221059.99
2020-07-17,2.5007,2.5244,2.473,2.4949,3728663.25
2020-07-18,2.4953,2.5237,2.48,2.5026,3104973.62
2020-07-19,2.5023,2.6112,2.467,2.5845,6845332.38
2020-07-20,2.5848,2.6117,2.5323,2.5618,6607702.95
2020-07-21,2.562,2.6325,2.5549,2.6232,6314726.35
2020-07-22,2.6234,2.6662,2.5787,2.6574,6033633.94
2020-07-23,2.6575,2.6892,2.6242,2.6526,7589367.79
2020-07-24,2.6531,2.6531,2.565,2.5949,6517615.19
2020-07-25,2.595,2.745,2.592,2.7289,11334947.78
2020-07-26,2.7288,2.8016,2.6776,2.7121,13592403.88
2020-07-27,2.7117,2.9252,2.6075,2.8472,22237853.42
2020-07-28,2.8465,3.0799,2.7719,2.9941,20491937.77
2020-07-29,2.9943,3.147,2.949,3.0233,17078561.24
2020-07-30,3.0231,3.0997,2.9553,3.047,12145172.09
2020-07-31,3.047,3.1425,3.0101,3.0932,9313256.47
2020-08-01,3.0933,3.3236,3.0701,3.3038,17448951.59
2020-08-02,3.3048,3.4921,2.5435,2.9441,33567591.83
2020-08-03,2.9447,3.123,2.901,3.0449,16215568.45
2020-08-04,3.0452,3.1032,2.95,3.0363,13305738.88
2020-08-05,3.0371,3.1,3.0,3.0545,11354216.96
2020-08-06,3.0557,3.198,2.9985,3.089,15127582.9
2020-08-07,3.089,3.25,2.7612,3.0104,21168469.78
2020-08-08,3.0103,3.0906,2.9727,3.0649,8406246.72
2020-08-09,3.0652,3.084,2.9293,3.0272,8252484.74
2020-08-10,3.0277,3.2918,2.98,3.2365,20700739.14
2020-08-11,3.2366,3.2955,2.8718,3.0048,20554907.86
2020-08-12,3.0058,3.0497,2.8877,3.0253,11784141.04
2020-08-13,3.0254,3.1448,2.9177,3.1365,13740396.49
2020-08-14,3.1365,3.2932,3.0821,3.2606,17730971.05
2020-08-15,3.2614,3.8479,3.2613,3.7228,42375306.65
2020-08-16,3.7233,3.949,3.5,3.88,37618928.36
2020-08-17,3.88,3.9177,3.6629,3.7762,25998750.48
2020-08-18,3.7761,3.82,3.4812,3.5744,22424284.02
2020-08-19,3.5761,3.6302,3.2116,3.3487,27858538.12
2020-08-20,3.3481,3.459,3.3478,3.4429,12564967.5
2020-08-21,3.4426,3.627,3.2185,3.2528,28916287.49
2020-08-22,3.2524,3.3791,3.1652,3.362,14905840.04
2020-08-23,3.3612,3.3865,3.2278,3.3212,9517140.27
2020-08-24,3.322,3.4219,3.2844,3.3854,10293165.72
2020-08-25,3.3854,3.3935,2.9595,3.1206,20089467.75
2020-08-26,3.1203,3.1673,3.0604,3.1179,12435162.0
2020-08-27,3.1179,3.148,2.8555,2.979,18780765.3
2020-08-28,2.979,3.1732,2.9379,3.1159,13616152.81
2020-08-29,3.1159,3.2049,3.0834,3.126,8739078.98
2020-08-30,3.1263,3.2733,3.1254,3.2614,10985380.16
2020-08-31,3.2615,3.2948,3.1915,3.2081,9813255.36
2020-09-01,3.2081,3.5497,3.1517,3.4724,18258233.6
2020-09-02,3.4705,3.4982,2.8773,3.1016,30237981.7
2020-09-03,3.102,3.1584,2.4909,2.6133,37791737.28
2020-09-04,2.6138,3.2421,2.5788,2.9948,58003354.44
2020-09-05,2.9948,3.1506,2.7733,2.9387,57832664.28
2020-09-06,2.9391,3.0335,2.8101,2.9024,20449007.58
2020-09-07,2.9025,2.9393,2.6595,2.852,20516121.64
2020-09-08,2.8536,2.8594,2.6707,2.7622,17445846.31
2020-09-09,2.762,2.8134,2.6966,2.7514,10566139.48
2020-09-10,2.7514,2.8419,2.7377,2.7767,11796591.11
2020-09-11,2.7759,2.8214,2.7171,2.7846,10953743.36
2020-09-12,2.785,2.8288,2.741,2.8052,7893987.78
2020-09-13,2.8046,2.8269,2.6726,2.7249,10904326.97
2020-09-14,2.7249,2.764,2.6854,2.7317,8910182.7
2020-09-15,2.731,2.7814,2.6976,2.7034,10931677.27
2020-09-16,2.7036,2.7492,2.5771,2.713,13376622.27
2020-09-17,2.7124,2.7761,2.694,2.7375,10099272.94
2020-09-18,2.7375,2.75,2.6491,2.6905,9252473.72
2020-09-19,2.6905,2.7377,2.6789,2.7031,5617629.89
2020-09-20,2.7017,2.7017,2.6229,2.6715,5718243.29
2020-09-21,2.6727,2.6895,2.4897,2.5051,11704230.68
2020-09-22,2.5051,2.5849,2.4867,2.5718,6639827.21
2020-09-23,2.5719,2.5785,2.3907,2.4423,7620003.34
2020-09-24,2.4423,2.5612,2.4239,2.5337,8392178.92
2020-09-25,2.5344,2.5635,2.4629,2.5445,9169817.92
2020-09-26,2.544,2.6058,2.5051,2.5655,6104966.56
2020-09-27,2.5655,2.6011,2.5264,2.5897,6135356.97
2020-09-28,2.5897,2.6333,2.5503,2.5626,9444420.85
2020-09-29,2.5625,2.6029,2.5539,2.5995,6145092.38
2020-09-30,2.5994,2.6001,2.5556,2.5777,5077013.15
2020-10-01,2.5776,2.632,2.4861,2.5446,7519319.67
2020-10-02,2.544,2.5576,2.4132,2.4787,8132938.58
2020-10-03,2.4792,2.5017,2.4675,2.4786,3208406.62
2020-10-04,2.4777,2.5342,2.4645,2.5176,5213723.42
2020-10-05,2.5172,2.5378,2.4896,2.5257,4975314.38
2020-10-06,2.5262,2.9711,2.4858,2.6959,39521912.51
2020-10-07,2.6959,2.7167,2.5922,2.6436,19167906.5
2020-10-08,2.644,2.6539,2.4944,2.6066,14694845.07
2020-10-09,2.6065,2.6568,2.5805,2.6406,8543238.67
2020-10-10,2.6405,2.7188,2.633,2.6415,8199375.41
2020-10-11,2.6414,2.686,2.615,2.6576,6672391.34
2020-10-12,2.6574,2.6824,2.6075,2.6428,11318415.21
2020-10-13,2.6428,2.6655,2.6104,2.6383,7832610.7
2020-10-14,2.6383,2.6516,2.5804,2.6065,6416013.09
2020-10-15,2.6068,2.628,2.5824,2.5985,6105948.61
2020-10-16,2.5981,2.6108,2.4911,2.5362,9757793.36
2020-10-17,2.5378,2.5489,2.5036,2.5217,4641493.94
2020-10-18,2.5217,2.5569,2.5177,2.5459,3171318.89
2020-10-19,2.5455,2.611,2.5237,2.5819,6620719.33
2020-10-20,2.5814,2.5856,2.5007,2.5264,7665418.38
2020-10-21,2.5263,2.655,2.5215,2.6055,11791033.47
2020-10-22,2.6054,2.7045,2.6035,2.6693,9918977.68
2020-10-23,2.6694,2.6842,2.5992,2.6395,6959185.76
2020-10-24,2.6393,2.67,2.614,2.6597,3906214.81
2020-10-25,2.6594,2.738,2.6181,2.7074,6792693.84
2020-10-26,2.7072,2.7496,2.5918,2.6291,10409838.33
2020-10-27,2.6295,2.6965,2.6268,2.6739,5532423.77
2020-10-28,2.6735,2.7541,2.621,2.6524,11763103.37
2020-10-29,2.652,2.6798,2.6011,2.6387,6578696.29
2020-10-30,2.6386,2.6469,2.4035,2.5068,13459280.97
2020-10-31,2.5071,2.5665,2.4939,2.528,5946231.53
2020-11-01,2.5279,2.5406,2.4548,2.5185,4276592.54
2020-11-02,2.5186,2.5503,2.4091,2.433,8610468.71
2020-11-03,2.4332,2.4432,2.2259,2.3655,13815918.08
2020-11-04,2.3652,2.3752,2.29,2.3506,7808043.06
2020-11-05,2.3506,2.4891,2.3495,2.4464,12180086.72
2020-11-06,2.4467,2.545,2.4378,2.5349,12903400.78
2020-11-07,2.5348,2.6262,2.4463,2.4971,13337578.26
2020-11-08,2.4971,2.563,2.4827,2.5361,5149937.99
2020-11-09,2.5356,2.5588,2.4572,2.4975,6274076.91
2020-11-10,2.4975,2.5282,2.476,2.498,5413255.43
2020-11-11,2.498,2.5392,2.4919,2.4982,4874289.08
2020-11-12,2.4981,2.5041,2.432,2.4632,6988557.27
2020-11-13,2.4624,2.64,2.4553,2.5982,10104959.94
2020-11-14,2.5985,2.6108,2.4961,2.5359,6908392.65
2020-11-15,2.5359,2.5476,2.4691,2.4961,5833997.73
2020-11-16,2.4961,2.6056,2.4856,2.583,8258090.17
2020-11-17,2.5826,2.7559,2.5752,2.7162,17182505.3
2020-11-18,2.7157,2.7323,2.4476,2.6371,19787146.16
2020-11-19,2.6382,2.7,2.5594,2.6363,10989620.24
2020-11-20,2.6358,2.8286,2.6333,2.7798,18542539.88
2020-11-21,2.7802,3.2586,2.6881,3.2306,48331723.32
2020-11-22,3.2319,3.3051,2.8961,3.0633,40566393.08
2020-11-23,3.0637,3.4,2.9947,3.3789,42578449.47
2020-11-24,3.378,3.7761,3.3285,3.5987,49169188.39
2020-11-25,3.599,3.8802,3.3037,3.4247,42122344.92
2020-11-26,3.4248,3.532,2.7053,2.9522,58593382.07
2020-11-27,2.9524,3.03,2.7532,2.8734,24009942.96
2020-11-28,2.8734,3.0731,2.8202,2.9982,19030456.76
2020-11-29,2.9976,3.0986,2.9035,3.0311,16498728.74
2020-11-30,3.0321,3.282,2.9952,3.2615,25341850.19
2020-12-01,3.2599,3.34,2.9206,2.9942,27621880.93
2020-12-02,2.9942,3.0863,2.959,3.0565,11397214.15
2020-12-03,3.0563,3.1346,3.0093,3.0803,10269216.6
2020-12-04,3.0804,3.1482,2.7977,2.8456,16212208.28
2020-12-05,2.845,3.0126,2.8201,3.0079,8528184.62
2020-12-06,3.009,3.0361,2.9086,2.9969,6980771.83
2020-12-07,2.9975,3.009,2.9069,2.9491,7935160.02
2020-12-08,2.9492,2.9604,2.744,2.803,9609375.93
2020-12-09,2.8023,2.836,2.6627,2.8085,11243665.28
2020-12-10,2.8083,2.8147,2.6999,2.7401,6532215.72
2020-12-11,2.741,2.7494,2.6476,2.6938,10162517.13
2020-12-12,2.6945,2.7862,2.6782,2.7672,6975725.45
2020-12-13,2.7668,2.8999,2.7519,2.8507,10072162.97
2020-12-14,2.8505,2.8632,2.7985,2.847,6998578.65
2020-12-15,2.8471,2.9023,2.8063,2.8615,8046692.67
2020-12-16,2.8615,3.1146,2.8159,3.102,16341154.18
2020-12-17,3.1013,3.2573,2.9714,3.0416,31664479.85
2020-12-18,3.0415,3.1314,2.983,3.0594,15551156.84
2020-12-19,3.0597,3.12,3.03,3.0535,12646345.4
2020-12-20,3.0528,3.3323,3.0015,3.1361,28833397.52
2020-12-21,3.1346,3.2784,2.9021,2.9288,28585530.14
2020-12-22,2.9292,2.9539,2.771,2.898,23679544.35
2020-12-23,2.8969,2.9147,1.9964,2.3148,49781788.43
2020-12-24,2.3147,2.6922,2.2508,2.6682,42668258.77
2020-12-25,2.6673,2.7433,2.5422,2.6661,29259347.75
2020-12-26,2.6657,2.6959,2.5251,2.6128,21402740.25
2020-12-27,2.6132,2.8721,2.4773,2.7167,36340504.78
2020-12-28,2.7164,2.8941,2.685,2.7638,21818607.04
2020-12-29,2.7638,2.7937,2.5023,2.6391,22432367.24
2020-12-30,2.6406,2.6723,2.5348,2.6123,16477769.52
2020-12-31,2.6124,2.6567,2.5119,2.5911,13739882.68
2021-01-01,2.5906,2.7313,2.567,2.6378,13298192.52
2021-01-02,2.6381,2.7232,2.5627,2.6321,17549382.44
2021-01-03,2.6316,2.8444,2.5767,2.7985,34686424.89
2021-01-04,2.799,3.122,2.62,2.8191,52251721.55
2021-01-05,2.8199,2.9537,2.7104,2.8862,30181879.28
2021-01-06,2.8861,3.455,2.8474,3.3711,64001252.23
2021-01-07,3.3714,3.4488,3.05,3.1943,70175676.38
2021-01-08,3.1951,3.2531,2.9,3.1094,44115462.0
2021-01-09,3.1095,3.7391,3.0126,3.6145,67692589.97
2021-01-10,3.6141,3.922,2.85,3.0552,123377042.1
2021-01-11,3.0555,3.0696,2.3859,2.6663,110068969.12
2021-01-12,2.6692,2.7704,2.5305,2.5969,36062487.03
2021-01-13,2.5984,2.7933,2.5243,2.767,27740001.36
2021-01-14,2.7681,2.8589,2.6913,2.8089,32720798.98
2021-01-15,2.8094,2.9369,2.58,2.7566,41381415.15
2021-01-16,2.7567,2.8843,2.7056,2.777,34613368.34
2021-01-17,2.7771,2.8035,2.6804,2.764,21830570.16
2021-01-18,2.7639,2.8351,2.7021,2.8144,21835501.73
2021-01-19,2.8155,2.9272,2.782,2.7895,34691602.04
2021-01-20,2.7897,2.8234,2.656,2.7756,24136427.43
2021-01-21,2.7761,2.7832,2.4958,2.5451,26622270.07
2021-01-22,2.5442,2.6748,2.4309,2.6208,22876177.83
2021-01-23,2.6207,2.7828,2.5747,2.7028,22166538.13
2021-01-24,2.7028,2.7732,2.6461,2.7135,14726360.6
2021-01-25,2.7135,2.7671,2.6308,2.6481,14815480.94
2021-01-26,2.6483,2.6734,2.5537,2.6278,11431400.81
2021-01-27,2.6278,2.6281,2.4633,2.5001,13739860.94
2021-01-28,2.5013,2.7943,2.4736,2.709,28543070.19
2021-01-29,2.7077,2.9,2.6468,2.7232,42065679.73
2021-01-30,2.7255,3.0989,2.688,2.9319,46687724.55
2021-01-31,2.9314,3.0768,2.7947,2.9297,48808848.44
2021-02-01,2.9298,3.28,2.893,3.055,81454074.44
2021-02-02,3.0549,3.0762,2.953,2.9979,25606816.44
2021-02-03,2.9976,3.1385,2.9846,3.0665,21949660.93
2021-02-04,3.0665,3.1488,2.98,3.0226,24736829.9
2021-02-05,3.0226,3.38,3.0105,3.3128,34894929.5
2021-02-06,3.3148,3.3259,3.1333,3.2092,26168387.51
2021-02-07,3.2103,3.59,3.0251,3.44,71730948.25
2021-02-08,3.44,3.6,3.3503,3.5937,45616122.74
2021-02-09,3.5962,4.3102,3.4803,4.1631,74686340.05
2021-02-10,4.1644,4.5391,3.6333,4.126,92504279.48
2021-02-11,4.1262,4.6738,4.0,4.5833,57897957.72
2021-02-12,4.5799,4.84,4.225,4.7489,52730255.73
2021-02-13,4.7506,5.56,4.49,5.5562,77049397.8
2021-02-14,5.5502,5.6028,4.8614,5.0667,53628704.89
2021-02-15,5.0654,5.2443,4.1244,4.7148,64176584.35
2021-02-16,4.7143,4.972,4.414,4.6447,52643137.62
2021-02-17,4.6438,4.887,4.4211,4.8441,36369451.02
2021-02-18,4.8427,5.007,4.6584,4.8146,32897326.85
2021-02-19,4.815,5.3763,4.65,5.2267,51485574.3
2021-02-20,5.2265,5.4545,4.5186,4.839,51716507.01
2021-02-21,4.84,5.3655,4.7296,5.1008,40374613.6
2021-02-22,5.1008,5.3048,4.099,4.6877,78799750.21
2021-02-23,4.6883,4.7221,3.1862,3.8521,101007395.36
2021-02-24,3.8517,4.1393,3.6775,3.8892,45678448.75
2021-02-25,3.8901,4.0974,3.6238,3.6711,32728301.12
2021-02-26,3.6695,3.7699,3.4,3.5477,38391146.46
2021-02-27,3.5487,3.8398,3.5431,3.6715,24977922.66
2021-02-28,3.6724,3.6996,3.2421,3.4765,31361448.32
2021-03-01,3.4745,3.7587,3.4486,3.7049,22194068.43
2021-03-02,3.7074,3.85,3.563,3.671,25186129.94
2021-03-03,3.6703,4.0655,3.6422,3.8258,35571041.38
2021-03-04,3.8256,3.9249,3.638,3.7483,26425366.93
2021-03-05,3.749,3.7557,3.5563,3.6904,18490563.23
2021-03-06,3.6916,3.7712,3.5976,3.7207,13409844.36
2021-03-07,3.7214,3.8469,3.7154,3.831,16280416.71
2021-03-08,3.8305,3.93,3.7336,3.8981,23014527.54
2021-03-09,3.8991,4.1838,3.85,4.1673,28686527.23
2021-03-10,4.1653,4.188,3.8939,3.991,27216643.27
2021-03-11,3.9893,4.0502,3.7001,3.9532,24375977.23
2021-03-12,3.9536,3.9935,3.6734,3.7828,24719121.33
2021-03-13,3.7822,4.3863,3.6787,4.2816,28813745.27
2021-03-14,4.2827,4.3846,3.9255,3.9256,26674595.9
2021-03-15,3.9256,4.0337,3.715,3.8169,27198247.86
2021-03-16,3.8143,4.1343,3.6715,4.0661,31898121.62
2021-03-17,4.0668,4.0947,3.8542,4.0867,21834414.44
2021-03-18,4.0872,4.3269,4.0549,4.1434,29844241.14
2021-03-19,4.1443,4.267,4.026,4.1375,20296052.87
2021-03-20,4.1379,4.5,4.1239,4.3278,26162178.0
2021-03-21,4.3281,4.4179,4.1162,4.1536,26100800.89
2021-03-22,4.1538,4.3497,3.9985,4.0777,28219839.97
2021-03-23,4.0777,4.2666,4.0381,4.0899,22909573.87
2021-03-24,4.0878,4.3096,3.4544,3.6938,33240602.47
2021-03-25,3.6919,3.7817,3.5305,3.6745,28486210.88
2021-03-26,3.6723,4.1929,3.6698,4.1849,33419274.18
2021-03-27,4.1857,4.2,3.9765,4.0912,16487912.15
2021-03-28,4.0898,4.2089,4.053,4.1204,7557443.88
