time_stamp,BTC_open,BTC_close,BTC_pct,BTC_momentum,ETH_open,ETH_close,ETH_pct,ETH_momentum,UNI_open,UNI_close,UNI_pct,UNI_momentum,pos,trade_time,strategy_pct,BTC_net,ETH_net,UNI_net,strategy_net
2020-09-28,10774.26,10696.12,-0.007251548831705201,-0.021701411913413793,357.58,353.96,-0.00987440208117718,-0.07916439033273504,4.846,4.2503,-0.12288992529613263,-0.3840144927536232,UNI,2020-09-28,-0.12420559040818835,1.0,1.0,1.0,0.8757944095918117
2020-09-29,10696.11,10840.48,0.013496482836766965,-0.021674721248302276,353.91,359.79,0.01647078765962262,-0.06608695652173913,4.2475,4.3826,0.031127214549561133,-0.2344001118021103,empty,2020-09-29,0.0,1.013496482836767,1.0164707876596226,1.0311272145495611,0.8757944095918117
2020-09-30,10840.58,10776.59,-0.005893650465662037,-0.013158087521565442,359.78,359.83,0.00011117596375642691,-0.03021237602414839,4.3826,4.1554,-0.05184137270113631,-0.20440359946390962,empty,,0.0,1.007523288818749,1.016583794779071,0.9776721643178129,0.8757944095918117
2020-10-01,10776.59,10619.13,-0.01461130097739649,0.01938233041060866,359.83,352.85,-0.01939804907873155,0.036696439064519915,4.1554,4.2397,0.020286855657698277,-0.0017423653787289606,empty,,0.0,0.9928020628040821,0.9968640524353035,0.9975060583958779,0.8757944095918117
2020-10-02,10619.13,10570.4,-0.004588888166921379,0.003873837682497161,352.83,345.6,-0.020546974635114124,0.004038232474361747,4.2396,3.8904,-0.08238790480458524,-0.005140007671653235,ETH,2020-10-02,-0.020546974635114124,0.9882462051659853,0.9763815120352584,0.9153236242147613,0.857799484072354
2020-10-03,10570.4,10542.06,-0.0026810716718383976,0.029351283898975344,345.6,345.95,0.0010127314814813992,0.07866674981292077,3.89,3.9041,0.0035214887929262417,-0.10865296803652968,ETH,,0.0010127314814813992,0.985596646260513,0.9773703243304328,0.9185469260993342,0.8586682046146725
2020-10-04,10542.07,10666.63,0.011816476096702111,-0.006491050937379006,345.94,352.37,0.018557595028183327,0.00974295784737933,3.9001,3.7262,-0.045567480341179856,-0.27842757552285047,ETH,,0.018557595028183327,0.9972429254720402,0.9955079670019212,0.8766910571018516,0.8746030214194889
2020-10-05,10666.62,10792.21,0.011773165470256197,0.009875854686258512,352.34,353.62,0.0035474075545591788,0.004830643328028961,3.7235,3.319,-0.10928023187161184,-0.3246515413572083,ETH,,0.0020420864432273422,1.008983631447665,0.9990394394846877,0.7808860551019927,0.8763890363927352
2020-10-06,10792.2,10599.66,-0.0178415727640584,-0.012018343493093275,353.63,340.75,-0.036395000282789414,-0.03721179927667273,3.319,2.7143,-0.18219343175655311,-0.44246569714896067,BTC,2020-10-06,-0.01931481040491223,0.9909817765694475,0.9626793988021246,0.6386137449121239,0.8594617483138658
2020-10-07,10599.65,10666.39,0.006295484949517149,-0.010010905631482547,340.8,341.58,0.0024358033749083408,-0.04450474139136762,2.7143,2.9621,0.09129425634601906,-0.3887283833422758,empty,2020-10-07,0.0,0.9972204874290863,0.9650242965306814,0.6969155118462226,0.8594617483138658
2020-10-08,10666.4,10925.57,0.024298755248964188,0.0214517039823785,341.58,350.95,0.027431348439604264,-0.008503785738501524,2.9629,3.3499,0.1309206306336721,-0.21184386984448167,empty,,0.0,1.0214517039823785,0.9914962142614985,0.7881561301555183,0.8594617483138658
2020-10-09,10925.44,11050.64,0.011447457661247773,0.019386595427508757,350.94,365.02,0.04009118107992582,0.014536257261180019,3.3499,3.3834,0.010000298516373629,-0.22799251585816638,BTC,2020-10-09,0.011447457661247773,1.0331447291167264,1.0312464685275173,0.7960379267345834,0.8693004002891508
2020-10-10,11050.64,11293.22,0.021951669767542814,0.04794002555539367,365.01,370.52,0.015067667525067163,0.02970847344579375,3.38,3.2989,-0.02497487734231829,-0.20611734129085046,BTC,,0.021951669767542814,1.0558239810323742,1.0467849474516895,0.7761569771545538,0.888382995605091
2020-10-11,11293.22,11369.02,0.006711991796848116,0.07061689611107513,370.51,374.16,0.009824031091439256,0.060393935099900764,3.2956,3.3626,0.019309466791960883,-0.20687784513055174,BTC,,0.006711991796848116,1.0629106629319791,1.0570685953215053,0.7911441545302684,0.8943458149840517
2020-10-12,11369.02,11528.25,0.014005604704715013,0.09061624914856581,374.17,386.51,0.03300726961727585,0.11837384259259243,3.36,3.4599,0.028935942425504013,-0.11065700185070937,BTC,,0.01248459629765808,1.0777973695134309,1.0919595434512375,0.8140366562360304,0.9055113614346276
2020-10-13,11528.24,11420.56,-0.009341400472751782,0.0833328590427298,386.51,381.04,-0.014152285839952317,0.10143084260731339,3.4554,3.3546,-0.03043440561865951,-0.1407494685074665,ETH,2020-10-13,-0.014152285839952317,1.0677292326563277,1.0765058198666517,0.7892619344516857,0.8926963058162805
2020-10-14,11420.57,11417.89,-0.00023378888600911196,0.0704308671061058,381.05,378.69,-0.006167331513751928,0.0746942134687969,3.3511,3.1123,-0.07222917784534677,-0.16475229456282547,ETH,,-0.006167331513751928,1.0674796094284655,1.0698666515990507,0.7322541938216125,0.8871907517572097
2020-10-15,11417.89,11505.12,0.007639765315658353,0.06605783245507646,378.69,377.64,-0.002772716469935821,0.0679260222838074,3.1105,3.0793,-0.010603090961668227,-0.07222054835793912,ETH,,-0.002772716469935821,1.0756349031237495,1.066900214713527,0.724490035997459,0.8847308233478378
2020-10-16,11505.13,11319.32,-0.01614933177576605,0.06789463058249035,377.63,365.5,-0.03214701832432998,0.07263389581804836,3.0765,3.0426,-0.011918293118565848,0.12095199498950016,ETH,,-0.03359879779684338,1.05826411820361,1.0326025539608996,0.7158553513869609,0.855004931309539
2020-10-17,11319.24,11360.2,0.003611524367188146,0.06504637464034246,365.5,368.32,0.0077154582763336865,0.07828327185432404,3.0436,3.0566,0.00460132781173983,0.031903041760912965,UNI,2020-10-17,0.003094425820022284,1.0620860648534234,1.0405695558820207,0.7191492365244806,0.8576506806452296
2020-10-18,11360.31,11503.14,0.012582524955546459,0.052864061097041226,368.31,378.11,0.026580147697654377,0.07738994158712065,3.0574,3.2811,0.07344762154027351,-0.020537926505268755,ETH,2020-10-18,0.026580147697654377,1.0754497892693797,1.0682280483670472,0.7719690374797072,0.8804471624097736
2020-10-19,11503.14,11751.47,0.021588018575797507,0.06341985622552171,378.12,379.3,0.003147232286900614,0.0391211440469017,3.2797,3.1703,-0.033769162780774686,-0.06298398061121946,ETH,,0.0016425114384703843,1.0986666192974648,1.0715900101706408,0.7459002893913371,0.8818933069450005
2020-10-20,11751.46,11909.99,0.013489376222719507,0.05461418443986754,379.3,368.52,-0.028420775112048546,-0.005397819281010463,3.1703,2.8582,-0.09844494211904242,-0.13358998454030135,BTC,2020-10-20,0.013489376222719507,1.1134869466685116,1.0411345914792631,0.67247017857563,0.8937894975506798
2020-10-21,11910.0,12780.96,0.07312936450828245,0.12419188285357907,368.53,390.38,0.05931835449907741,0.04335043831515928,2.8582,2.9371,0.027604786229095124,-0.12653898768809846,BTC,,0.07312936450828245,1.1949155394666475,1.1028929822578823,0.6910335741006517,0.9591517555107381
2020-10-22,12780.75,12968.52,0.014674953994066264,0.1249339665604059,390.31,413.98,0.06045391669655209,0.07107189982147943,2.9359,3.0432,0.03612406795819001,-0.12043700684990899,BTC,,0.014674953994066264,1.2124508700351155,1.1695671827325123,0.7159965178928546,0.973227263396186
2020-10-23,12968.84,12923.07,-0.003504640467840603,0.13156184985674968,413.94,409.11,-0.01176385332624763,0.07366680663447411,3.0418,3.011,-0.010580967402733954,-0.1024265188099922,BTC,,-0.003504640467840603,1.2082016656507217,1.1558085659396542,0.7084205820765593,0.9698164517444819
2020-10-24,12923.06,13111.73,0.01459869829692173,0.1483496512928395,409.19,412.14,0.007406321038351482,0.08833082468509867,3.0123,2.9399,-0.023613417469279252,-0.055393117630048394,BTC,,0.01459869829692173,1.225839837249395,1.16436885523788,0.6916923511281556,0.9839745095268908
2020-10-25,13111.73,13028.83,-0.006322582908586449,0.1324375582349422,412.14,405.86,-0.01523754064152949,0.07472725346891229,2.939,2.7726,-0.05690669750671795,-0.0996005585685058,BTC,,-0.006322582908586449,1.2180893632457377,1.1466267374844616,0.6523304237347952,0.9777532491104713
2020-10-26,13029.64,13052.19,0.0017929468724360298,0.15308958488672464,405.85,392.52,-0.032868476814665204,0.07392612859097114,2.7717,2.7114,-0.022073144341051898,-0.10885426937487686,BTC,,0.0017929468724360298,1.2202733327599167,1.1089388631483783,0.6379314401336376,0.9795063087404782
2020-10-27,13052.15,13636.17,0.04474191687371998,0.20034594461365107,392.52,403.45,0.027845714868032223,0.09537901824500428,2.7109,2.8096,0.03621745223869599,-0.08080874173918728,BTC,,0.04474191687371998,1.274870700777478,1.1398180585376878,0.6610356915982402,1.0233312985834289
2020-10-28,13636.16,13266.4,-0.027116851725961233,0.15328510302404386,403.41,388.23,-0.03772462510843966,0.026764698103726392,2.8086,2.6611,-0.05285449886104798,-0.1889610191704002,BTC,,-0.027116851725961233,1.240300221014723,1.0968188495875242,0.626096981389549,0.9955817754932067
2020-10-29,13266.4,13455.7,0.014269131037809801,0.14502270779740756,388.22,387.13,-0.00283337197022393,0.02064329027155276,2.6594,2.5391,-0.04584570290481371,-0.19909787717250738,BTC,,0.014269131037809801,1.2579982273946066,1.0937111538026896,0.5973931251911629,1.0097878623065746
2020-10-30,13455.69,13560.1,0.007758793671083675,0.13854839508681382,387.12,382.49,-0.011985637899413648,0.03790839031802884,2.5388,2.4134,-0.04950573037690509,-0.15562241970470925,BTC,,0.007758793671083675,1.2677587760795503,1.0806023279466608,0.5678187422064325,1.017622597981776
2020-10-31,13560.1,13791.0,0.017027898024350785,0.07902692755473772,382.59,386.46,0.010379356323040989,-0.010041498027562934,2.4136,2.2662,-0.060992790254412954,-0.22842259371488882,BTC,,0.017027898024350785,1.2893460432381088,1.0918182845519269,0.533185892760511,1.0349505718074845
2020-11-01,13791.0,13761.5,-0.002139076209121904,0.06114653021316241,386.44,396.67,0.026419293070434335,-0.041813614184260106,2.2648,2.3765,0.04867178536757577,-0.21907860147213465,BTC,,-0.002139076209121904,1.2865880337916926,1.120663351791163,0.5591370020939698,1.032736733661714
2020-11-02,13761.49,13549.37,-0.015414744032263838,0.04846371643889569,396.68,383.02,-0.03441147553381918,-0.06377257950184556,2.3764,2.254,-0.05154639175257736,-0.25141149119893724,BTC,,-0.015414744032263838,1.26675560857582,1.0820996722793537,0.5303155071406724,1.0168173612596023
2020-11-03,13549.63,14023.53,0.034994985006682855,0.06954078523581564,383.01,387.88,0.012688632447391823,-0.05886349298781968,2.2526,2.138,-0.051464063886424216,-0.2727643797408076,BTC,,0.034994985006682855,1.3110857021050624,1.0958300372923495,0.5030233160012234,1.0524008695714169
2020-11-04,14023.53,14144.01,0.008591274807412841,0.0855932574145184,387.88,402.49,0.03766628854284826,-0.008303355836988158,2.136,1.9281,-0.09817586529466793,-0.3045877515689246,BTC,,0.008591274807412841,1.3223495996679169,1.1371058876709235,0.4536385666894101,1.0614423346494652
2020-11-05,14144.01,15590.02,0.1022347976281126,0.1944371021261566,402.5,416.69,0.03528037963676112,0.06157648017935391,1.9271,2.1901,0.13588506820185686,-0.192262299918861,BTC,,0.1022347976281126,1.457539743383582,1.1772234150751497,0.5152812742629932,1.1699586769262647
2020-11-06,15590.02,15579.92,-0.0006478503555480408,0.14254369078707585,416.73,455.91,0.0941227291271689,0.13002850415169176,2.1892,2.5657,0.17149901830966607,-0.08680951025056949,BTC,,-0.0006478503555480408,1.4565954757426056,1.288026895694429,0.6036515069524504,1.1692007187814415
2020-11-07,15579.93,14818.3,-0.048884718278399464,0.11697973828619679,455.91,435.21,-0.04540369809830902,0.12101074105555965,2.5681,2.4755,-0.03515609775110118,-0.06974559392732327,BTC,,-0.050311391200981825,1.385390216265337,1.229545711379817,0.5824294755664305,1.1103766040263592
2020-11-08,14818.3,15475.1,0.04432357287948019,0.1500776622546578,435.2,454.3,0.043863881804186544,0.17350760726370984,2.4755,2.8653,0.15746313875984663,0.12847071797093457,ETH,2020-11-08,0.043863881804186544,1.4467956604824928,1.2834783591366257,0.6741406488953721,1.1590820321435054
2020-11-09,15475.1,15328.41,-0.009479098681107079,0.13040538049129435,454.29,444.32,-0.02196786264582884,0.16165128500091508,2.8625,2.6822,-0.06390255819634949,0.11137813872544955,ETH,,-0.02196786264582884,1.4330813416453816,1.2552830828342185,0.6310613368468108,1.1336194772661288
2020-11-10,15328.41,15297.21,-0.002035436160697679,0.10921688057428747,444.32,450.34,0.013548793662225389,0.16529524400972928,2.6792,3.0759,0.14678249198419202,0.35729414879534005,ETH,,0.012028470471732167,1.4301643960613752,1.2722906543112216,0.7236900924640612,1.147255185674605
2020-11-11,15297.21,15684.24,0.025300692086988485,0.13971878065617838,450.34,463.09,0.028311942088200093,0.16744397105906672,3.0772,2.9308,-0.04717318508404034,0.23324216284451915,UNI,2020-11-11,-0.04717318508404034,1.466348545079898,1.308311673635439,0.6895513257887679,1.0931355044621518
2020-11-12,15684.25,16291.86,0.03874079968171884,0.20240719679217545,463.09,462.39,-0.0015115852210153546,0.20722155501018236,2.9309,2.9582,0.009348983212774664,0.3124223602484473,UNI,,0.009348983212774664,1.523156060328418,1.3063340490450899,0.6959979295579136,1.1033552099426565
2020-11-13,16291.85,16320.7,0.0017702091719422608,0.1638082565516672,462.48,476.43,0.030363978459741814,0.22829225533670217,2.9594,3.8614,0.30532080319112964,0.8060804490177738,UNI,,0.30532080319112964,1.525852365156711,1.3459995479715223,0.908500576429899,1.440232508847466
2020-11-14,16320.04,16070.45,-0.015333288400620093,0.13620182678038262,476.42,460.89,-0.032617593350544705,0.14509677259062337,3.8578,3.8165,-0.011627906976744207,0.9794097816503293,UNI,,-0.011627906976744207,1.5024560307849948,1.3020962820657702,0.8979366162388537,1.4234856192097047
2020-11-15,16069.56,15957.0,-0.007059540958716193,0.02353941816623717,460.9,448.08,-0.027794050641150814,0.07533178142024033,3.8127,3.8458,0.007677191143718121,0.7559928770375781,UNI,,0.007677191143718121,1.4918493808969981,1.26590575206238,0.9048302472766628,1.4344139903987116
2020-11-16,15957.0,16713.57,0.04741304756533182,0.07276353152005921,448.07,460.55,0.027829851812176454,0.010177447303195697,3.8471,3.5634,-0.07343075562951795,0.38886073975913016,UNI,,-0.07343075562951795,1.5625825065537782,1.3011357215504578,0.8383878785026939,1.329083887198182
2020-11-17,16713.08,17659.38,0.05658934626175016,0.19172779603598267,460.51,482.15,0.04690044511996527,0.10785597757404464,3.5618,3.8104,0.06931582196778363,0.5392445970511008,UNI,,0.06931582196778363,1.6510080290797036,1.3621595660526613,0.8965014234289344,1.421210429303461
2020-11-18,17659.38,17776.12,0.006610651110061427,0.1486917693585177,482.11,478.41,-0.0077569221196721605,0.053070658155403905,3.8135,3.4607,-0.09177514171740497,0.20779674030642514,UNI,,-0.09177514171740497,1.66192226713986,1.3515934003842243,0.8142248782438887,1.290778640743882
2020-11-19,17777.75,17802.82,0.0015020150629045936,0.16142639712794749,478.43,471.25,-0.014966242344432668,0.06060947065178257,3.4622,3.7417,0.08119744560349051,0.39501155767653406,UNI,,0.08119744560349051,1.6644184994184805,1.3313651260029382,0.8803378585041055,1.3955865692118308
2020-11-20,17802.81,18655.67,0.04790533185192003,0.21954722462462106,471.26,510.12,0.08248275862068977,0.13274414886530184,3.7447,3.8552,0.0303338054894835,0.25335674111642126,UNI,,0.0303338054894835,1.7441530199735975,1.4411797943270428,0.9070418558689974,1.437920020746038
2020-11-21,18655.66,18703.8,0.0025799127021437496,0.19252192009303615,510.12,552.35,0.08278444287618614,0.19274870975404368,3.8573,3.8366,-0.004824652417514064,0.3090623720485872,UNI,,-0.004824652417514064,1.7486527825043097,1.5604870606848233,0.9026656941862926,1.4309825564417538
2020-11-22,18703.8,18414.43,-0.015471187673093079,0.13028408051628237,552.42,560.03,0.013904227392051993,0.21116373623997053,3.8382,3.6763,-0.04178178595631543,0.24274896896761544,UNI,,-0.04178178595631543,1.7215990471311091,1.58218442761894,0.864950709361692,1.3711935495612833
2020-11-23,18413.88,18368.0,-0.0025213921907981662,0.12544192344691085,560.03,608.58,0.08669178436869474,0.2773754801334929,3.681,4.1842,0.13815521040176248,0.08359662298648152,UNI,,0.13644797758616,1.7172582207379872,1.7193468188495877,0.9844481566007104,1.5582901362781083
2020-11-24,18368.01,19160.01,0.043119011324041834,0.19225099483835217,608.58,604.97,-0.005931841335568011,0.31261255397166354,4.1855,4.0627,-0.029037808900147954,0.0645093672212762,ETH,2020-11-24,-0.005931841335568011,1.791304697404292,1.7091479263193583,0.955861939157236,1.549046606434926
2020-11-25,19160.0,18719.11,-0.023011470244535204,0.17309707338472147,604.98,569.5,-0.05863100649618991,0.27097839671487245,4.063,3.6773,-0.09486302212814157,-0.043814030890842015,ETH,,-0.05863100649618991,1.750084142661077,1.6089388631483785,0.8651859868715148,1.458224444790139
2020-11-26,18718.83,17149.47,-0.08385227716488652,0.026080603964323767,569.38,519.83,-0.08721685689201042,0.12871566605146034,3.6748,3.43,-0.06725042830337469,-0.0374361564797665,ETH,,-0.08721685689201042,1.6033356020687874,1.4686122725731723,0.8070018586923277,1.331042692072446
2020-11-27,17149.47,17139.52,-0.000580192857272066,-0.02943817959633921,519.83,518.68,-0.0022122617009409096,0.07576480348439274,3.4324,3.3067,-0.03594752186588923,-0.13219084610539567,ETH,,-0.0022122617009409096,1.6024053582046573,1.4653633178890269,0.7779921417311719,1.3280980773024569
2020-11-28,17139.53,17719.85,0.033859174585985974,-0.0031654826812600456,518.59,537.52,0.0363229737024755,0.12355510963399574,3.3057,3.4616,0.046844285843892663,0.00026006299303604763,ETH,,0.0363229737024755,1.6566614809856282,1.5185896711492823,0.8144366280027291,1.3763385488386224
2020-11-29,17719.84,18184.99,0.02624965786956457,0.02146682379533149,537.5,576.3,0.07214615270129476,0.2229177718832891,3.4584,3.5514,0.02594176103535939,-0.050859235107036826,ETH,,0.07214615270129476,1.700148278067187,1.6281500734546277,0.8355645483848199,1.475636079951812
2020-11-30,18185.0,19695.87,0.08308390601259585,0.055757847346141975,576.32,616.66,0.07003296893978828,0.20885281894456198,3.5524,3.7824,0.06504477107619522,-0.018883585806183878,ETH,,0.07003296893978828,1.841403237809598,1.7421742569781897,0.8899136531538949,1.5789792557055082
2020-12-01,19695.87,18764.96,-0.047264223413334916,0.003269923758808302,616.65,585.26,-0.05091946939966918,0.05958178691047333,3.7765,3.55,-0.061442470389170945,-0.07470155867174055,ETH,,-0.05091946939966918,1.754370743783727,1.6534636682110975,0.8352351598710679,1.4985784698118991
2020-12-02,18764.96,19204.09,0.023401595313818913,0.042882674076797356,585.26,596.89,0.019871510098075973,0.06581790261235998,3.5456,3.9484,0.11222535211267615,0.07401463427903066,ETH,,0.018341702832928908,1.7954258179601574,1.686320488190756,0.9289697197844857,1.5260649507770143
2020-12-03,19204.08,19421.9,0.011341854781976135,0.057376959930313776,596.88,615.85,0.031764646752332926,0.011945841138387703,3.9455,3.8829,-0.01658899807516967,-0.07200898618612872,UNI,2020-12-03,-0.0180641145780569,1.8157892768592723,1.7398858628093572,0.9135590428910899,1.4984979386526216
2020-12-04,19422.34,18650.52,-0.03971702047688441,-0.02659132223834948,615.84,567.24,-0.07893155800925555,-0.062366728928707205,3.8811,3.516,-0.09449123078111721,-0.13456568292022553,BTC,2020-12-04,-0.04115744494616902,1.7436715369685456,1.6025539608995367,0.8272357245370915,1.4368235922405785
2020-12-05,18650.51,19147.66,0.026655557056854073,0.022893716635032257,567.24,596.8,0.052111980819406156,0.047936786654960484,3.5161,3.6834,0.04761092150170643,0.0016588257689065244,empty,2020-12-05,0.0,1.7901500731106232,1.6860662221719969,0.8666211796814342,1.4368235922405785
2020-12-06,19147.66,19359.4,0.011058270305614348,0.12886287447950284,596.82,601.54,0.007942359249329733,0.15718600311640318,3.6785,3.6482,-0.009556388119671966,0.06361516034985426,ETH,2020-12-06,0.007942359249329733,1.809946036506696,1.699457565826647,0.8583394113356704,1.4482353613880656
2020-12-07,19358.67,19166.9,-0.009943489984193699,0.11828685984204923,601.59,591.28,-0.017056222362602624,0.13997069484074975,3.6482,3.7574,0.029932569486321947,0.13629902924365678,ETH,,-0.017056222362602624,1.7919488562207604,1.6704712396881003,0.8840317154083241,1.4235339370308466
2020-12-08,19166.9,18324.11,-0.04397111687335986,0.03410074013041875,591.27,554.94,-0.06145988364226751,0.032408096442923195,3.7569,3.2982,-0.12221216798850265,-0.04720360526923961,ETH,,-0.06286769381680402,1.7131548636327938,1.5678042716691154,0.7759922828976777,1.3340396413397617
2020-12-09,18324.11,18541.28,0.01185159879524833,0.019592532082778114,554.92,573.09,0.03270623851227161,-0.0055700156168660975,3.3007,3.3511,0.016039051603905286,-0.056400292842259336,BTC,2020-12-09,0.01185159879524833,1.7334584877506982,1.6190812521188838,0.7884384631673058,1.3498501439458777
2020-12-10,18541.29,18254.63,-0.015460097684733665,-0.073174731555397,573.2,558.99,-0.024603465424278936,-0.09351992994518854,3.3502,3.239,-0.033451702426069096,-0.14366539763113373,BTC,,-0.016936907538206536,1.7066590501976417,1.5792462425132785,0.7620638543161659,1.3269878568674316
2020-12-11,18254.81,18036.53,-0.011947653828097482,-0.03881862791074431,558.99,544.43,-0.026046977584572306,-0.06976386563236858,3.2396,2.9623,-0.08542760111145409,-0.16554929577464783,empty,2020-12-11,0.0,1.6862684786632907,1.5381116510340151,0.6969625673481872,1.3269878568674316
2020-12-12,18036.53,18808.69,0.04281089544385752,-0.020589364036515234,544.46,568.04,0.043366456661095176,-0.048333863861012905,2.9617,3.1225,0.054079600310569464,-0.20917333603484956,empty,,0.0,1.7584591421936175,1.6048141032885073,0.7346540244218055,1.3269878568674316
2020-12-13,18808.69,19174.99,0.019475040526480303,-0.012712968350161447,568.09,590.7,0.039891556932610595,-0.04083786636356257,3.1224,3.344,0.07093674939951966,-0.13878801926395223,empty,,0.0,1.7927052052519978,1.668832636456097,0.7867679928475636,1.3269878568674316
2020-12-14,19174.99,19273.14,0.005118646737234167,0.03338351960159813,590.81,586.29,-0.007465718638903107,0.03358366828855508,3.3396,3.4803,0.04075956937799052,-0.01015358361774743,empty,,0.0,1.8018814299016839,1.6563736015368968,0.8188363174364163,1.3269878568674316
2020-12-15,19273.69,19426.43,0.007953556088940328,0.014558959162634055,586.29,588.64,0.004008255300278041,-0.013672922252010666,3.4778,3.3292,-0.04341579748872226,-0.09616115545419979,ETH,2020-12-15,0.0025022429173275906,1.816212794920027,1.6630127698044976,0.7832858857021857,1.3303083028336578
2020-12-16,19426.43,21335.52,0.098272816981813,0.10207547754579172,588.78,637.18,0.0824612666485458,0.05924793031219866,3.3258,3.5357,0.06202691337258193,-0.030837125157612055,BTC,2020-12-16,0.098272816981813,1.9946971425152298,1.800146909255283,0.8318706914806013,1.461041447207416
2020-12-17,21335.52,22797.16,0.06850735299631783,0.18940256379487552,637.18,642.7,0.0086631721020749,0.08696387498308766,3.534,3.6914,0.04403654156178405,-0.017565337733539188,BTC,,0.06850735299631783,2.131348563778267,1.8157418917391799,0.8685033997600169,1.5611335293735056
2020-12-18,22797.15,23107.39,0.013608274013078736,0.2610375074150941,642.71,653.85,0.017348685234168215,0.17823548491728824,3.6914,3.7652,0.019992414801972336,0.1415923837244557,BTC,,0.013608274013078736,2.160352539051544,1.8472426262854562,0.8858668799849422,1.5823778622122249
2020-12-19,23107.39,23821.61,0.030908726602182357,0.2847877816418285,653.76,658.03,0.006392903571155406,0.14821406759845734,3.7693,3.9621,0.05229469882077975,0.18232819074333784,BTC,,0.030908726602182357,2.227126285045418,1.859051870267827,0.9321930216690586,1.6312871469366883
2020-12-20,23821.6,23455.52,-0.015367978906547508,0.2849079932050116,658.05,638.18,-0.030165797911949288,0.14166621943147462,3.9621,3.7617,-0.05057923828272892,0.16137696820006164,BTC,,-0.015367978906547508,2.192899855274623,1.8029720872414963,0.8850434087005622,1.6062175604720432
2020-12-21,23455.54,22719.71,-0.03137044073207507,0.2596497219808911,638.1,607.58,-0.047948854555141085,0.11599287328031171,3.7606,3.5094,-0.06707073929340457,0.18468757384464762,BTC,,-0.03137044073207507,2.1241076203333544,1.7165216408633746,0.8256828929722607,1.5558298076884367
2020-12-22,22719.88,23810.79,0.04802350029995983,0.26594621954001063,607.68,636.45,0.04751637644425433,0.12043165974227188,3.5102,3.7331,0.06374308998689227,0.1955484387510007,BTC,,0.04802350029995983,2.2261147032755804,1.7980845293253478,0.8783144719196291,1.6305462009246487
2020-12-23,23810.79,23232.76,-0.024275969003968445,0.21161784178244658,636.41,585.56,-0.0799591484012886,-0.008701540545116182,3.729,3.3111,-0.11304277945943042,-0.009838516746411341,BTC,,-0.024275969003968445,2.1720736117395836,1.654311221606961,0.7790273627743924,1.5909631118914636
2020-12-24,23232.39,23729.2,0.021368102627496777,0.2312057090852866,585.48,612.31,0.04568276521620329,0.04438076719712081,3.3126,3.5227,0.06390625471897549,0.01218285779961481,BTC,,0.021368102627496777,2.2184867035897127,1.7298847327381623,0.8288120838529045,1.624958974942922
2020-12-25,23728.99,24712.47,0.04143713230955948,0.2721055798723697,612.31,626.82,0.023697146870049757,0.06486137537374304,3.5263,3.5038,-0.005365202827376736,0.052445031839480905,BTC,,0.04143713230955948,2.3104144306533585,1.7708780653181153,0.8243653389172528,1.692292614985238
2020-12-26,24712.47,26493.39,0.07206564135434457,0.24175037683637424,626.78,637.44,0.016942662965444555,0.0004080479613297605,3.5019,3.4171,-0.024744563045835943,-0.03354356987300955,BTC,,0.07206564135434457,2.4769159283927253,1.8008814555316988,0.803966778815613,1.81424876764337
2020-12-27,26493.4,26281.66,-0.007991804748278653,0.15284798632812158,637.44,685.11,0.07478350903614461,0.06598724132565725,3.4176,3.5965,0.05250065845307428,-0.025708403315815143,BTC,,-0.007991804748278653,2.4571208999151093,1.9355576901344786,0.8461755640778297,1.799749645727559
2020-12-28,26281.54,27079.41,0.03035386653658856,0.1718939265750048,685.1,730.41,0.06612076892761731,0.11709107593484736,3.6,3.7311,0.03742527457250122,-0.009056623818123888,BTC,,0.03035386653658856,2.531704019775395,2.0635382529099333,0.8778439168999835,1.854379006273246
2020-12-29,27079.42,27385.0,0.011284957833276321,0.14958644692781053,730.4,732.0,0.0021768595720212947,0.11241128823913815,3.7277,3.6695,-0.016509876443944083,-0.0738497261553216,BTC,,0.011284957833276321,2.560274192884896,2.068030285908012,0.8633508222948968,1.8753055951659523
2020-12-30,27385.0,28875.54,0.05442906700748584,0.23107652271192447,732.0,752.17,0.027554644808743145,0.17861731799805702,3.6752,4.1531,0.13178907208066493,0.10404870138501221,BTC,,0.05442906700748584,2.6996275284869653,2.125014125889931,0.9771310260452204,1.977376729064753
2020-12-31,28875.55,28923.63,0.0016654233998740775,0.2730633445585353,752.17,736.42,-0.020939415291755803,0.21205437967016683,4.1513,5.1501,0.2400616407021261,0.46751581466917425,BTC,,0.00016292526477434954,2.7041235513438515,2.080517572607074,1.2117027033385879,1.9776988936918944
2021-01-01,28923.63,29331.69,0.014108187665241134,0.2318654693943376,736.42,728.91,-0.010197984845604413,0.14527456987980192,5.15,4.7353,-0.08054212539562344,0.2684632075218987,UNI,2021-01-01,-0.08054212539562344,2.742273833876209,2.059300485930614,1.1141095922640754,1.818410821401376
2021-01-02,29331.7,32178.33,0.09704998245924479,0.38504120905135686,728.91,774.56,0.06262775925697261,0.32276794863037095,4.7364,4.8564,0.025573881274681742,0.4667029083990213,UNI,,0.025573881274681742,3.008411461352341,2.188269861001243,1.142601698703621,1.8649146438564914
2021-01-03,32176.45,33000.05,0.025536440206810118,0.39069374441616245,774.44,978.28,0.26301384011567874,0.597687445901586,4.8573,5.5155,0.13571781566592556,0.5657024441479548,UNI,,0.1340142389424268,3.085235580752647,2.7638151203525823,1.297673105427852,2.114839760545506
2021-01-04,33000.05,31988.71,-0.03064662023239373,0.2944359669430048,978.33,1041.43,0.06455207098172311,0.6614498580134647,5.5117,5.4238,-0.01662587254102077,0.5479764826759519,ETH,2021-01-04,0.06455207098172311,2.9906835375818517,2.942225110181942,1.276098157777098,2.25135704688321
2021-01-05,31989.75,33949.53,0.061297251436522426,0.2814339727758508,1041.45,1099.56,0.055817481731849306,0.7249623493975901,5.4309,6.2518,0.15266049633098566,0.8295630798045126,ETH,,0.05423375550925158,3.174004218352075,3.106452706520511,1.4709079359104063,2.3734565945279043
2021-01-06,33949.53,36769.36,0.08305947092640165,0.39905013610251405,1100.16,1208.42,0.0990032376587,0.7638335449781788,6.2518,6.4157,0.026216449662497254,0.7838732100653414,UNI,2021-01-06,0.026216449662497254,3.4376353294465654,3.4140015820996727,1.5094699197703692,2.4356801998644673
2021-01-07,36769.36,39432.28,0.0724222559217782,0.45617205101588243,1208.75,1224.87,0.013612816735902866,0.6769622540764775,6.4157,6.2545,-0.025125863117041014,0.6763152957572833,UNI,,-0.026588174322365377,3.686596635041491,3.460475759972878,1.471543185186928,2.370919910116937
2021-01-08,39432.48,40582.81,0.029177364331963496,0.48193573123972966,1224.86,1216.93,-0.006482320572795297,0.6624726775956284,6.2657,5.8807,-0.059764969222160014,0.60258890857065,ETH,2021-01-08,-0.006482320572795297,3.794161808207088,3.4380438467623464,1.3835964520151518,2.355550847207136
2021-01-09,40586.96,40088.22,-0.012187179744330034,0.3883106601642774,1216.72,1276.0,0.048540178974961545,0.6964250103035219,5.8737,6.22,0.05769721291682961,0.49767643447063614,ETH,,0.048540178974961545,3.7479216762713956,3.604927110407956,1.46342611109804,2.469889706915193
2021-01-10,40088.22,38150.02,-0.04834836767509265,0.3189914267330898,1276.0,1254.25,-0.017045454545454586,0.7031721028760762,6.2201,5.9802,-0.03855305466237935,0.1611813362847323,ETH,,-0.017045454545454586,3.5667157810495764,3.54347948920782,1.407006564242524,2.4277893141836837
2021-01-11,38150.02,35404.47,-0.07196719687171849,0.2070381897531306,1254.24,1087.01,-0.13333864859477773,0.4912815025174577,5.9801,5.2448,-0.12297247583692861,0.10759613963212478,ETH,,-0.13333864859477773,3.3100292442493164,3.070996722793536,1.2339834835188104,2.104071167957589
2021-01-12,35410.37,34051.24,-0.03822200981966406,0.058204077091632556,1087.0,1050.16,-0.03390033210366039,0.35581491427391065,5.2427,5.5878,0.06539810860280659,0.15060538670620205,ETH,,-0.03390033210366039,3.1835132739722436,2.9668889140015824,1.314683669388043,2.03274245659409
2021-01-13,34049.15,37371.38,0.09750423185763579,0.13246434475099256,1050.36,1129.89,0.07592176430258246,0.1549760804677598,5.5878,6.3311,0.13302194065643014,0.14787417278578552,ETH,,0.07592176430258246,3.4939192903594942,3.1921403548423557,1.4895654424393572,2.187071850271479
2021-01-14,37371.38,39144.5,0.04744593322483692,0.22369736072508095,1129.79,1231.62,0.09003531317207858,0.18262389214829589,6.3406,6.9593,0.09922446336339652,0.28310409675872994,ETH,,0.08840026020232061,3.6596915517028603,3.4795457113798167,1.6373667741100626,2.3804095709166484
2021-01-15,39145.21,36742.22,-0.06136954105940806,0.08226004896091355,1231.89,1168.53,-0.05122521556973736,0.06272509003601434,6.9603,7.3762,0.05990545026080207,0.17985220256566103,UNI,2021-01-15,0.05990545026080207,3.4350979607558627,3.301305232229631,1.735453967955203,2.523009078067533
2021-01-16,36737.43,35994.98,-0.020337366658846334,-0.021060469912992708,1168.48,1227.83,0.05074752038886454,0.01606229622151223,7.3761,8.3908,0.1375505002575852,0.3078541702386335,UNI,,0.1375505002575852,3.3652371140189152,3.468838286812069,1.9741665294214525,2.8700502389101508
2021-01-17,35994.98,35828.61,-0.004622033405769388,-0.09138883168814982,1227.83,1232.45,0.0037627358836322955,0.006188411831459684,8.3987,8.689,0.035538923582971726,0.38923974738188494,UNI,,0.035538923582971726,3.349682875659585,3.4818906091083743,2.0443262828506223,2.9720487350300684
2021-01-18,35824.99,36631.27,0.02240276695076915,-0.09736979770498888,1232.5,1258.45,0.02109619051482814,0.034118642814295,8.6838,9.1904,0.05770514443549324,0.5628071488088153,UNI,,0.05770514443549324,3.4247250404819685,3.5553452367499156,2.162294426275792,3.1435512365543032
2021-01-19,36622.46,35891.49,-0.02019531400358221,-0.10468736202305817,1258.52,1365.36,0.08495371290079046,0.07003134796238242,9.1984,8.5767,-0.06677620125348183,0.3788906752411578,UNI,,-0.06677620125348183,3.3555616429135044,3.8573850152559612,2.017904618497518,2.9336368265315214
2021-01-20,35901.94,35468.23,-0.011792767589197228,-0.07029590023805998,1365.36,1376.99,0.008517900041014936,0.09785927845325904,8.5788,8.9646,0.045227185281052185,0.4990468546202469,UNI,,0.045227185281052185,3.315990284327401,3.8902418352356203,2.109168764557796,3.0663169628323805
2021-01-21,35468.23,30850.13,-0.13020384721763678,-0.12863742911558906,1376.72,1110.96,-0.19319675524150504,0.022032915980533696,8.9674,7.5873,-0.15363764138946534,0.44663285539963393,UNI,,-0.15363764138946534,2.884235591971668,3.138659735563341,1.7851210502788037,2.5952152569103046
2021-01-22,30851.99,32945.17,0.06791024867642359,-0.03248251752359088,1111.98,1232.62,0.10950889320947632,0.17374495314999594,7.5865,8.6834,0.1444650929843292,0.5539926267940873,UNI,,0.1444650929843292,3.080104748263856,3.48237088936603,2.0430087287956145,2.9701332703142014
2021-01-23,32950.0,32078.0,-0.026321612545936124,-0.14164261528474453,1232.61,1233.6,0.00079505443689043,0.09178769614741245,8.6965,9.3428,0.07593799663726197,0.47569932555164196,UNI,,0.07593799663726197,2.9990314244791567,3.4851395637925187,2.1981507187727924,3.195679240607541
2021-01-24,32078.0,32259.9,0.005670553026996705,-0.17587655992540452,1233.46,1392.51,0.1288180933852141,0.13063282505967755,9.3357,12.0505,0.28981675728903533,0.7315678300978548,UNI,,0.28981675728903533,3.0160375912012953,3.9340885975816478,2.8352116321200853,4.121840635456306
2021-01-25,32259.45,32254.2,-0.00017668994634212343,-0.12214885219238247,1392.19,1317.88,-0.05359387006197436,0.12781015463873424,12.039,11.3177,-0.060810754740467154,0.5343537322740708,UNI,,-0.060810754740467154,3.0155046876811404,3.723245564470562,2.6628002729219116,3.8711883954942814
2021-01-26,32254.19,32467.77,0.0066214632512975324,-0.09799171995650513,1317.6,1365.97,0.036490424014326006,0.11250743181059275,11.3097,13.9086,0.22892460482253463,0.657601182247223,UNI,,0.22892460482253463,3.0354717411547365,3.8591083738275516,3.2723807731218972,4.757398669126392
2021-01-27,32464.01,30366.15,-0.06472942243954538,-0.152460840652205,1366.54,1239.03,-0.09293029861563584,0.005338958984137276,13.9086,14.7493,0.06044461699955428,0.6974680630682473,UNI,,0.06044461699955428,2.838987408518229,3.5004802802576562,3.4701785756299555,5.0449578095959255
2021-01-28,30362.19,33364.86,0.09875173507342883,-0.08916999055724784,1238.93,1329.69,0.07317014115880971,0.05660932099010685,14.7493,14.1003,-0.04400208823469587,0.5342422527855153,UNI,,-0.04400208823469587,3.1193423409610213,3.7566109164877393,3.317483471754935,4.822969130917768
2021-01-29,33368.18,34252.2,0.0265950464051099,-0.045673500877227435,1329.44,1379.5,0.037459859064894685,0.010356243042128233,14.1121,15.6418,0.10932391509400508,0.8237550573064232,UNI,,0.10932391509400508,3.2023013952723036,3.897333031981015,3.6801637531468363,5.350234998687229
2021-01-30,34246.28,34262.88,0.00031180478918146903,-0.033983934354773426,1379.56,1378.05,-0.0010511054729974711,0.0007697949876179777,15.6418,19.5376,0.24906340702476704,1.1794168172589963,UNI,,0.24906340702476704,3.203299888183752,3.893236523901006,4.5967578759146415,6.68278275584342
2021-01-31,34262.89,33092.98,-0.03414482378597461,0.07270147646055314,1378.04,1312.55,-0.04753093138855624,0.18145567797220408,19.5713,17.7246,-0.09279543034968485,1.3360879364200704,UNI,,-0.09279543034968485,3.0939237779680857,3.708187365804046,4.170199750605839,6.062651054081477
2021-02-01,33092.97,33526.37,0.013096130961913977,0.017641432719879946,1312.45,1374.17,0.04694678297969612,0.1148366893284225,17.7335,20.4502,0.15377497940715168,1.3550913236750577,UNI,,0.15377497940715168,3.1344422089505355,3.8822748333144994,4.811472131378961,6.994935095075602
2021-02-02,33517.09,35466.24,0.057861021041049066,0.10562503896751663,1374.09,1511.87,0.10020594249619763,0.225575551232166,20.4542,18.9517,-0.0732755669871199,1.0284818255769146,UNI,,-0.0732755669871199,3.3158042355545745,4.271301842016047,4.458908782909441,6.482377259945834
2021-02-03,35472.71,37618.87,0.06069518505485805,0.1661186178506444,1511.93,1664.49,0.10094783281631359,0.19531637115711908,18.9675,19.7114,0.04008611364679693,0.635732957138708,UNI,,0.04008611364679693,3.517057587237241,4.702480506271895,4.637649107121851,6.742230571489435
2021-02-04,37620.26,36936.66,-0.018134781826248392,0.14517365180348607,1664.67,1595.67,-0.04134599787322235,0.21078550399125873,19.7238,20.1299,0.021231368649613724,0.7786210979262569,UNI,,0.021231368649613724,3.4532765152223424,4.5080517572607075,4.736112744982707,6.885377354273422
2021-02-05,36936.65,38290.24,0.03664597719447271,0.17933076401613035,1595.53,1719.19,0.07740948943077197,0.25858547405872745,20.1043,21.145,0.050427473559232716,0.5202824151963534,UNI,,0.050427473559232716,3.579825207645389,4.857017742117754,4.974942945203868,7.232589538751385
2021-02-06,38289.32,39186.94,0.023418500380253615,0.29048101257485714,1718.95,1676.35,-0.02491871171889093,0.35295352009233016,21.145,19.2499,-0.08962402459210217,0.3051399049446415,UNI,,-0.090989588555214,3.663659345631874,4.735987117188383,4.529068536338611,6.574499192431651
2021-02-07,39181.01,38795.69,-0.009984193713517775,0.16277095123432272,1676.35,1611.62,-0.03861365466638833,0.21202686340425192,19.2499,18.6592,-0.030685873692850474,0.32331936199938993,ETH,2021-02-07,-0.04005573418438868,3.6270806610247455,4.553113346140806,4.390090111286262,6.311152800384131
2021-02-08,38795.69,46374.87,0.1953613919484356,0.35392383554924955,1611.46,1750.15,0.08595698737915902,0.2686843059079378,18.6745,19.3198,0.03540344709312304,0.2351391783554322,UNI,2021-02-08,0.033850341922483373,4.335672187671791,4.944485252570913,4.545514434275227,6.524787480602172
2021-02-09,46374.86,46420.42,0.0009822129959609072,0.3548312342686897,1749.68,1769.13,0.010844784732737311,0.2837923152280397,19.3177,19.5175,0.010233025186596079,-0.0010287855212515185,BTC,2021-02-09,0.0009822129959609072,4.339930741240749,4.998107130749238,4.592028797967202,6.531196211661503
2021-02-10,46420.42,44807.58,-0.03474419231881132,0.3539904837823611,1769.14,1740.78,-0.016024825761815187,0.3262580473124834,19.5075,20.6802,0.05957217881388499,0.16675129481060225,BTC,,-0.03474419231881132,4.1891433529167585,4.918013334840095,4.8655859586382135,6.304275074411644
2021-02-11,44807.58,47969.51,0.07056685498301851,0.4307993976085094,1740.76,1785.62,0.025758567998253712,0.2994171026874404,20.6808,21.4536,0.03739809092755397,0.04906553481139553,BTC,,0.07056685498301851,4.484758024405111,5.044694315741892,5.047549584735195,6.749147939360708
2021-02-12,47968.66,47287.6,-0.014215488129855847,0.3333130323372311,1785.83,1840.26,0.03060001568082793,0.21720782871543198,21.4615,22.6236,0.05453630159973133,0.193750428721434,BTC,,-0.014215488129855847,4.4210049999439045,5.1990620409085775,5.322824271227913,6.653205506942085
2021-02-13,47298.15,47153.69,-0.0028318206041328953,0.25345843721515293,1840.24,1814.96,-0.01374805733972373,0.09040006248160104,22.6374,21.7738,-0.0375625453066708,0.10462980813133527,BTC,,-0.0028318206041328953,4.408485506894088,5.1275850378573855,5.122885443380468,6.634364822503995
2021-02-14,47156.78,48577.79,0.03020124193885998,0.3151646629662779,1815.25,1800.42,-0.008011195839026763,0.12831600518904285,21.7744,20.8245,-0.043598269479833585,0.03450588428159107,BTC,,0.03020124193885998,4.541627244271754,5.086506949937847,4.899536503305649,6.834730879619101
2021-02-15,48580.47,47911.1,-0.013724173125208128,0.25126141805326885,1800.03,1779.25,-0.011758367492029631,0.03493505662550378,20.8295,20.0675,-0.03635141299911171,-0.050957673208796406,BTC,,-0.013724173125208128,4.479297165701207,5.026697931969714,4.721431428369762,6.740929849763002
2021-02-16,47911.1,49133.45,0.025512876974229215,0.25382206418771136,1779.33,1781.99,0.0015399747084445803,0.06301786619739325,20.0769,20.4846,0.02078485112744488,0.06414059293814511,BTC,,0.025512876974229215,4.593576923220756,5.034438919651938,4.8195656777168665,6.912910363711915
2021-02-17,49133.45,52119.71,0.060778553103842725,0.3434407275653557,1781.99,1849.88,0.03809785689033052,0.14783882056564224,20.4844,21.5175,0.050423244779004506,0.15318448808094676,BTC,,0.060778553103842725,4.8727678821853155,5.226240253135948,5.0625838176128735,7.333067053354884
2021-02-18,52117.67,51552.6,-0.01088091242257494,0.11164947740015219,1849.7,1939.61,0.048505849028045,0.10825357826472004,21.5384,21.1733,-0.01599628209596826,0.09593784614747558,BTC,,-0.01088091242257494,4.819747721603721,5.479743473838852,4.981601298731854,7.25327659295846
2021-02-19,51552.61,55906.0,0.08444578934913083,0.20434067593528882,1938.91,1955.0,0.007934584787663512,0.10506294054139609,21.1742,20.0756,-0.05184359547165529,0.028594850774945835,BTC,,0.08444578934913083,5.226755122418222,5.523222963046672,4.723337176199327,7.865785260218411
2021-02-20,55906.0,55841.19,-0.0011592673416090937,0.2462442738483086,1955.46,1913.0,-0.02148337595907923,0.09893266236974241,20.0744,28.7533,0.4322510908764867,0.39037823618727097,BTC,,-0.002657528440596635,5.220695915902215,5.404565487625721,6.765004823188951,7.8448817121817545
2021-02-21,55841.19,57408.57,0.02806852790923675,0.19677207459488333,1912.9,1933.53,0.010731834814427632,0.08283397363380796,28.7315,28.7763,0.0007999081844518585,0.34132732967893475,UNI,2021-02-21,0.0007999081844518585,5.367233164923355,5.462566391682676,6.770416205914876,7.8511568972693855
2021-02-22,57412.35,54087.67,-0.05784676399359889,0.1438023921704632,1933.54,1777.58,-0.0806555884832405,-0.034060404508058695,28.7958,27.6835,-0.037975695277016164,0.2236558284269523,UNI,,-0.037975695277016164,5.056756094733417,5.021979884732739,6.513304943180481,7.55300375536664
2021-02-23,54087.67,48891.0,-0.09607864417158285,0.03684356409858913,1777.42,1577.89,-0.11233812261614096,-0.13061995856657993,27.6861,24.8086,-0.1038488630411617,0.13937851913767907,UNI,,-0.1038488630411617,4.5709098252450415,4.4578200926658385,5.8369056301908095,6.76863290282619
2021-02-24,48891.0,49676.2,0.016060215581599868,0.022611362106015775,1577.79,1623.39,0.02883597715937114,-0.09832705702002864,24.8325,25.2509,0.017828494957393914,0.21255732430550567,UNI,,0.017828494957393914,4.64431962244253,4.586365691038536,5.940968872785451,6.8893074404026775
2021-02-25,49676.21,47073.73,-0.05238866902057715,-0.017477578264744387,1623.16,1481.75,-0.08724952106394646,-0.16720528312491223,25.2509,23.4781,-0.0702073985481706,0.16995639715958655,UNI,,-0.0702073985481706,4.401009898916617,4.186207481071308,5.523868903371527,6.40562708721345
2021-02-26,47073.73,46276.87,-0.016927912871998907,-0.05813921065994743,1482.08,1444.59,-0.02507845453011648,-0.18933888517892927,23.478,23.1082,-0.01575510795166568,0.12807670152211914,UNI,,-0.01575510795166568,4.326509986798952,4.081223867103628,5.436839752488059,6.304705740956288
2021-02-27,46276.88,46106.43,-0.0036830494370082567,-0.11537439483066958,1444.56,1458.13,0.009372901653756482,-0.2117704932211819,23.126,23.5338,0.01841770453778313,0.09370512373649365,UNI,,0.01841770453778313,4.310575236627861,4.119476777036954,5.536973860668659,6.420823948490885
2021-02-28,46103.67,45135.66,-0.021054980834560366,-0.12447364439426911,1458.27,1419.18,-0.026712295885826354,-0.26831682657853895,23.5538,22.2098,-0.05625950760183218,0.04895316270963912,UNI,,-0.05625950760183218,4.219816157634731,4.009436094473952,5.225466437663224,6.059591554750736
2021-03-01,45134.11,49587.03,0.09862202081458427,-0.1130284763710514,1418.67,1569.86,0.10617398779576925,-0.19700255754475704,22.2152,25.7058,0.15740799106700631,0.28044989938034215,UNI,,0.15740799106700631,4.635982954566702,4.435133913436546,6.047996612003859,7.0134196880706465
2021-03-02,49595.76,48440.65,-0.02311854531315949,-0.13252833616189053,1570.0,1486.78,-0.05292191660402834,-0.2228018818609514,25.7164,25.5253,-0.007021761625780942,-0.11226537475698439,UNI,,-0.008511228983342223,4.528805772560517,4.20041812634196,6.005529021480837,6.9537268671491965
2021-03-03,48436.61,50349.37,0.03940326977445596,-0.122964219453646,1486.79,1567.69,0.054419618235381106,-0.18920833915170698,25.5253,25.3565,-0.006613046663506483,-0.11884085167307812,empty,2021-03-03,0.0,4.7072555281728325,4.429003277206465,5.965814177822741,6.9537268671491965
2021-03-04,50349.37,48374.09,-0.0392314739985824,-0.10563553578847085,1567.68,1539.23,-0.018154099343620222,-0.13408679215562724,25.3401,28.2681,0.11482657306804955,0.021117272021240252,empty,,0.0,4.522582955314637,4.3485987117188385,6.650848175422911,6.9537268671491965
2021-03-05,48374.09,48751.71,0.007806245037374371,-0.00284899061176902,1539.22,1528.31,-0.007094456319068687,-0.03142170873761807,28.2471,28.2866,0.0006544479466252806,0.14019332005836693,UNI,2021-03-05,0.0006544479466252806,4.557887346065676,4.317747768109391,6.655200809354634,6.9582777194187955
2021-03-06,48746.81,48882.2,0.0026766240609816805,-0.01598350920561553,1528.08,1650.35,0.07985290942282641,0.01660722315648111,28.2885,28.5148,0.008067424151364966,0.1292587590937353,UNI,,0.008067424151364966,4.570087097003399,4.662532489546842,6.708891137096205,7.014413097144339
2021-03-07,48882.2,50971.75,0.04274664397265271,0.08280669494429271,1650.68,1726.16,0.045935710606840985,0.16494685338282444,28.5311,34.2651,0.20166019049756612,0.45944944437582236,UNI,,0.20166019049756612,4.765442983063017,4.87670923268166,8.061807401830459,8.428940978543089
2021-03-08,50959.11,52375.17,0.027533290499148988,0.13177857534444293,1726.46,1833.18,0.06199888770450013,0.26899673955932135,34.2459,33.2344,-0.030080169034965465,0.4382080819795571,UNI,,-0.030080169034965465,4.896651309072822,5.179059780766189,7.819306872456062,8.175397009122765
2021-03-09,52375.18,54884.5,0.04791067981259056,0.19038711086501392,1833.22,1870.51,0.02036352131269159,0.2828142895352266,33.222,32.8722,-0.010898346291794092,0.396807995308875,UNI,,-0.010898346291794092,5.131253202095713,5.284523674991525,7.73408935839823,8.086298701444447
2021-03-10,54874.67,55851.59,0.017620457506217546,0.2374160475331477,1870.5,1795.12,-0.040304515880695724,0.26489944897757844,32.8696,30.8877,-0.06037016080457047,0.3907239146682995,UNI,,-0.06037016080457047,5.221668231096883,5.071533506610916,7.267181140154812,7.598127548524456
2021-03-11,55851.59,57773.16,0.034404929206133694,0.16508611223539704,1795.28,1825.78,0.01707963813004154,0.16302090632285693,30.8787,30.9944,0.0034544495057904356,0.20573567054905895,UNI,,0.0034544495057904356,5.401319356925689,5.158153463668211,7.292285250452909,7.624374896479389
2021-03-12,57773.15,57221.72,-0.009544916705265916,0.18127481774088494,1825.78,1766.1,-0.032687399358082625,0.18786908621315868,31.0093,30.9198,-0.0024068864052860794,0.2113393378334436,UNI,,-0.0024068864052860794,5.349764213565293,4.989546841451012,7.274733548220125,7.6060238921922485
2021-03-13,57221.72,61188.39,0.06932105501197783,0.2152761792252813,1766.13,1922.35,0.08847177396523409,0.226230951272254,30.9117,32.4439,0.049292039405170796,0.27951018476524747,UNI,,0.049292039405170796,5.720615512914963,5.430980901796813,7.63332000094111,7.980940321602859
2021-03-14,61188.38,58968.31,-0.03628270003508838,0.21900608362865337,1922.35,1848.1,-0.03862460009883739,0.20066526769878434,32.4726,30.6509,-0.055264626015984475,0.0842928955253448,UNI,,-0.05668172907696045,5.513056136243796,5.2212114363204885,7.211467425828765,7.528566824514376
2021-03-15,58976.08,55605.2,-0.05703249762457163,0.14057947916083346,1848.1,1793.48,-0.029554677777176463,0.1735053752183786,30.6494,29.7983,-0.027816475209537006,0.05344226594924817,BTC,2021-03-15,-0.05844694887813473,5.198632775249342,5.066900214713527,7.010869820953815,7.088545064196364
2021-03-16,55605.2,56900.75,0.023299079942163736,0.16403823886813607,1793.99,1805.12,0.006490175524678232,0.09378010724997732,29.8058,30.0247,0.00759774886486797,0.0529514497734509,ETH,2021-03-16,0.004980440261391328,5.319756135869829,5.099785286473048,7.064136649177705,7.123849139428774
2021-03-17,56900.74,58912.97,0.03536368149804714,0.15579649511739357,1805.01,1823.58,0.010226466938486167,0.05643741020531112,30.0247,31.2878,0.04206869677299019,-0.08689015937499078,BTC,2021-03-17,0.03536368149804714,5.507882297506011,5.151938072098543,7.361315671834929,7.3757746714356704
2021-03-18,58912.97,57648.16,-0.021469126407987926,0.10067728658446362,1823.58,1776.08,-0.026047664484146527,-0.03114805965589862,31.3261,29.9785,-0.041846981890705015,-0.09796776833642251,BTC,,-0.021469126407987926,5.389632876220536,5.017742117753419,7.05326682822389,7.217423232657782
2021-03-19,57641.0,58030.01,0.0066238020432916045,0.05731144494347218,1775.92,1809.1,0.01859150488716721,-0.03283061838749868,29.9752,33.262,0.10952849542171883,0.011858044183230776,BTC,,0.0066238020432916045,5.425332737478637,5.111029494858176,7.825800531727172,7.265230015413561
2021-03-20,58030.01,58102.28,0.0012453901007425383,0.04029768892882024,1809.01,1806.1,-0.0016582831242053508,0.006116582735415932,33.2566,32.0399,-0.036741627081955275,0.03730287460704429,BTC,,0.0012453901007425383,5.432089393163128,5.102553960899536,7.538267886972685,7.274278060954375
2021-03-21,58100.02,57351.56,-0.012920663354346829,-0.0072975063160818365,1806.57,1782.98,-0.012801063064060592,-0.023442035732673117,32.04,32.9395,0.028077490878560818,0.06275649794801663,BTC,,-0.01440128235931526,5.361903194803348,5.037235845858289,7.749923534809308,7.169519128638399
2021-03-22,57351.56,54083.25,-0.05698729031956584,-0.05484752992395192,1783.23,1680.97,-0.0572132048592805,-0.04820225355302643,32.9399,32.7958,-0.0043625434508721694,0.060673096203727184,UNI,2021-03-22,-0.0043625434508721694,5.056342860775683,4.7490394394846875,7.716114156647766,7.1382417899178545
2021-03-23,54083.25,54340.89,0.004763766970365069,-0.11190848459977454,1681.17,1668.08,-0.0076681915798616496,-0.13227039821052355,32.828,30.9878,-0.055129010422066194,-0.044880547653025626,UNI,,-0.05654631690643308,5.080430099886687,4.712622895242401,7.290732418888078,6.734600507510415
2021-03-24,54342.8,52303.65,-0.03749000062383956,-0.11302104469332763,1668.2,1581.84,-0.05170015826579066,-0.14407229046047287,31.017,27.2243,-0.12145102266053098,-0.11179443344241113,empty,2021-03-24,0.0,4.889964772272562,4.46897954571138,6.405265510669834,6.734600507510415
2021-03-25,52303.66,51293.78,-0.019307830333064713,-0.07753627358592363,1581.88,1585.74,0.002465483234713961,-0.11583067555813276,27.2213,26.5,-0.026604908115176462,-0.11068752244255553,empty,,0.0,4.79555016211486,4.479997739857612,6.234854010305154,6.734600507510415
2021-03-26,51293.78,55025.59,0.07275365551144786,-0.0329549259016797,1585.83,1698.84,0.0713231677324151,-0.05887697216805532,26.5005,28.88,0.08981132075471687,-0.03812527685538902,empty,,0.0,5.144443966597232,4.7995253700983165,6.7948144836835045,6.734600507510415
2021-03-27,55025.59,55817.14,0.014385125175395697,-0.05254920945251962,1698.84,1712.63,0.008117303571849144,-0.0608418605161275,28.88,28.1897,-0.023902354570637163,-0.09901942610218684,empty,,0.0,5.218447437014543,4.838484574528196,6.6324024186528,6.734600507510415
2021-03-28,55817.14,55777.63,-0.0007078470878300047,-0.032447349577159224,1712.52,1687.01,-0.014959448333849212,-0.05014976802846716,28.1893,27.8685,-0.011394232645256852,-0.0703837750387778,empty,,0.0,5.214753574193258,4.766103514521415,6.556831282497706,6.734600507510415
2021-03-29,55777.65,57635.47,0.03330797669244823,-0.006798895950560713,1687.16,1816.74,0.07689936633452077,0.004223094356309742,27.8714,29.0155,0.04115757934585629,-0.12766820996933437,empty,,0.0,5.388446464699348,5.132613854672845,6.826694586264498,6.734600507510415
2021-03-30,57635.46,58746.57,0.01927805915350378,0.01108889358558729,1816.76,1840.46,0.013056353688474909,0.01902441725264392,29.0186,28.55,-0.016043149351208763,-0.10892356093495925,ETH,2021-03-30,0.013056353688474909,5.492325254391312,5.19962707650582,6.717172905441969,6.822529833687054
2021-03-31,58746.57,58740.55,-0.00010247406784769097,0.024218870419566718,1840.41,1919.37,0.04287515077752291,0.07649552995546771,28.5487,28.0316,-0.018157618213660243,-0.14899740433218478,ETH,,0.04287515077752291,5.4917624334805515,5.422561871397898,6.595205044349811,7.115046828990534
2021-04-01,58739.46,58720.44,-0.00034235294017503914,0.08574170376225543,1919.37,1968.05,0.025362488733282396,0.17078234590742247,28.0776,28.6638,0.02255311862326792,-0.1259917428451205,ETH,,0.025362488733282396,5.489882312464706,5.5600915357667535,6.743947486059807,7.295502124027584
2021-04-02,58720.45,58950.01,0.0039095415497567565,0.08481863289320435,1968.05,2133.69,0.08416452834023525,0.2791292983549951,28.6638,30.2084,0.05388678402724012,-0.025151833947553492,ETH,,0.08416452834023525,5.511345235468562,6.028054017403097,7.10735712773216,7.90952461930155
2021-04-03,58950.01,57051.94,-0.03219795891468047,0.09078314802121845,2133.69,2008.52,-0.05866362967441385,0.26973650938147986,30.194,29.3874,-0.027177871055732883,0.07945475182098338,ETH,,-0.05866362967441385,5.333891168012326,5.674426488868799,6.914194292167611,7.445523196134184
2021-04-04,57051.95,58202.01,0.020158297859809826,0.1346796824098362,2008.59,2075.69,0.03344253480174464,0.30897246711314597,29.3859,30.9131,0.05191680788365094,0.16653207547169813,ETH,,0.03344253480174464,5.441413334928927,5.8641936942027355,7.273157188904312,7.694520364738098
2021-04-05,58202.01,59129.99,0.015944122891975665,0.07459074950400346,2075.7,2107.38,0.015267212348664794,0.24048174048174054,30.9134,30.8292,-0.0027140597351931195,0.06749307479224376,ETH,,0.015267212348664794,5.528171897847069,5.95372358458583,7.253417405830176,7.811994241067681
2021-04-06,59129.99,57991.15,-0.019259938992041037,0.0389487888487301,2107.43,2112.21,0.0022919454488512514,0.23331367545821324,30.8292,31.233,0.013097972052469764,0.10795787113733035,ETH,,0.0022919454488512514,5.421699644357019,5.967369194259239,7.348422464296638,7.829898905714948
2021-04-07,57990.03,55953.45,-0.03513812021317053,0.0031521597457617734,2112.22,1963.47,-0.07041913446106207,0.16387573280537748,31.2512,28.5722,-0.08519194441776334,0.025250731112187452,ETH,,-0.07041913446106207,5.231191310493898,5.547152220589898,6.7223960661600355,7.278524201856885
2021-04-08,55953.44,58077.52,0.03796137682305556,0.007669756141487127,1963.46,2080.46,0.05958328876937258,0.1451611127624206,28.5646,30.2033,0.057086958652116326,0.04093674070755293,ETH,,0.05958328876937258,5.429774535065051,5.877669793196972,7.106157212432063,7.712202611190991
2021-04-09,58077.52,58142.54,0.0011195381620978662,-0.01028196199369591,2080.39,2066.87,-0.006532209222960383,0.12301815850385212,30.1911,29.5199,-0.02262666662252133,0.033971978984238094,ETH,,-0.006532209222960383,5.4358533748686435,5.839275624364335,6.945368562219137,7.66182489016483
2021-04-10,58142.55,59769.13,0.0279759019815784,0.017510561273260006,2067.19,2133.49,0.03223231262730608,0.11155743811771557,29.5199,29.7649,0.008299486109370369,0.0618337875825854,ETH,,0.03223231262730608,5.587926276070201,6.0274889818058535,7.003011552125733,7.908783225320298
2021-04-11,59769.13,60002.43,0.0039033527842884386,0.02183209117642848,2133.49,2151.36,0.008375947391363603,0.09314295876629153,29.7743,29.9063,0.0047505619034500235,0.04334735799161327,ETH,,0.008375947391363603,5.609737923658298,6.077974912419483,7.036279792014682,7.975026777545279
2021-04-12,59998.8,59860.0,-0.002373737196976866,0.015436638602775332,2151.42,2137.69,-0.006354120184441481,0.0018746865758381137,29.9131,36.6844,0.22664455315435195,0.21437745792560992,ETH,,-0.007844589004164737,5.596421880083619,6.0393547293479495,8.631014281344845,7.9124659701782285
2021-04-13,59860.01,62682.66,0.04715436017373875,0.09869462808801943,2137.86,2213.85,0.0356272424907258,0.1022295023201163,36.669,35.31,-0.03746551667738862,0.2015353518855021,UNI,2021-04-13,-0.03746551667738862,5.860317573101274,6.254520284777941,8.307648871844341,7.616021344413246
