date,open,high,low,close,volume,flag_bf,flag_id,price
2017-03-15,8.93350426,9.14752175,8.87137015,9.07848385,10584644,,,
2017-03-16,9.0439649,9.13371417,9.00944595,9.03706111,5201528,,,
2017-03-17,9.08538764,9.10609901,8.93350426,8.974927,3953650,,,
2017-03-20,8.974927,9.0439649,8.9058891,8.96802321,3454469,,,
2017-03-21,9.03706111,9.03706111,8.86446636,8.99563837,6111787,,,
2017-03-22,8.96111942,9.02325353,8.82304362,8.82304362,5494418,,,
2017-03-23,8.81613983,8.94731184,8.6987754,8.94731184,4315985,f,0.0,8.6987754
2017-03-24,8.91279289,9.3201165,8.9058891,9.25798239,13454911,,,
2017-03-27,9.32702029,9.63078705,9.21655965,9.49271125,19374011,,,
2017-03-28,9.47890367,9.97597655,9.44438472,9.94836139,31099770,,,
2017-03-29,9.9414576,10.25212815,9.69292116,9.8724197,19288312,,,
2017-03-30,9.76886285,10.05882203,9.71363253,9.74124769,16079050,,,
2017-03-31,9.72744011,9.85861212,9.44438472,9.62388326,11522480,,,
2017-04-05,9.63078705,9.90003486,9.5272302,9.83790075,11461254,,,
2017-04-06,9.84480454,10.11405235,9.67911358,10.07262961,23047881,,,
2017-04-07,10.0104955,10.27283952,9.94836139,10.24522436,20701956,,,
2017-04-10,10.2866471,10.5627987,10.05191824,10.1485713,19221021,,,
2017-04-11,10.06572582,10.20380162,9.90693865,10.05191824,18583457,,,
2017-04-12,9.98288034,10.4247229,9.9414576,10.22451299,17274398,,,
2017-04-13,10.23832057,10.34187742,10.1485713,10.2176092,6391735,,,
2017-04-14,10.12095614,10.32116605,10.03120687,10.25903194,8522263,,,
2017-04-17,10.1485713,10.355685,10.04501445,10.31426226,7958903,,,
2017-04-18,10.2866471,10.33497363,10.18309025,10.23832057,7810388,,,
2017-04-19,10.18309025,10.2176092,9.8033818,10.15547509,13093387,,,
2017-04-20,10.03811066,10.31426226,10.03811066,10.11405235,8020720,,,
2017-04-21,10.06572582,10.2866471,9.9414576,10.03120687,5784342,,,
2017-04-24,10.0104955,10.03120687,9.71363253,9.91384244,6691034,,,
2017-04-25,9.91385535,10.12802226,9.82404342,10.07966199,6861892,,,
2017-04-26,10.11420504,10.32146334,10.02439311,10.16256531,7910186,,,
2017-04-27,10.16256531,10.21092558,10.02439311,10.03821033,5991600,,,
2017-04-28,10.01057589,10.27310307,9.88622091,10.25928585,7743227,,,
2017-05-02,10.26619446,10.48726998,10.1556567,10.19019975,6995967,,,
2017-05-03,10.16256531,10.21783419,9.96912423,10.14183948,4991287,,,
2017-05-04,10.16256531,10.25928585,10.0174845,10.20401697,5506219,,,
2017-05-05,10.19019975,10.23856002,9.9483984,10.12802226,8069196,,,
2017-05-08,10.14183948,10.16947392,9.83786064,10.0174845,6305196,,,
2017-05-09,10.10729643,10.14183948,9.90003813,10.02439311,8730531,,,
2017-05-10,9.99675867,10.05893616,9.92767257,10.03130172,5866454,,,
2017-05-11,9.96221562,10.07275338,9.90003813,10.02439311,5746469,,,
2017-05-12,9.96912423,10.34909778,9.9483984,10.34218917,7791735,,,
2017-05-15,10.4320011,10.69452828,10.27310307,10.28001168,10097018,,,
2017-05-16,10.23165141,10.60471635,10.0174845,10.53563025,14350342,,,
2017-05-17,10.48036137,10.83270048,10.4320011,10.7774316,19886191,,,
2017-05-18,10.79815743,10.88106075,10.54253886,10.68761967,8966395,,,
2017-05-19,10.67380245,10.83270048,10.5010872,10.5010872,8702174,,,
2017-05-22,10.46654415,10.74288855,10.39054944,10.52872164,7259298,,,
2017-05-23,10.49417859,10.52872164,10.33528056,10.52872164,7579935,,,
2017-05-24,10.51490442,10.7774316,10.41127527,10.77052299,13982337,,,
2017-05-25,10.88796936,10.97778129,10.2938289,10.41127527,19346809,,,
2017-05-26,10.32146334,10.65307662,10.2247428,10.30764612,8884320,,,
2017-05-31,10.362915,10.362915,9.83095203,10.05893616,14126747,,,
2017-06-01,9.9483984,10.39745805,9.93458118,10.23165141,9591246,,,
2017-06-02,10.25928585,10.32837195,10.19019975,10.30764612,3880766,,,
2017-06-05,10.26619446,10.48036137,10.23856002,10.362915,4525087,,,
2017-06-06,10.32146334,10.60471635,10.31455473,10.56326469,5931642,,,
2017-06-07,10.62544218,10.7774316,10.50799581,10.72216272,6949818,,,
2017-06-08,10.7774316,10.9846899,10.68071106,10.79124882,9274453,,,
2017-06-09,10.76361438,11.08141044,10.72216272,11.01923295,14901520,,,
2017-06-12,10.99159851,11.22649125,10.9156038,11.1228621,9705827,,,
2017-06-13,11.1228621,11.17813098,10.9156038,11.01923295,8277991,,,
2017-06-14,10.99850712,11.15049654,10.92942102,10.99850712,5143126,,,
2017-06-15,11.08831905,12.0900675,11.07450183,11.32321179,13648628,b,1.0,12.0900675
2017-06-16,11.3301204,11.45447538,11.22649125,11.34393762,4742283,,,
2017-06-19,11.34393762,11.37848067,11.01232434,11.12977071,5596424,,,
2017-06-20,11.24030847,11.24030847,11.03305017,11.10213627,4724131,,,
2017-06-21,11.053776,11.15740515,10.82579187,11.03995878,4533165,,,
2017-06-22,11.01923295,11.32321179,10.92251241,11.19885681,6569475,,,
2017-06-23,11.21958264,11.58573897,11.14358793,11.53047009,10735499,,,
2017-06-26,11.73081978,11.9518953,11.53047009,11.55119592,9435638,,,
2017-06-27,11.58573897,11.6755509,11.40611511,11.62028202,5163135,,,
2017-06-28,11.51665287,11.80681449,11.48210982,11.64100785,5478020,,,
2017-06-29,11.50974426,11.64100785,11.3992065,11.64100785,4825576,,,
2017-06-30,11.55810453,11.84826615,11.51665287,11.744637,4923064,,,
2017-07-03,11.8137231,12.04170723,11.76536283,11.87590059,7364691,,,
2017-07-04,11.87590059,11.99334696,11.57192175,11.57192175,6816413,,,
2017-07-05,11.56501314,11.83444893,11.53047009,11.83444893,5128512,,,
2017-07-13,12.08315889,12.08315889,10.65307662,11.5373787,13511200,,,
2017-07-14,11.37157206,11.66864229,11.01923295,11.6064648,5708933,,,
2017-07-17,11.62719063,11.71009395,11.06068461,11.32321179,8696575,,,
2017-07-18,11.2610343,11.39229789,10.2247428,10.59089913,12213066,,,
2017-07-19,10.53563025,11.08831905,10.40436666,10.8465177,5178252,,,
2017-07-20,10.90178658,11.15740515,10.73597994,11.01923295,4764596,,,
2017-07-21,11.01923295,11.25412569,10.9156038,11.10904488,4341969,,,
2017-07-24,11.06759322,11.18503959,10.81888326,11.15049654,4504669,,,
2017-07-25,11.10904488,11.24030847,11.053776,11.17813098,3132293,,,
2017-07-26,11.16431376,11.17122237,10.97778129,11.14358793,3003400,,,
2017-07-27,11.13667932,11.13667932,10.7774316,10.88106075,5908558,,,
2017-07-28,10.93632963,11.08831905,10.83270048,10.85342631,2936065,,,
2017-07-31,10.85342631,11.04686739,10.8465177,10.90178658,3588193,,,
2017-08-01,10.8465177,10.97087268,10.72907133,10.93632963,2598984,,,
2017-08-02,10.9156038,10.99850712,10.71525411,10.80506604,2818586,,,
2017-08-03,10.85342631,10.88106075,10.72216272,10.78434021,1966909,,,
2017-08-04,10.7774316,10.90869519,10.4320011,10.46654415,4005146,,,
2017-08-07,10.46654415,10.54944747,10.362915,10.362915,4233119,,,
2017-08-08,10.30764612,10.73597994,10.2938289,10.70143689,4501915,f,2.0,10.2938289
2017-08-09,10.70143689,10.87415214,10.60471635,10.83960909,2485067,,,
2017-08-10,10.79124882,11.1228621,10.72216272,11.03995878,4340248,,,
2017-08-11,10.9846899,11.10904488,10.81888326,11.04686739,3443788,,,
2017-08-14,11.053776,11.31630318,10.9846899,11.1228621,3828198,gan,3.0,
2017-08-15,11.22649125,11.22649125,10.9156038,11.10904488,3801700,,,
2017-08-16,11.053776,11.1919482,10.96396407,11.053776,1578435,,,
2017-08-17,11.053776,11.11595349,10.88106075,10.99850712,2763644,,,
2017-08-18,11.053776,11.053776,10.95705546,10.95705546,1592177,,,
2017-08-21,11.03995878,11.03995878,10.83270048,10.86724353,2330514,,,
2017-08-22,10.95705546,11.02614156,10.8465177,10.90178658,2483964,,,
2017-08-23,11.00541573,11.00541573,10.86724353,10.97087268,2664897,,,
2017-08-24,10.86724353,11.03305017,10.78434021,10.79815743,2623500,,,
2017-08-25,10.7774316,11.01232434,10.72216272,10.95705546,1560000,gan,4.0,
2017-08-28,10.9846899,11.12977071,10.9156038,11.08141044,3041406,,,
2017-08-29,11.18503959,11.45447538,11.053776,11.31630318,6793208,,,
2017-08-30,11.42684094,11.79299727,11.19885681,11.45447538,5658243,,,
2017-08-31,11.6064648,11.6064648,11.35084623,11.44756677,3469291,,,
2017-09-01,11.44756677,11.59955619,11.35775484,11.43374955,3170951,,,
2017-09-04,11.3992065,11.63409924,11.3301204,11.45447538,6617746,,,
2017-09-05,11.45447538,11.56501314,11.31630318,11.50283565,2726693,,,
2017-09-06,11.50283565,11.53047009,11.32321179,11.44756677,4570588,,,
2017-09-07,11.44756677,11.49592704,11.18503959,11.42684094,7194598,,,
2017-09-08,11.36466345,11.3992065,11.15049654,11.3301204,7211628,,,
2017-09-11,11.26794291,11.6064648,11.2610343,11.5373787,6401349,,,
2017-09-12,11.55119592,11.8137231,11.55119592,11.75154561,7754309,,,
2017-09-13,11.82754032,11.97262113,11.68936812,11.75845422,3664432,,,
2017-09-14,11.84826615,11.84826615,11.62028202,11.63409924,2995431,,,
2017-09-15,11.63409924,11.744637,11.62028202,11.71009395,2127376,,,
2017-09-18,11.744637,11.97952974,11.6064648,11.82063171,6051974,,,
2017-09-19,11.84135754,11.95880391,11.75845422,11.84826615,5215297,,,
2017-09-20,11.84826615,11.93807808,11.06068461,11.79990588,5611355,,,
2017-09-21,11.6064648,11.78608866,11.4682926,11.59955619,7907050,,,
2017-09-22,11.4682926,11.57192175,11.30248596,11.50283565,4731521,,,
2017-09-25,11.48901843,11.71009395,11.43374955,11.6755509,4343154,,,
2017-09-26,11.6755509,11.79990588,11.6064648,11.71009395,3015936,,,
2017-09-27,11.75154561,11.85517476,11.57192175,11.64100785,2433056,,,
2017-09-28,11.64100785,11.83444893,11.6064648,11.77227144,3491237,,,
2017-09-29,11.77227144,11.86899198,11.65482507,11.75154561,3353428,,,
2017-10-09,11.83444893,12.0209814,11.79299727,11.99334696,5098636,,,
2017-10-10,12.04170723,12.95364375,11.9518953,12.5045841,11145641,,,
2017-10-11,12.61512186,12.87764904,12.41477217,12.42168078,10820636,,,
2017-10-12,12.48385827,12.60130464,12.26278275,12.54603576,6142941,,,
2017-10-13,12.60130464,12.82238016,12.47004105,12.76711128,6641883,,,
2017-10-16,12.81547155,13.11254178,12.58057881,12.74638545,6560676,,,
2017-10-17,12.74638545,12.80856294,12.47694966,12.6427563,3233812,,,
2017-10-18,12.6427563,12.91219209,12.54603576,12.82238016,3844607,,,
2017-10-19,12.82238016,12.9881868,12.74638545,12.93291792,5861758,,,
2017-10-20,12.93982653,12.97436958,12.66348213,12.79474572,3392083,,,
2017-10-23,12.9191007,12.9191007,12.58748742,12.67729935,5578095,,,
2017-10-24,12.68420796,12.72565962,12.435498,12.53912715,4766656,,,
2017-10-25,12.51840132,13.04345568,12.47694966,13.02963846,10377028,,,
2017-10-26,13.06418151,13.41652062,12.84310599,13.00200402,7832007,,,
2017-10-27,12.9881868,12.9881868,12.64966491,12.67729935,6201212,,,
2017-10-30,12.8500146,13.01582124,12.76711128,12.80856294,6496454,,,
2017-10-31,12.88455765,13.3336173,12.88455765,13.20235371,11629509,,,
2017-11-01,13.27143981,13.4027034,12.92600931,13.09872456,9414293,,,
2017-11-02,13.04345568,13.29907425,13.00891263,13.24380537,8665163,,,
2017-11-03,13.24380537,13.29907425,13.00891263,13.16090205,7873498,,,
2017-11-06,13.13326761,14.41136046,13.00891263,13.82412861,22314634,,,
2017-11-07,13.84485444,14.4389949,13.82412861,13.97611803,16933175,,,
2017-11-08,14.07283857,14.4389949,12.79474572,13.4717895,43062751,,,
2017-11-09,13.25071398,13.58923587,13.14017622,13.47869811,11758248,,,
2017-11-10,13.55469282,14.14883328,13.53396699,13.54778421,12044551,,,
2017-11-13,13.7481339,14.90187177,13.7481339,14.88114594,24102460,,,
2017-11-14,14.97786648,15.30257115,14.4389949,15.2680281,23797944,,,
2017-11-15,15.0607698,15.70327053,14.7153393,14.90187177,14394085,,,
2017-11-16,15.09531285,15.889803,14.79824262,15.76544802,18581137,,,
2017-11-17,15.6134586,16.04179242,15.2680281,15.44765196,20121090,b,5.0,16.04179242
2017-11-20,15.44765196,15.46837779,14.79824262,15.35784003,11673136,,,
2017-11-21,15.28184532,15.8207169,14.98477509,15.19203339,13526334,,,
2017-11-22,15.32329698,15.5443725,14.99859231,15.50292084,14706196,,,
2017-11-23,15.39238308,15.39238308,13.99684386,14.0244783,19478911,,,
2017-11-24,13.7481339,14.28700548,13.74122529,13.87939749,12561118,,,
2017-11-27,13.90703193,14.05902135,12.9191007,13.02963846,16322150,f,6.0,12.9191007
2017-11-28,13.11254178,13.5408756,13.02963846,13.41652062,14166165,,,
2017-11-29,13.57541865,13.85867166,13.2645312,13.58232726,10576930,,,
2017-11-30,13.62377892,13.75504251,13.31980008,13.36816035,7957027,,,
2017-12-01,13.3336173,13.81722,13.3336173,13.52705838,8326202,,,
2017-12-04,13.4717895,13.85176305,13.06418151,13.66523058,10019207,,,
2017-12-05,13.72049946,13.72049946,13.2645312,13.36816035,9582033,,,
2017-12-06,13.44415506,13.63068753,13.09181595,13.28525703,8699707,,,
2017-12-07,13.32670869,13.4717895,13.09181595,13.29216564,6535242,,,
2017-12-08,13.22998815,13.8863061,13.20235371,13.72049946,11532837,,,
2017-12-11,13.63759614,14.508081,13.61687031,14.14192467,13412786,,,
2017-12-12,14.3699088,14.50117239,14.08665579,14.2317366,10518782,,,
2017-12-13,14.2317366,14.77060818,14.12119884,14.6462532,11782935,,,
2017-12-14,14.6462532,14.98477509,14.4389949,14.508081,10545341,,,
2017-12-15,14.56334988,14.73606513,14.33536575,14.44590351,5466009,,,
2017-12-18,14.3699088,14.81205984,14.16955911,14.33536575,6726843,,,
2017-12-19,14.2317366,14.74988235,14.2317366,14.65316181,7349899,,,
2017-12-20,14.65316181,14.97095787,14.508081,14.9225976,8635111,,,
2017-12-21,14.90878038,15.20585061,14.5771671,14.92950621,9101824,,,
2017-12-22,14.86042011,15.15749034,14.5771671,14.72224791,7234906,,,
2017-12-25,14.84660289,14.9225976,14.5771671,14.70152208,4805548,,,
2017-12-26,14.84660289,15.08149563,14.70843069,15.08149563,6736564,,,
2017-12-27,15.04004397,15.15058173,14.53571544,14.66697903,8629228,,,
2017-12-28,14.6462532,14.99859231,14.54953266,14.82587706,8482115,,,
2017-12-29,14.7844254,15.12294729,14.68770486,15.10913007,9347424,,,
2018-01-02,14.70152208,15.20585061,14.70152208,14.80515123,7801290,,,
2018-01-03,14.81205984,14.9225976,14.1626505,14.4389949,13667199,,,
2018-01-04,14.61171015,14.8535115,14.54953266,14.74297374,11934058,,,
2018-01-05,14.89496316,15.30257115,14.79824262,15.21966783,14062726,,,
2018-01-08,15.08840424,15.20585061,14.84660289,15.17821617,9732630,,,
2018-01-09,15.17130756,15.9588891,14.90878038,15.889803,15822170,,,
2018-01-10,15.86216856,16.06251825,15.198942,15.70327053,11051490,,,
2018-01-11,15.66872748,16.24905072,15.55128111,15.93125466,8362441,,,
2018-01-12,15.94507188,16.11087852,15.71708775,16.01415798,6582254,,,
2018-01-15,15.97270632,16.43558319,15.59964138,16.18687323,8587980,,,
2018-01-16,16.15923879,16.88464284,16.0279752,16.18687323,10612489,,,
2018-01-17,16.19378184,16.29050238,15.5443725,15.84144273,9941334,,,
2018-01-18,15.92434605,16.33886265,15.79308246,15.8207169,8055820,,,
2018-01-19,15.8207169,16.38722292,15.80689968,16.01415798,8530355,,,
2018-01-22,16.14542157,16.7188362,15.90362022,16.61520705,9777648,,,
2018-01-23,16.62211566,16.91227728,16.3734057,16.69120176,6885188,,,
2018-01-24,16.61520705,16.9951806,16.45630902,16.86391701,8343702,,,
2018-01-25,16.84319118,16.9951806,16.51848651,16.7879223,7351565,b,7.0,16.9951806
2018-01-26,16.90536867,16.90536867,16.44940041,16.51848651,7625642,,,
2018-01-29,16.50466929,16.67047593,16.07633547,16.38031431,7139294,,,
2018-01-30,16.25595933,16.59448122,16.0279752,16.59448122,6309225,,,
2018-01-31,16.64284149,16.64284149,15.97270632,16.10396991,7842452,,,
2018-02-01,15.97270632,16.0970613,14.508081,14.97095787,15729193,,,
2018-02-02,14.95714065,16.15233018,14.62552737,15.7516308,10872097,,,
2018-02-05,15.6134586,16.13851296,15.33020559,15.50982945,10214584,,,
2018-02-06,15.198942,15.49601223,14.10047301,15.0607698,13980300,f,8.0,14.10047301
2018-02-07,15.28184532,15.50982945,14.13501606,14.45281212,9741498,,,
2018-02-08,14.45281212,14.96404926,14.33536575,14.70152208,4774044,,,
2018-02-09,14.12810745,14.63934459,14.10738162,14.3008227,6027124,,,
2018-02-12,14.34918297,15.03313536,14.34918297,15.00550092,8196951,,,
2018-02-13,15.00550092,15.32329698,14.7844254,15.0607698,5752802,,,
2018-02-14,15.02622675,15.3371142,14.86042011,15.2680281,4104950,,,
2018-02-22,15.27493671,15.50292084,15.10222146,15.3371142,5446280,,,
2018-02-23,15.36474864,15.57891555,15.09531285,15.22657644,5051798,,,
2018-02-26,15.24039366,15.66872748,15.24039366,15.64109304,5927832,,,
2018-02-27,15.64800165,16.00034076,15.64800165,15.8207169,6021335,,,
2018-02-28,15.8207169,16.06251825,15.6825447,15.91743744,6351293,,,
2018-03-01,15.86907717,16.26977655,15.75853941,16.08324408,5808096,,,
2018-03-02,16.08324408,16.36649709,15.93816327,16.20069045,4239317,,,
2018-03-05,16.20069045,16.580664,16.07633547,16.49776068,5761521,,,
2018-03-06,16.48394346,16.67047593,16.3043196,16.52539512,5126177,,,
2018-03-07,16.53921234,17.25770778,16.45630902,16.56684678,10400716,,,
2018-03-08,16.5115779,17.18171307,16.48394346,17.18171307,10218446,,,
2018-03-09,17.271525,17.3406111,16.86391701,16.96754616,8535328,,,
2018-03-12,16.93300311,17.4096972,16.93300311,17.33370249,9466797,,,
2018-03-13,17.6169555,17.6169555,16.81555674,17.01590643,8831120,,,
2018-03-14,16.91227728,17.09880975,16.80864813,16.93991172,4403751,,,
2018-03-15,16.9260945,17.05735809,16.49085207,16.78101369,6044241,,,
2018-03-16,16.89846006,17.3406111,16.87773423,17.12644419,6160963,,,
2018-03-19,17.18862168,17.30606805,16.96063755,17.21625612,4270742,,,
2018-03-20,17.05044948,17.46496608,16.9951806,17.14717002,8214160,,,
2018-03-21,17.15407863,18.3078165,17.15407863,18.0314721,18698930,,,
2018-03-22,18.05219793,18.30090789,17.72749326,17.84493963,8340093,,,
2018-03-23,17.4787833,17.962386,16.91227728,17.48569191,9902752,,,
2018-03-26,17.271525,18.09364959,16.61520705,17.94166017,9162540,,,
2018-03-27,17.94166017,18.653247,17.8932999,18.5841609,10828180,,,
2018-03-28,18.61870395,18.81905364,17.91402573,18.06601515,9329383,,,
2018-03-29,17.63768133,18.2387304,16.9260945,17.58932106,11232683,,,
2018-03-30,17.72058465,18.9986775,17.4787833,18.77069337,13620089,,,
2018-04-02,18.77069337,18.89504835,18.3078165,18.43908009,8209702,,,
2018-04-03,18.22491318,18.653247,18.1005582,18.64633839,5776298,,,
2018-04-04,18.7223331,18.75687615,18.38381121,18.49434897,5935243,,,
2018-04-09,18.31472511,18.75687615,18.2387304,18.48053175,4279320,,,
2018-04-10,18.54270924,18.5841609,17.962386,18.5841609,7587178,,,
2018-04-11,18.5841609,18.64633839,18.04528932,18.04528932,6589768,,,
2018-04-12,18.1005582,18.39762843,18.04528932,18.19037013,5266477,,,
2018-04-13,18.21800457,18.3769026,17.5478694,17.6169555,10760824,,,
2018-04-16,17.63077272,18.31472511,17.63077272,18.31472511,6756958,,,
2018-04-17,18.29399928,18.5841609,17.60313828,17.67222438,7712912,,,
2018-04-18,17.99692905,18.75687615,17.65840716,18.45289731,10864509,,,
2018-04-19,18.48053175,18.85359669,18.3078165,18.50125758,6919987,,,
2018-04-20,18.34235955,18.77069337,18.34235955,18.38381121,4002366,,,
2018-04-23,18.39762843,18.63942978,17.49950913,17.93475156,8222261,,,
2018-04-24,17.92093434,18.54270924,17.67222438,18.4459887,6503059,,,
2018-04-25,18.3078165,19.26120468,18.21109596,19.17830136,14135866,,,
2018-04-26,19.04012916,19.26120468,18.72924171,18.94340862,8880598,,,
2018-04-27,19.17139275,20.02115178,19.0677636,19.69644711,14568368,,,
2018-05-02,19.6204524,20.1731412,19.47537159,19.80698487,9813986,,,
2018-05-03,19.80007626,19.80007626,19.00558611,19.33029078,9970820,,,
2018-05-04,19.33029078,19.59972657,19.17139275,19.48918881,9251478,,,
2018-05-07,19.53754908,19.77935043,19.344108,19.6204524,8700702,,,
2018-05-08,19.4822802,19.74480738,19.2059358,19.4131941,5751609,,,
2018-05-09,19.46155437,19.66190406,18.9986775,19.23357024,7263128,,,
2018-05-10,19.24047885,19.93824846,19.04012916,19.8967968,11178628,,,
2018-05-11,19.95206568,20.25604452,19.38555966,19.39246827,8316977,,,
2018-05-14,19.43391993,19.87607097,19.0677636,19.71717294,8100233,,,
2018-05-15,19.6895385,20.4494856,19.61354379,20.33203923,10963607,,,
2018-05-16,20.1731412,20.50475448,19.98660873,20.13859815,9394988,,,
2018-05-17,20.26295313,20.33203923,19.6895385,20.02115178,7513745,,,
2018-05-18,19.79316765,20.42185116,19.6895385,20.30440479,7385832,,,
2018-05-21,20.41494255,20.78109888,20.25604452,20.39421672,7863156,,,
2018-05-22,20.5876578,20.71892139,20.22841008,20.53238892,6333608,,,
2018-05-23,20.53238892,21.01599162,20.4494856,20.72583,7842052,b,9.0,21.01599162
2018-05-24,20.73273861,20.90545386,20.49093726,20.76037305,6509041,,,
2018-05-25,20.84327637,20.87091081,20.4494856,20.54620614,8210695,,,
2018-05-28,20.4494856,20.9330883,20.1040551,20.9330883,10189255,,,
2018-05-29,20.8640022,20.9330883,19.4131941,19.4131941,15223071,,,
2018-05-30,19.344108,20.15932398,18.81905364,19.58590935,12836771,,,
2018-05-31,19.63426962,20.62910946,19.63426962,20.57384058,12085303,,,
2018-06-01,20.5185717,20.5185717,18.9986775,19.49609742,16662055,,,
2018-06-04,19.49609742,19.6895385,18.9986775,19.344108,7326513,,,
2018-06-05,19.46155437,19.9658829,19.4131941,19.77935043,9923266,,,
2018-06-06,19.77935043,20.06951205,19.42010271,19.9658829,8613594,,,
2018-06-07,19.8967968,19.92443124,19.2059358,19.2059358,13920115,,,
2018-06-08,19.2750219,19.6895385,19.15066692,19.30265634,8932447,,,
2018-06-11,19.4355486,19.4355486,18.28934958,18.57174644,11708405,,,
2018-06-12,18.28934958,18.84583751,17.84083692,18.6880275,16232027,,,
2018-06-13,18.53852328,18.87075488,18.28104379,18.28104379,10991101,,,
2018-06-14,18.34749011,18.9372012,18.32257274,18.62158118,9888681,,,
2018-06-15,18.6880275,18.71294487,17.91558903,18.14815115,9527320,,,
2018-06-19,18.13153957,18.48038275,17.442159,17.91558903,13253276,f,10.0,17.442159
2018-06-20,17.89897745,18.97873015,17.74947323,18.75447382,14485828,,,
2018-06-21,18.75447382,19.03687068,18.31426695,18.58005223,12509564,,,
2018-06-22,18.4388538,18.87906067,18.30596116,18.72955645,9515818,,,
2018-06-25,18.92058962,19.28604438,18.75447382,18.88736646,15882168,,,
2018-06-26,18.45546538,18.97873015,18.40563064,18.56344065,9532833,,,
2018-06-27,18.55513486,18.92058962,17.89897745,17.98203535,11021625,,,
2018-06-28,17.90728324,18.33918432,17.84914271,18.00695272,7832438,,,
2018-06-29,18.272738,18.87906067,17.96542377,18.7710854,10821262,,,
2018-07-02,18.9372012,19.38571386,18.67141592,18.76277961,15003383,,,
2018-07-03,18.96211857,19.1863749,17.6913327,18.76277961,15530330,,,
2018-07-04,18.54682907,18.76277961,18.04848167,18.11492799,7496559,,,
2018-07-05,18.12323378,18.57174644,17.98203535,18.0235643,6114771,,,
2018-07-06,18.04017588,18.51360591,17.89897745,18.37240748,7067465,,,
2018-07-09,18.37240748,19.103317,18.37240748,19.09501121,10997521,,,
2018-07-10,18.97042436,19.5186065,18.97042436,19.31096175,8174454,,,
2018-07-11,19.103317,19.73455704,18.87075488,19.40232544,10090568,,,
2018-07-12,19.40232544,20.10831759,19.24451543,19.90067284,10263317,,,
2018-07-13,19.90897863,20.37410287,19.75116862,19.89236705,10353932,,,
2018-07-16,20.1000118,20.48207814,19.6847223,20.06678864,14223886,b,11.0,20.48207814
2018-07-17,19.933896,20.1000118,19.3524907,19.71794546,10499777,,,
2018-07-18,19.73455704,19.80930915,19.03687068,19.2694328,12289071,,,
2018-07-19,19.3524907,19.3524907,18.3557959,18.6880275,12440712,,,
2018-07-20,18.6049696,18.72955645,18.22290326,18.59666381,11367833,,,
2018-07-23,17.81591955,18.7710854,17.45877058,18.09001062,22553174,,,
2018-07-24,17.79930797,18.41393643,17.48368795,18.09001062,12931564,,,
2018-07-25,18.09001062,18.64649855,17.92389482,18.38901906,10267220,,,
2018-07-26,18.39732485,18.66311013,18.17306852,18.48038275,6175656,,,
2018-07-27,18.62988697,18.69633329,17.92389482,18.0235643,14186550,,,
2018-07-30,16.22120787,16.34579472,16.22120787,16.22120787,16194800,,,
2018-07-31,15.24112465,16.6946379,15.0334799,16.27104261,48281796,,,
2018-08-01,14.70955409,15.5318273,14.70955409,14.95872779,35002916,,,
2018-08-02,14.89228147,15.14145517,13.56335507,14.49360355,37225098,,,
2018-08-03,14.41054565,14.52682671,13.5384377,13.5384377,22454213,,,
2018-08-06,13.13145399,13.7045535,12.50021395,13.289264,31994478,,,
2018-08-07,13.24773505,13.83744614,13.2062061,13.71285929,20654927,,,
2018-08-08,13.61318981,13.66302455,12.96533819,13.1231482,18277761,,,
2018-08-09,13.10653662,13.43046243,12.79922239,13.18959452,21878883,,,
2018-08-10,13.2062061,13.77099982,12.7078587,13.4553798,27834679,,,
2018-08-13,13.289264,13.35571032,12.94042082,13.23112347,21853603,,,
2018-08-14,13.19790031,13.43876822,12.9570324,13.17298294,13888223,,,
2018-08-15,13.15637136,13.15637136,12.5417429,12.73277607,18768391,,,
2018-08-16,12.48360237,12.80752818,12.31748657,12.5417429,17428779,,,
2018-08-17,12.51682553,12.64971817,11.28756861,11.50351915,44423120,f,12.0,11.28756861
2018-08-20,11.58657705,12.15967656,11.47029599,11.9603376,23021002,,,
2018-08-21,12.23442867,13.15637136,12.06000708,13.15637136,27429607,,,
2018-08-22,13.43046243,13.48029717,12.92380924,12.92380924,19937247,,,
2018-08-23,13.18128873,13.35571032,12.93211503,13.2062061,13090900,,,
2018-08-24,13.11484241,13.47199138,12.56666027,13.07331346,17304592,,,
2018-08-27,13.08992504,14.2859588,12.94042082,13.96203299,25294976,,,
2018-08-28,13.92050404,14.29426459,13.72116508,14.22781827,18830796,,,
2018-08-29,14.31087617,15.30757097,14.24442985,14.32748775,17886529,b,13.0,15.30757097
2018-08-30,14.71785988,14.71785988,13.9537272,14.0367851,9983392,,,
2018-08-31,13.93711562,14.0367851,13.47199138,13.72947087,10962454,,,
2018-09-03,13.82914035,13.82914035,12.83244555,13.29756979,15705888,,,
2018-09-04,13.289264,13.82914035,13.23112347,13.81252877,17005674,,,
2018-09-05,13.79591719,13.94542141,13.3723219,13.6214956,13286430,,,
2018-09-06,13.49690875,13.72947087,13.23942926,13.28095821,10773197,,,
2018-09-07,13.44707401,14.18628932,13.38893348,13.71285929,16244354,,,
2018-09-10,13.7045535,14.07831405,13.289264,13.50521454,16403355,,,
2018-09-11,13.38062769,13.5384377,13.11484241,13.289264,11804462,,,
2018-09-12,13.26434663,13.55504928,13.1231482,13.2062061,9078276,,,
2018-09-13,13.4553798,13.52182612,12.6248008,13.13145399,11672332,f,14.0,12.6248008
2018-09-14,13.1231482,13.22281768,12.9570324,13.03178451,5622699,,,
2018-09-17,12.9570324,13.07331346,12.72447028,12.81583397,5332488,,,
2018-09-18,12.77430502,13.35571032,12.65802396,13.289264,10820590,,,
2018-09-19,13.2062061,14.00356194,13.2062061,13.6214956,16362655,,,
2018-09-20,13.56335507,13.93711562,13.56335507,13.71285929,9827578,,,
2018-09-21,13.69624771,14.119843,13.65471876,14.00356194,16185118,,,
2018-09-25,13.8706693,14.18628932,13.85405772,13.9537272,10027837,,,
2018-09-26,13.98695036,14.65141356,13.9537272,14.27765301,21657504,b,15.0,14.65141356
2018-09-27,14.33579354,14.47699197,14.14476037,14.25273564,10774644,,,
2018-09-28,14.32748775,14.41885144,14.14476037,14.31087617,7338610,,,
2018-10-08,14.09492563,14.22781827,13.73777666,13.76269403,10287831,,,
2018-10-09,13.82914035,14.08661984,13.7045535,13.82914035,6294089,,,
2018-10-10,13.83744614,13.92880983,13.08992504,13.49690875,12593801,,,
2018-10-11,12.81583397,13.48860296,12.64141238,12.7909166,18176029,,,
2018-10-12,12.74938765,13.32248716,12.64971817,12.94872661,10456178,,,
2018-10-15,13.08161925,13.16467715,12.38393289,12.67463554,11827002,,,
2018-10-16,12.58327185,12.71616449,12.23442867,12.44207342,8363358,,,
2018-10-17,12.44207342,12.60818922,11.92711444,12.25104025,9104127,,,
2018-10-18,12.05170129,12.2925692,11.03008912,11.628106,22798459,,,
2018-10-19,11.50351915,11.61980021,10.54004751,11.42046125,49070980,f,16.0,10.54004751
2018-10-22,11.50351915,12.30087499,11.17128755,12.19289972,31392236,,,
2018-10-23,12.2095113,12.2095113,10.97194859,10.97194859,28127503,,,
2018-10-24,10.80583279,11.26265124,10.61479962,10.9636428,19254059,,,
2018-10-25,10.61479962,11.17959334,10.54004751,11.14637018,12854445,,,
2018-10-26,11.25434545,11.61980021,11.01347754,11.17128755,11484523,,,
2018-10-29,11.17128755,11.56996547,10.797527,11.32079177,15027791,,,
2018-10-30,11.43707283,11.81913917,11.2958744,11.40384967,20172307,,,
2018-10-31,11.47860178,12.31748657,11.4619902,12.13475919,23837177,,,
2018-11-01,12.50851974,13.02347872,12.34240394,12.50851974,22597664,,,
2018-11-02,13.06500767,13.46368559,12.79922239,13.34740453,27062175,,,
2018-11-05,13.35571032,13.48029717,12.8739745,13.42215664,13219893,,,
2018-11-06,13.38893348,13.38893348,12.90719766,13.24773505,10295979,,,
2018-11-07,13.289264,13.97033878,13.2062061,13.25604084,13932103,,,
2018-11-08,13.4553798,13.49690875,13.25604084,13.36401611,10044253,,,
2018-11-09,13.14806557,13.82914035,13.14806557,13.65471876,15384673,,,
2018-11-12,13.64641297,13.7876114,13.48860296,13.72947087,10604838,,,
2018-11-13,13.59657823,14.31087617,13.49690875,14.21120669,16478569,,,
2018-11-14,14.21120669,14.41885144,14.0367851,14.09492563,11253680,b,17.0,14.41885144
2018-11-15,14.26104143,14.26104143,13.94542141,14.119843,7891924,,,
2018-11-16,14.119843,14.24442985,13.82914035,14.12814879,9644277,,,
2018-11-19,14.00356194,14.14476037,13.69624771,13.87897509,10451263,,,
2018-11-20,13.84575193,14.12814879,13.79591719,13.87897509,8540035,,,
2018-11-21,13.82914035,13.93711562,13.61318981,13.86236351,6182719,,,
2018-11-22,14.00356194,14.3690167,13.94542141,14.05339668,10320480,,,
2018-11-23,13.74608245,13.74608245,12.99856135,13.1231482,20574901,,,
2018-11-26,13.11484241,13.42215664,12.9570324,13.01517293,9050378,,,
2018-11-27,13.1231482,13.2062061,12.74938765,13.0400903,8881816,,,
2018-11-28,13.11484241,13.17298294,12.7909166,13.1231482,9002914,,,
2018-11-29,13.2062061,13.60488402,13.19790031,13.41385085,12647405,,,
2018-11-30,13.23112347,13.5384377,12.96533819,13.43876822,13165342,,,
2018-12-03,13.74608245,13.99525615,13.54674349,13.80422298,11972682,,,
2018-12-04,13.74608245,14.07831405,13.63810718,14.04509089,12432096,,,
2018-12-05,13.80422298,13.92050404,13.63810718,13.85405772,12312025,,,
2018-12-06,13.7045535,13.77099982,13.39723927,13.47199138,8989997,,,
2018-12-07,13.56335507,13.65471876,13.23942926,13.48860296,6802576,,,
2018-12-10,13.48860296,13.48860296,13.2062061,13.289264,4756520,,,
2018-12-11,13.43046243,13.65471876,13.32248716,13.50521454,8459361,,,
2018-12-12,13.57996665,13.64641297,13.289264,13.52182612,5788915,,,
2018-12-13,13.48860296,13.75438824,13.34740453,13.61318981,10241981,,,
2018-12-14,13.50521454,13.50521454,13.07331346,13.13145399,12715499,,,
2018-12-17,13.07331346,13.07331346,12.5417429,12.84905713,11369400,,,
2018-12-18,12.34240394,12.91550345,12.01017234,12.58327185,16167970,,,
2018-12-19,12.61649501,12.7909166,12.06000708,12.27595762,13199898,,,
2018-12-20,12.2095113,12.21781709,11.43707283,11.95203181,24060540,,,
2018-12-21,11.76930443,11.99356076,11.57827126,11.83575075,11159483,,,
2018-12-24,11.74438706,11.99356076,11.66963495,11.95203181,7131319,,,
2018-12-25,11.76099864,12.18459393,11.52843652,12.18459393,9709516,,,
2018-12-26,11.91880865,12.45037921,11.91880865,12.45037921,9471245,,,
2018-12-27,12.60818922,12.60818922,12.15967656,12.39223868,11109484,,,
2018-12-28,12.24273446,12.6248008,12.02678392,12.41715605,11939346,,,
2019-01-02,12.36732131,12.36732131,11.75269285,11.86066812,9166725,,,
2019-01-03,11.51182494,11.86066812,11.34570914,11.68624653,13938324,,,
2019-01-04,11.42876704,11.77761022,11.37062651,11.63641179,16988061,,,
2019-01-07,11.61149442,11.80252759,11.4619902,11.58657705,11383464,,,
2019-01-08,11.49521336,11.73608127,11.47029599,11.57827126,6759257,,,
2019-01-09,11.5450481,11.80252759,11.47860178,11.67794074,12057223,,,
2019-01-10,11.628106,11.66963495,11.4619902,11.56996547,9039712,,,
2019-01-11,11.61149442,11.65302337,11.33740335,11.56996547,8977906,f,18.0,11.33740335
2019-01-14,11.61980021,11.628106,11.41215546,11.44537862,5802987,,,
2019-01-15,11.42876704,11.74438706,11.3789323,11.68624653,9500787,,,
2019-01-16,11.628106,12.08492445,11.59488284,11.96864339,12205130,,,
2019-01-17,12.0433955,12.06000708,11.81913917,11.8772797,5299564,,,
2019-01-18,11.95203181,12.6248008,11.86066812,12.46699079,14837445,,,
2019-01-21,12.52513132,13.00686714,12.52513132,12.86566871,15309719,,,
2019-01-22,12.77430502,12.92380924,12.52513132,12.71616449,7444387,,,
2019-01-23,12.69124712,13.00686714,12.59157764,12.93211503,12573237,,,
2019-01-24,12.9570324,13.07331346,12.7909166,12.9570324,7181551,,,
2019-01-25,12.99856135,13.30587558,12.90719766,13.10653662,10298445,,,
2019-01-28,13.27265242,13.30587558,12.96533819,13.16467715,12257848,,,
2019-01-29,13.13975978,13.21451189,12.97364398,13.04839609,7139148,,,
2019-01-30,12.99856135,13.27265242,12.89889187,12.94872661,9158452,,,
2019-01-31,13.01517293,13.10653662,12.5417429,12.66632975,9648031,,,
2019-02-01,12.7078587,13.31418137,12.7078587,13.2062061,12369990,,,
2019-02-11,13.42215664,13.83744614,13.28095821,13.68794192,11243506,,,
2019-02-12,13.77930561,14.16967774,13.59657823,13.9537272,12413023,,,
2019-02-13,13.98695036,14.17798353,13.60488402,14.07831405,22192789,,,
2019-02-14,14.07000826,14.07831405,13.79591719,13.87897509,11285391,,,
2019-02-15,13.83744614,13.99525615,13.4553798,13.51352033,11762131,,,
2019-02-18,13.53013191,14.24442985,13.49690875,14.09492563,20513075,,,
2019-02-19,14.29426459,14.4520746,13.91219825,14.21951248,15305252,,,
2019-02-20,14.17798353,14.63480198,13.9537272,14.35240512,17351352,,,
2019-02-21,14.34409933,14.54343829,14.12814879,14.3690167,11692188,,,
2019-02-22,14.16967774,14.4520746,13.86236351,14.40223986,15196510,,,
2019-02-25,14.40223986,14.91719884,14.11153721,14.91719884,35392651,,,
2019-02-26,14.74277725,14.950422,14.33579354,14.49360355,30409812,,,
2019-02-27,14.41054565,14.7012483,14.00356194,14.119843,17172008,,,
2019-02-28,14.15306616,14.46868618,14.0367851,14.3690167,15269922,,,
2019-03-01,14.51021513,14.57666145,14.12814879,14.27765301,8852429,,,
2019-03-04,14.41054565,14.77600041,14.38562828,14.57666145,28065753,,,
2019-03-05,14.6181904,14.69294251,14.48529776,14.6181904,13244371,,,
2019-03-06,14.6181904,14.75938883,14.16137195,14.39393407,19982453,,,
2019-03-07,14.26104143,14.26104143,13.49690875,14.21120669,32885598,,,
2019-03-08,13.79591719,14.17798353,13.64641297,14.00356194,18326972,,,
2019-03-11,13.8706693,14.33579354,13.85405772,14.13645458,19236140,,,
2019-03-12,14.2859588,14.5351325,14.12814879,14.21120669,19934969,,,
2019-03-13,14.17798353,14.2029009,13.66302455,14.02017352,17178125,,,
2019-03-14,13.88728088,14.3690167,13.79591719,14.0367851,15712242,,,
2019-03-15,14.09492563,14.41054565,14.08661984,14.2029009,27665356,,,
2019-03-18,14.119843,15.62319099,14.119843,15.52352151,44325190,,,
2019-03-19,15.5318273,15.68963731,15.16637254,15.40724045,24326072,,,
2019-03-20,15.4487694,15.56505046,15.05839727,15.33248834,14724063,,,
2019-03-21,15.32418255,15.48199256,15.14976096,15.26604202,10176781,,,
2019-03-22,15.24112465,15.39062887,14.88397568,15.26604202,12383645,,,
2019-03-25,15.1165378,15.5318273,14.88397568,14.97533937,16434203,,,
2019-03-26,15.0334799,15.1165378,14.3690167,14.43546302,17685060,,,
2019-03-27,14.56835566,14.98364516,14.29426459,14.7843062,14973151,,,
2019-03-28,14.74277725,15.15806675,14.55174408,14.90058726,15316373,,,
2019-03-29,14.90058726,15.49860414,14.74277725,15.44046361,23014818,,,
2019-04-01,15.3657115,16.1962905,15.24943044,16.04678628,25918834,,,
2019-04-02,16.09662102,16.1962905,15.56505046,15.77269521,16418887,b,19.0,16.1962905
2019-04-03,15.68963731,15.81422416,15.44046361,15.67302573,11179551,,,
2019-04-04,15.68133152,15.76438942,15.3657115,15.51521572,16340226,,,
2019-04-08,15.51521572,15.91389364,15.12484359,15.3657115,13279585,,,
2019-04-09,15.29095939,15.68133152,15.12484359,15.55674467,11564994,,,
2019-04-10,15.4487694,15.68133152,15.1995957,15.29095939,12758810,,,
2019-04-11,15.24112465,15.32418255,14.85905831,14.950422,12160082,,,
2019-04-12,14.94211621,15.09992622,14.65971935,14.80922357,7849165,,,
2019-04-15,14.8673641,15.21620728,14.54343829,14.55174408,12699376,,,
2019-04-16,14.52682671,14.65971935,14.30257038,14.65971935,13571709,,,
2019-04-17,14.75938883,14.82583515,14.47699197,14.56835566,8696058,,,
2019-04-18,14.56835566,14.57666145,14.30257038,14.38562828,11577148,,,
2019-04-19,14.3690167,14.72616567,14.30257038,14.59327303,11783419,,,
2019-04-22,14.60157882,14.66802514,14.43546302,14.4520746,8578206,,,
2019-04-23,14.46038039,14.65971935,14.46038039,14.49360355,10016998,,,
2019-04-24,14.49360355,14.80091778,14.17798353,14.47699197,11049441,,,
2019-04-25,14.25273564,14.52682671,13.89558667,13.9537272,17928192,,,
2019-04-26,13.6214956,13.6214956,12.55835448,12.77430502,53397667,,,
2019-04-29,12.65802396,12.91550345,12.13475919,12.78261081,22617843,,,
2019-04-30,12.6248008,13.02347872,12.5417429,12.71616449,11058091,,,
2019-05-06,12.34240394,12.66632975,12.01017234,12.66632975,19959149,,,
2019-05-07,12.57496606,12.67463554,12.16798235,12.59157764,15524098,,,
2019-05-08,12.35901552,12.52513132,12.18459393,12.30087499,14571948,,,
2019-05-09,12.02678392,12.18459393,11.5450481,11.8772797,18610913,,,
2019-05-10,11.93542023,12.21781709,11.63641179,11.98525497,15531689,,,
2019-05-13,11.8772797,12.09323024,11.72777548,11.80252759,13559618,,,
2019-05-14,11.7111639,12.02678392,11.628106,11.7111639,14192532,,,
2019-05-15,11.7942218,11.86066812,11.67794074,11.83575075,10640043,,,
2019-05-16,11.86066812,12.11814761,11.81083338,12.00186655,13746304,,,
2019-05-17,11.96864339,12.13475919,11.61149442,11.7111639,13416350,,,
2019-05-20,11.7111639,12.01847813,11.36232072,11.94372602,14430759,,,
2019-05-21,11.86066812,12.34240394,11.69455232,12.19289972,25511926,,,
2019-05-22,12.19289972,12.33409815,11.99356076,12.06000708,14791755,,,
2019-05-23,12.05170129,12.05170129,11.52013073,11.66132916,15691609,,,
2019-05-24,11.61980021,11.78591601,11.38723809,11.51182494,11261141,,,
2019-05-27,11.55335389,11.64471758,11.33740335,11.56165968,12187144,,,
2019-05-28,11.56165968,11.61149442,11.34570914,11.52843652,14163314,,,
2019-05-29,11.45368441,11.4619902,11.0467007,11.40384967,17733286,,,
2019-05-30,11.28756861,11.2958744,11.06331228,11.13806439,10408011,,,
2019-05-31,11.2128165,11.31248598,11.05500649,11.09653544,11193148,,,
2019-06-03,11.09653544,11.1297586,10.73108068,10.73938647,15080841,,,
2019-06-04,10.7144691,11.09653544,10.60649383,11.05500649,16209910,,,
2019-06-05,11.1297586,11.23773387,10.77260963,10.78091542,12450592,,,
2019-06-06,10.86397332,10.88889069,10.59818804,10.67294015,9777423,,,
2019-06-10,10.797527,10.83905595,10.5483533,10.69785752,6990245,,,
2019-06-11,10.7144691,11.1297586,10.69785752,11.0467007,15707740,,,
2019-06-12,11.01347754,11.628106,10.9636428,11.28756861,22016512,,,
2019-06-13,11.3789323,11.44537862,11.07992386,11.31248598,8775814,,,
2019-06-14,11.31248598,11.7111639,11.25434545,11.32079177,21338064,,,
2019-06-17,11.3789323,11.50351915,10.56496488,10.76430384,29650067,,,
2019-06-18,10.76430384,11.11314702,10.03339432,10.97194859,27935431,f,20.0,10.03339432
2019-06-19,11.0467007,11.52843652,10.93872543,10.98025438,18934193,,,
2019-06-20,10.90550227,11.24603966,10.68124594,11.01347754,25890349,,,
2019-06-21,10.99686596,11.12145281,10.78091542,10.86397332,16918260,,,
2019-06-24,10.94703122,10.95533701,10.64802278,10.74769226,15965249,,,
2019-06-25,10.68124594,10.7144691,10.17459275,10.27426223,25532153,,,
2019-06-26,10.2991796,10.48190698,10.17459275,10.3822375,16007560,,,
2019-06-27,10.36562592,10.51513014,10.25765065,10.32409697,13444994,,,
2019-06-28,10.34070855,10.40715487,10.09984064,10.33240276,13125721,,,
2019-07-01,10.51513014,10.55665909,10.30748539,10.53174172,22239738,,,
2019-07-02,10.53174172,11.17959334,10.44868382,11.07161807,39389610,,,
2019-07-03,11.07161807,11.25434545,10.8805849,10.98025438,21883665,b,21.0,11.25434545
2019-07-04,10.98025438,11.03008912,10.4652954,10.5483533,28228238,,,
2019-07-05,10.5483533,10.68955173,10.34070855,10.43207224,20715804,,,
2019-07-08,10.37393171,10.3822375,9.99186537,10.24934486,22514677,,,
2019-07-09,10.16628696,10.24934486,9.97525379,10.0500059,18970785,,,
2019-07-10,10.03,10.17,9.83,9.85,20284264,,,
2019-07-11,9.54,10.48,9.52,10.29,59324424,f,22.0,9.52
2019-07-12,10.28,10.68,10.2,10.55,32702276,,,
2019-07-15,10.51,10.67,10.42,10.5,23193278,,,
2019-07-16,10.65,10.92,10.41,10.47,25348310,,,
2019-07-17,10.35,10.94,10.15,10.81,31323284,,,
2019-07-18,10.7,11.06,10.64,10.8,21197302,,,
2019-07-19,10.8,10.95,10.66,10.71,13129454,,,
2019-07-22,10.72,10.94,10.45,10.83,13712014,,,
2019-07-23,10.83,11.25,10.7,11.14,23084737,,,
2019-07-24,11.15,11.75,11.06,11.65,33460925,,,
2019-07-25,11.66,12.14,11.56,11.98,31046085,,,
2019-07-26,12.04,12.16,11.76,11.84,19750699,b,23.0,12.16
2019-07-29,11.86,11.94,11.61,11.74,15831043,,,
2019-07-30,11.74,11.94,11.63,11.71,17880026,,,
2019-07-31,11.63,12.02,11.63,11.85,16470019,,,
2019-08-01,11.81,12.12,11.71,11.81,16427961,,,
2019-08-02,11.5,12.1,11.5,11.88,19181327,,,
2019-08-05,11.89,12.03,11.59,11.68,16770981,,,
2019-08-06,11.54,11.56,11.11,11.33,23312389,,,
2019-08-07,11.51,11.52,11.1,11.11,14286236,,,
2019-08-08,11.12,11.59,11.06,11.35,17256230,f,24.0,11.06
2019-08-09,11.36,11.59,11.14,11.23,9958770,,,
2019-08-12,11.24,11.3,11.1,11.23,9314480,,,
2019-08-13,11.2,11.46,11.14,11.34,11300154,,,
2019-08-14,11.51,11.8,11.37,11.65,15790155,,,
2019-08-15,11.39,11.95,11.32,11.82,17352606,,,
2019-08-16,11.95,11.95,11.61,11.67,17748668,,,
2019-08-19,11.8,11.84,11.5,11.78,16640403,,,
2019-08-20,11.8,12.57,11.76,12.37,38822654,,,
2019-08-21,12.28,12.58,12.2,12.46,15863161,,,
2019-08-22,12.45,12.64,12.25,12.46,16772092,,,
2019-08-23,12.44,13.02,12.35,12.8,26967910,,,
2019-08-26,12.53,12.77,12.46,12.49,17875177,,,
2019-08-27,12.62,12.65,12.37,12.48,18247350,,,
2019-08-28,12.59,12.59,11.63,11.98,33726396,,,
2019-08-29,12.26,13.03,12.26,12.7,46923412,,,
2019-08-30,12.66,12.76,12.18,12.4,29185229,,,
2019-09-02,12.4,12.4,11.85,12.27,42850525,,,
2019-09-03,12.13,12.15,11.85,11.88,30687918,,,
2019-09-04,11.8,12.01,11.75,11.93,20706271,,,
2019-09-05,11.98,12.4,11.97,12.21,33671906,,,
2019-09-06,12.27,12.34,12.11,12.22,11400019,,,
2019-09-09,12.37,12.43,12.07,12.25,18079777,,,
2019-09-10,12.18,12.44,12.01,12.34,19551587,,,
2019-09-11,12.37,12.43,12.14,12.37,17420969,,,
2019-09-12,12.3,12.99,12.3,12.85,40331288,,,
2019-09-16,12.89,13.13,12.76,12.85,30610709,b,25.0,13.13
2019-09-17,12.87,12.87,12.35,12.43,20922849,,,
2019-09-18,12.5,12.54,12.1,12.22,22958777,,,
2019-09-19,12.16,12.34,12.02,12.2,14447001,,,
2019-09-20,12.24,12.54,12.0,12.48,24397696,,,
2019-09-23,12.28,12.31,11.66,11.82,50859307,,,
2019-09-24,11.9,12.08,11.85,11.89,35139892,,,
2019-09-25,11.92,11.92,11.6,11.78,19299228,,,
2019-09-26,11.85,11.92,11.3,11.85,23418955,f,26.0,11.3
2019-09-27,11.73,12.19,11.54,12.0,25495642,,,
2019-09-30,12.05,12.34,11.9,12.16,20395511,,,
2019-10-08,11.94,12.5,11.8,12.25,25891209,,,
2019-10-09,12.3,12.39,12.05,12.36,12654470,,,
2019-10-10,12.36,12.83,12.25,12.69,35289052,,,
2019-10-11,12.82,13.39,12.72,13.16,58557413,,,
2019-10-14,13.15,13.77,13.04,13.52,42320893,,,
2019-10-15,13.39,13.69,13.26,13.45,28089715,,,
2019-10-16,13.75,13.79,13.4,13.55,27119798,,,
2019-10-17,13.58,13.72,13.45,13.45,22246114,,,
2019-10-18,13.67,14.4,13.65,13.79,54005754,,,
2019-10-21,13.9,14.35,13.44,13.59,36540459,,,
2019-10-22,13.86,14.2,13.53,13.8,29932922,,,
2019-10-23,13.63,13.74,13.36,13.55,25702894,,,
2019-10-24,13.62,13.78,13.04,13.34,31544529,,,
2019-10-25,13.56,13.86,13.2,13.61,56935172,,,
2019-10-28,14.97,14.97,14.72,14.97,78437058,,,
2019-10-29,14.9,15.64,14.68,15.03,90073683,,,
2019-10-30,14.9,15.55,14.59,15.01,49512064,,,
2019-10-31,14.96,15.31,14.71,14.91,29049651,,,
2019-11-01,14.81,15.58,14.75,15.5,46140478,,,
2019-11-04,15.52,16.34,15.35,16.0,45972531,,,
2019-11-05,16.05,16.06,15.5,15.8,24037228,,,
2019-11-06,15.88,16.68,15.57,16.35,44121284,,,
2019-11-07,16.25,16.87,16.08,16.38,42470302,b,27.0,16.87
2019-11-08,16.38,16.58,16.0,16.39,24309476,,,
2019-11-11,16.29,16.29,15.58,15.95,31036340,,,
2019-11-12,15.95,16.04,15.47,15.81,26265290,,,
2019-11-13,15.86,16.11,15.68,16.0,23737989,,,
2019-11-14,16.0,16.3,15.85,16.02,22539670,,,
2019-11-15,16.0,16.45,15.63,15.69,30743825,,,
2019-11-18,15.73,16.16,15.73,16.01,26980316,,,
2019-11-19,16.18,16.25,15.94,16.07,24890657,,,
2019-11-20,16.15,16.15,15.69,15.92,17603625,,,
2019-11-21,15.81,15.84,15.37,15.45,21339978,,,
2019-11-22,15.61,16.15,15.46,15.57,34328783,,,
2019-11-25,15.55,15.67,14.94,15.25,40447926,,,
2019-11-26,15.4,15.93,15.2,15.93,36468125,,,
2019-11-27,15.7,15.7,15.01,15.04,39524507,,,
2019-11-28,15.06,15.25,14.81,14.98,23555851,,,
2019-11-29,15.1,15.12,14.5,14.79,28384936,,,
2019-12-02,14.83,14.87,14.46,14.53,24151125,,,
2019-12-03,14.6,14.62,14.13,14.47,29445012,,,
2019-12-04,14.38,14.58,14.31,14.51,19218273,,,
2019-12-05,14.65,14.74,14.39,14.51,23152780,,,
2019-12-06,14.48,14.69,14.4,14.66,20926085,,,
2019-12-09,14.84,14.92,14.13,14.36,40340517,,,
2019-12-10,14.15,14.45,14.05,14.42,28212564,f,28.0,14.05
2019-12-11,14.38,14.65,14.25,14.47,29566077,,,
2019-12-12,14.52,14.54,14.13,14.22,23717384,,,
2019-12-13,14.3,14.59,14.19,14.29,31552313,,,
2019-12-16,14.85,15.72,14.61,15.58,62770738,,,
2019-12-17,15.41,15.84,15.35,15.51,44773825,b,29.0,15.84
2019-12-18,15.41,15.51,15.17,15.31,21549829,,,
2019-12-19,15.36,15.5,15.13,15.3,17227757,,,
2019-12-20,15.3,15.4,15.0,15.15,23598323,,,
2019-12-23,15.01,15.41,14.92,15.17,26465010,,,
2019-12-24,15.18,15.65,15.14,15.47,24767414,,,
2019-12-25,15.47,15.6,14.8,15.02,31475401,,,
2019-12-26,14.96,14.96,14.6,14.83,25081842,,,
2019-12-27,14.85,14.93,14.6,14.7,22269953,,,
2019-12-30,14.6,14.76,14.32,14.57,23190998,f,30.0,14.32
2019-12-31,14.56,15.08,14.44,14.89,27928749,,,
2020-01-02,14.8,15.14,14.75,14.95,27628009,,,
2020-01-03,14.97,15.3,14.85,15.18,25469755,,,
2020-01-06,15.2,15.27,14.93,15.02,21485578,,,
2020-01-07,15.07,15.32,14.92,15.28,19995173,b,31.0,15.32
2020-01-08,15.2,15.22,14.66,14.8,26884120,,,
2020-01-09,14.87,15.01,14.75,14.93,20235903,,,
2020-01-10,15.0,15.15,14.88,14.97,19199938,,,
2020-01-13,14.95,14.97,14.4,14.97,30169051,,,
2020-01-14,14.76,14.96,14.52,14.62,23993291,,,
2020-01-15,14.6,14.67,14.21,14.33,28417240,,,
2020-01-16,14.3,14.53,14.15,14.48,26033379,f,32.0,14.15
2020-01-17,14.49,14.69,14.33,14.46,23678635,,,
2020-01-20,14.57,14.74,14.25,14.49,19529926,,,
2020-01-21,14.55,14.79,14.49,14.54,22663371,gan,33.0,
2020-01-22,14.68,14.68,14.18,14.51,25227155,,,
2020-01-23,14.38,14.6,13.66,14.07,39457064,,,
2020-02-03,12.67,13.41,12.67,12.97,49020309,gan,34.0,
2020-02-04,12.88,13.48,12.84,13.35,45333056,,,
2020-02-05,13.31,13.87,13.19,13.58,42447063,,,
2020-02-06,13.6,14.09,13.57,13.88,38078711,,,
2020-02-07,13.56,14.86,13.56,14.44,51178634,b,35.0,14.86
2020-02-10,14.6,14.6,13.85,14.02,36563424,,,
2020-02-11,14.05,14.16,13.82,13.97,26075443,,,
2020-02-12,13.9,14.05,13.8,13.91,22593596,,,
2020-02-13,13.89,14.0,13.73,13.79,21123385,,,
2020-02-14,13.7,13.92,13.5,13.77,30822561,,,
2020-02-17,13.75,14.09,13.71,13.96,40603588,,,
2020-02-18,13.95,14.24,13.84,14.06,27484978,,,
2020-02-19,14.08,14.08,13.55,13.6,34231431,,,
2020-02-20,13.64,14.0,13.55,13.95,34763059,,,
2020-02-21,14.0,14.16,13.78,13.98,27147907,,,
2020-02-24,13.99,14.14,13.83,13.97,26530163,,,
2020-02-25,13.86,13.95,13.55,13.86,25896851,,,
2020-02-26,13.69,13.69,13.37,13.45,30316156,,,
2020-02-27,13.51,13.57,13.33,13.42,18445824,,,
2020-02-28,13.16,13.66,13.11,13.17,28697646,,,
2020-03-02,13.24,13.52,13.01,13.41,25605106,gan,36.0,
2020-03-03,13.5,14.15,13.46,13.73,37276308,,,
2020-03-04,13.79,13.98,13.6,13.77,20928236,,,
2020-03-05,13.87,14.35,13.67,14.08,50689228,,,
2020-03-06,14.01,14.66,13.98,14.31,37137116,gan,37.0,
2020-03-09,14.2,14.37,13.79,13.82,29615029,,,
2020-03-10,13.7,14.0,13.37,13.8,28437933,,,
2020-03-11,13.81,13.94,13.55,13.67,19697641,,,
2020-03-12,13.53,13.6,13.12,13.3,20495152,,,
2020-03-13,12.71,13.45,12.58,13.15,22631751,,,
2020-03-16,13.15,13.23,12.3,12.3,27817469,,,
2020-03-17,12.31,12.68,11.8,12.15,25966302,,,
2020-03-18,12.23,12.56,11.74,11.84,28282942,,,
2020-03-19,11.74,11.98,11.02,11.27,54928003,,,
2020-03-20,11.37,11.64,11.14,11.4,28429197,,,
2020-03-23,11.09,11.24,10.8,10.82,28073176,f,38.0,10.8
2020-03-24,11.1,11.58,11.05,11.17,44471050,,,
2020-03-25,11.43,11.55,11.1,11.34,40403378,,,
2020-03-26,11.36,12.06,11.24,11.89,58590421,,,
2020-03-27,12.01,12.25,11.83,11.86,31354562,,,
2020-03-30,11.76,11.76,11.27,11.4,20749815,,,
2020-03-31,11.55,11.9,11.38,11.81,24605182,,,
2020-04-01,11.73,12.3,11.59,12.03,30500355,,,
2020-04-02,12.05,12.38,11.9,12.34,21744090,,,
2020-04-03,12.27,12.4,12.02,12.06,18967852,,,
2020-04-07,12.32,12.52,12.13,12.5,21384415,,,
2020-04-08,12.43,12.73,12.28,12.53,16190366,,,
2020-04-09,12.42,13.22,12.42,13.09,18904080,,,
2020-04-10,12.98,13.16,12.58,12.66,17391934,,,
2020-04-13,12.51,12.78,12.12,12.25,20269831,,,
2020-04-14,12.28,12.4,12.09,12.24,25312067,,,
2020-04-15,11.02,11.66,11.02,11.15,186410880,,,
2020-04-16,10.9,11.5,10.82,11.4,56066723,,,
2020-04-17,11.5,11.86,11.41,11.44,47694159,,,
2020-04-20,11.51,11.57,11.19,11.21,37456297,,,
2020-04-21,11.28,11.34,11.02,11.21,37549175,,,
2020-04-22,11.16,11.49,11.15,11.4,31888534,,,
2020-04-23,11.83,11.96,11.37,11.5,48501647,,,
2020-04-24,11.6,11.6,10.9,11.02,47809810,,,
2020-04-27,10.99,11.12,10.71,11.02,28379535,,,
2020-04-28,11.08,11.08,10.6,10.75,34128080,,,
2020-04-29,10.63,11.3,10.63,11.18,33567068,,,
2020-04-30,11.12,11.6,11.1,11.44,36978445,,,
2020-05-06,11.3,11.48,10.97,11.22,47616513,,,
2020-05-07,11.22,11.4,11.07,11.25,26885732,,,
2020-05-08,11.26,12.21,11.22,12.0,65395996,,,
2020-05-11,12.0,12.2,11.62,11.73,30483814,,,
2020-05-12,11.7,12.08,11.58,12.08,45435281,,,
2020-05-13,11.91,13.13,11.85,12.8,61217253,,,
2020-05-14,12.75,12.97,12.35,12.54,42829742,,,
2020-05-15,12.5,12.6,12.13,12.22,35446547,,,
2020-05-18,12.19,12.62,12.01,12.45,31894662,,,
2020-05-19,12.59,12.85,12.49,12.7,31262571,,,
2020-05-20,12.73,12.8,12.4,12.48,18971052,,,
2020-05-21,12.57,12.77,12.37,12.56,28569020,,,
2020-05-22,12.56,12.63,12.04,12.11,26246043,,,
2020-05-25,12.2,12.2,11.87,12.04,11917003,,,
2020-05-26,12.07,12.4,12.0,12.28,12554798,,,
2020-05-27,12.37,12.45,11.84,11.94,17982859,,,
2020-05-28,11.96,11.98,11.49,11.83,20895557,,,
2020-05-29,11.75,11.9,11.6,11.75,15764314,,,
2020-06-01,11.86,12.26,11.59,12.2,32926498,,,
2020-06-02,12.2,12.22,11.64,11.79,38050113,,,
2020-06-03,11.79,12.01,11.74,11.89,28673254,,,
2020-06-04,11.9,11.95,11.61,11.73,19213231,,,
2020-06-05,11.85,11.85,11.45,11.55,27183956,,,
2020-06-08,11.59,11.8,11.48,11.51,24924591,,,
2020-06-09,11.61,11.79,11.5,11.58,22816840,,,
2020-06-10,11.54,11.75,11.28,11.66,32896988,,,
2020-06-11,11.66,11.93,11.4,11.57,36179237,,,
2020-06-12,11.3,11.58,11.25,11.54,28395627,,,
2020-06-15,11.48,11.7,11.16,11.29,29067884,,,
2020-06-16,11.45,12.42,11.3,12.16,70454655,,,
2020-06-17,12.29,12.62,11.79,11.95,50531497,,,
2020-06-18,11.95,11.99,11.54,11.69,29768462,,,
2020-06-19,11.7,12.86,11.61,12.86,89516867,,,
2020-06-22,13.02,13.98,13.02,13.6,108319737,,,
2020-06-23,13.58,13.78,13.3,13.65,50226254,,,
2020-06-24,13.6,13.65,13.26,13.45,47609226,,,
2020-06-29,13.78,14.57,13.49,14.11,73142806,,,
2020-06-30,14.39,14.9,14.21,14.41,53804612,,,
2020-07-01,14.55,14.84,14.1,14.51,47226609,,,
2020-07-02,14.7,14.7,14.32,14.4,36886003,,,
2020-07-03,14.4,15.21,14.21,14.9,67578570,,,
2020-07-06,14.9,15.24,14.59,14.9,60113561,,,
2020-07-07,14.76,15.05,14.39,14.74,53487288,,,
2020-07-08,14.99,15.42,14.7,15.1,60946804,,,
2020-07-09,15.08,15.98,14.99,15.81,53548493,,,
2020-07-10,15.76,16.24,15.57,15.91,54190373,,,
2020-07-13,16.1,17.5,16.1,17.2,73496625,b,39.0,17.5
2020-07-14,17.22,17.33,15.76,16.98,82657691,,,
2020-07-15,16.54,16.71,16.1,16.38,40498484,,,
2020-07-16,16.3,17.18,15.68,15.84,50742166,,,
2020-07-17,15.83,16.88,15.82,16.31,38338618,,,
2020-07-20,16.63,16.65,15.0,15.91,70121957,,,
2020-07-21,15.87,16.3,15.64,16.07,41976497,,,
2020-07-22,16.09,16.47,15.8,16.2,30027992,,,
2020-07-23,15.89,16.15,15.22,15.77,49653798,,,
2020-07-24,15.76,15.95,14.86,14.99,41807640,,,
2020-07-27,15.13,15.4,14.99,15.26,31493025,,,
2020-07-28,15.4,15.68,15.09,15.21,27199680,,,
2020-07-29,15.44,15.83,15.1,15.6,45885678,,,
2020-07-30,15.66,15.89,15.45,15.72,30044648,,,
2020-07-31,15.72,15.78,15.2,15.39,32974561,,,
2020-08-03,15.31,15.66,15.28,15.49,29397539,,,
2020-08-04,15.55,16.35,15.3,15.97,49983446,,,
2020-08-05,16.26,16.26,15.56,15.86,32087139,,,
2020-08-06,15.94,16.35,15.77,15.9,24779545,,,
2020-08-07,16.14,16.17,15.38,15.65,26255586,,,
2020-08-10,15.56,15.66,15.1,15.44,18595656,,,
2020-08-11,15.47,15.55,14.98,15.03,20137604,,,
2020-08-12,15.03,15.11,14.4,14.96,25881081,f,40.0,14.4
2020-08-13,14.84,15.78,14.74,15.7,29296544,,,
2020-08-14,15.68,15.95,15.55,15.87,29455655,,,
2020-08-17,15.87,16.24,15.71,15.81,30906857,,,
2020-08-18,16.08,16.25,15.85,16.1,30396945,,,
2020-08-19,16.08,16.23,15.81,15.9,20545213,,,
2020-08-20,15.85,16.34,15.66,16.15,24100226,,,
2020-08-21,16.15,17.15,16.09,16.67,42451501,,,
2020-08-24,16.89,18.08,16.28,17.59,65590409,,,
2020-08-25,17.7,18.55,17.52,17.64,37987666,,,
2020-08-26,17.63,17.95,17.41,17.87,33882048,,,
2020-08-27,17.56,18.47,17.51,18.32,35959105,,,
2020-08-28,18.37,18.9,17.9,18.61,36848436,b,41.0,18.9
2020-08-31,18.0,18.38,17.37,17.56,58633642,,,
2020-09-01,17.61,17.75,17.1,17.37,40303330,,,
2020-09-02,17.37,17.48,16.64,16.72,52391141,,,
2020-09-03,16.89,17.05,16.48,16.58,34688846,,,
2020-09-04,16.39,16.56,15.75,16.15,40335838,,,
2020-09-07,16.15,16.37,15.26,15.46,48431496,,,
2020-09-08,15.49,15.57,14.88,15.16,26340788,,,
2020-09-09,15.01,15.01,14.4,14.69,37110085,,,
2020-09-10,14.84,15.12,14.38,14.46,23903697,,,
2020-09-11,14.49,15.28,14.28,15.03,23687618,,,
2020-09-14,15.02,15.68,14.89,15.55,31267678,,,
2020-09-15,15.57,15.75,15.35,15.47,20320856,,,
2020-09-16,15.39,15.58,15.1,15.5,14568344,,,
2020-09-17,15.36,15.53,15.2,15.24,11440855,,,
2020-09-18,15.24,15.9,15.24,15.79,20887041,,,
2020-09-21,15.95,15.95,14.9,15.12,22582519,,,
2020-09-22,14.97,15.1,14.63,14.69,19523543,,,
2020-09-23,14.74,14.79,14.33,14.48,30011809,,,
2020-09-24,14.41,14.42,13.97,14.1,28512239,,,
2020-09-25,14.1,14.47,13.88,14.37,26277012,,,
2020-09-28,14.41,14.5,13.81,13.9,21991338,,,
2020-09-29,13.98,14.18,13.75,13.97,24779375,f,42.0,13.75
2020-09-30,14.12,14.53,13.93,14.18,29541815,,,
2020-10-09,14.35,14.67,14.21,14.49,18100689,,,
2020-10-12,14.53,15.5,14.31,15.36,33701393,,,
2020-10-13,15.24,15.54,14.95,15.37,17434174,,,
2020-10-14,15.54,15.54,15.0,15.13,18168072,gan,43.0,
2020-10-15,15.01,15.11,14.6,14.77,24179139,,,
2020-10-16,14.58,14.7,14.2,14.35,23893476,,,
2020-10-19,14.38,14.49,13.9,14.1,26014551,gan,44.0,
2020-10-20,14.1,14.66,13.93,14.46,16448232,,,
2020-10-21,14.58,15.2,14.4,14.85,27529879,,,
2020-10-22,15.07,15.17,14.29,14.99,34245402,,,
2020-10-23,14.85,15.62,14.85,15.06,32226970,,,
2020-10-26,15.0,16.11,14.82,15.9,38542341,,,
2020-10-27,15.81,16.44,15.75,16.31,30608113,,,
2020-10-28,16.38,17.47,16.3,17.01,45898669,,,
2020-10-29,16.78,17.83,16.66,17.43,34987477,b,45.0,17.83
2020-10-30,17.73,17.73,16.9,17.04,37043748,,,
2020-11-02,16.81,16.91,16.0,16.15,67015878,,,
2020-11-03,16.0,16.1,15.03,15.28,82492277,,,
2020-11-04,14.78,14.8,13.75,13.75,216705857,,,
2020-11-05,13.0,13.23,12.38,12.38,142375641,,,
2020-11-06,12.2,12.83,11.98,12.05,236001272,,,
2020-11-09,12.08,12.68,11.65,12.47,162484598,,,
2020-11-10,12.4,12.48,11.95,12.17,114335524,,,
2020-11-11,12.2,12.4,11.71,12.02,92531601,,,
2020-11-12,11.98,12.23,11.92,12.17,55839552,,,
2020-11-13,12.05,12.18,11.79,11.92,61730231,,,
2020-11-16,11.92,12.12,11.41,12.05,97446335,f,46.0,11.41
2020-11-17,11.92,12.27,11.86,12.0,55866191,,,
2020-11-18,12.08,12.39,12.01,12.03,52934548,,,
2020-11-19,12.02,12.14,11.83,11.89,42076920,,,
2020-11-20,11.96,12.01,11.83,11.97,36347864,,,
2020-11-23,11.98,12.03,11.69,11.75,47524649,,,
2020-11-24,11.7,11.75,11.43,11.75,58098979,,,
2020-11-25,11.71,11.88,11.64,11.8,45830665,,,
2020-11-26,11.74,12.25,11.72,12.09,71061260,,,
2020-11-27,12.11,12.29,11.88,12.14,48678992,,,
2020-11-30,12.15,12.93,12.0,12.62,85007991,,,
2020-12-01,12.54,13.29,12.51,13.27,72203627,,,
2020-12-02,13.38,13.65,12.81,12.89,65955964,b,47.0,13.65
2020-12-03,12.89,13.49,12.84,13.11,50882746,,,
2020-12-04,13.09,13.27,12.88,13.04,40186087,,,
2020-12-07,12.99,13.05,12.69,12.91,46947372,,,
2020-12-08,12.93,13.02,12.68,12.75,35170544,,,
2020-12-09,12.75,13.11,12.51,12.52,39797123,,,
2020-12-10,12.49,12.6,12.22,12.3,35735823,,,
2020-12-11,12.35,12.42,11.87,12.05,42216025,,,
2020-12-14,12.05,12.24,11.83,12.2,30017149,,,
2020-12-15,12.14,12.65,12.1,12.4,33157077,,,
2020-12-16,12.35,12.39,11.6,11.76,63164771,,,
2020-12-17,11.76,12.06,11.75,11.87,38850405,,,
2020-12-18,11.88,11.88,11.63,11.68,30518114,,,
2020-12-21,11.69,11.83,11.64,11.76,26117929,,,
2020-12-22,11.76,12.09,11.63,11.83,48657848,,,
2020-12-23,11.87,11.88,11.21,11.33,66215809,,,
2020-12-24,11.2,11.35,10.84,10.89,49329475,,,
2020-12-25,10.89,11.09,10.89,11.05,27786556,,,
2020-12-28,11.04,11.11,10.76,10.82,31871142,,,
2020-12-29,10.82,11.04,10.7,10.92,35916242,,,
2020-12-30,10.92,10.96,10.57,10.72,44808889,f,48.0,10.57
2020-12-31,10.7,11.41,10.64,11.33,59203837,,,
2021-01-04,11.32,11.92,11.3,11.59,59870526,,,
2021-01-05,11.46,12.28,11.35,12.15,79763037,,,
2021-01-06,12.22,12.52,11.84,12.3,60051467,,,
2021-01-07,12.25,12.25,11.83,11.96,47480629,,,
2021-01-08,11.83,12.1,11.66,11.99,34963300,,,
2021-01-11,12.01,12.08,11.7,11.92,36650489,,,
2021-01-12,11.91,12.27,11.83,12.04,37309828,,,
2021-01-13,11.95,12.21,11.7,12.08,41624147,,,
2021-01-14,12.08,13.29,11.98,13.29,97351097,,,
2021-01-15,13.9,14.3,13.19,13.85,112449859,,,
2021-01-18,13.46,14.05,13.15,13.88,75085260,,,
2021-01-19,13.7,13.94,13.2,13.3,53944427,,,
2021-01-20,13.3,13.42,13.02,13.29,39466014,,,
2021-01-21,13.38,13.67,12.82,13.38,62991747,,,
2021-01-22,13.38,14.72,13.28,14.72,100024759,,,
2021-01-25,14.8,16.05,14.28,15.23,107130279,,,
2021-01-26,15.03,15.2,14.4,14.46,63544716,,,
2021-01-27,14.49,15.15,14.26,14.7,51457025,,,
2021-01-28,14.51,14.76,13.68,13.85,49040942,,,
2021-01-29,14.03,14.5,13.83,14.19,43657933,,,
2021-02-01,14.95,15.37,14.49,15.25,102986678,,,
2021-02-02,15.15,15.24,14.73,15.05,53467189,,,
2021-02-03,15.06,16.08,14.73,15.95,71461196,,,
2021-02-04,15.95,16.35,15.55,15.98,46681163,,,
2021-02-05,16.0,16.11,15.59,15.74,28524513,,,
2021-02-08,15.74,15.85,15.14,15.55,32785663,,,
2021-02-09,15.55,17.02,15.33,16.74,63286721,,,
2021-02-10,16.94,17.1,16.54,16.88,38041393,,,
2021-02-18,17.12,17.78,16.4,16.97,47407652,,,
2021-02-19,16.97,18.3,16.17,18.01,63239715,,,
2021-02-22,17.79,19.81,17.79,18.9,99188890,,,
2021-02-23,18.5,20.15,17.91,18.48,93715493,b,49.0,20.15
2021-02-24,18.38,18.42,16.63,16.63,89234988,,,
2021-02-25,16.8,17.66,16.26,16.49,64322223,,,
2021-02-26,16.01,16.39,15.51,16.0,55438938,,,
2021-03-01,16.2,16.88,15.9,16.83,46904555,,,
2021-03-02,16.76,16.88,16.33,16.73,35133510,,,
2021-03-03,16.6,17.69,16.5,17.38,46788799,,,
2021-03-04,17.15,17.54,16.7,16.93,30535876,,,
2021-03-05,16.66,17.67,16.65,17.37,34190397,,,
2021-03-08,17.4,17.55,15.63,15.63,47712365,,,
2021-03-09,15.1,15.27,14.07,14.23,93386434,,,
2021-03-10,14.43,14.76,13.82,14.03,51388015,,,
2021-03-11,14.05,15.15,14.05,14.57,49468334,,,
2021-03-12,14.67,14.88,14.47,14.5,31965706,,,
2021-03-15,14.48,14.5,13.82,14.18,31352159,,,
2021-03-16,14.18,14.8,13.95,14.55,32637992,,,
2021-03-17,14.43,14.98,14.25,14.73,27591449,,,
2021-03-18,14.85,15.09,14.68,14.77,21588548,,,
2021-03-19,14.4,14.99,14.4,14.61,17840610,,,
2021-03-22,14.48,15.18,14.38,14.98,25667345,,,
2021-03-23,14.99,15.05,14.59,14.78,17643475,,,
2021-03-24,14.75,14.94,14.5,14.55,12739445,,,
2021-03-25,14.53,15.0,14.4,14.57,21843916,,,
2021-03-26,14.67,16.03,14.59,16.03,67248484,,,
2021-03-29,16.05,16.07,15.52,15.74,40417122,,,
2021-03-30,15.74,16.01,15.3,15.5,40587759,,,
2021-03-31,15.46,15.77,15.1,15.42,30406823,,,
2021-04-01,15.37,16.05,15.25,15.92,36923180,,,
2021-04-02,16.0,16.45,15.31,15.67,37940222,,,
2021-04-06,15.61,15.95,14.1,14.1,90033091,,,
2021-04-07,13.43,13.43,12.69,12.69,88922130,,,
2021-04-08,12.4,12.63,11.96,12.21,156116161,,,
2021-04-09,12.1,12.26,11.92,11.98,70243133,,,
2021-04-12,11.91,11.91,11.1,11.33,111925150,f,50.0,11.1
2021-04-13,11.33,11.59,11.17,11.42,74554569,,,
2021-04-14,11.4,11.68,11.29,11.63,52599834,,,
2021-04-15,11.65,11.72,11.33,11.42,42750180,,,
2021-04-16,11.42,11.49,11.24,11.42,39444822,,,
2021-04-19,11.5,12.16,11.45,12.08,75816951,,,
2021-04-20,12.08,12.68,11.91,12.22,89078648,,,
2021-04-21,12.2,12.73,12.03,12.64,80155358,,,
2021-04-22,12.67,12.75,12.38,12.57,53841490,,,
2021-04-23,12.58,12.7,12.39,12.52,54903628,,,
2021-04-26,12.52,12.7,12.2,12.29,69495529,,,
2021-04-27,12.2,12.79,12.16,12.66,63559480,,,
2021-04-28,12.7,13.11,12.55,12.75,58222691,,,
