date,open,high,low,close,volume,amount,turn,pctChg,adjustflag,flag
2017-03-22,25.78760928,25.78760928,24.9256928,25.06546304,15847552,686421184.0,2.565137,-3.215652,2,
2017-03-23,25.1004056,25.3042372,24.68109488,24.96645912,8992578,385557456.0,1.455569,-0.394986,2,
2017-03-24,24.9839304,25.5080688,24.8674552,25.29258968,7790110,336087680.0,1.260933,1.306278,2,
2017-03-27,25.2168808,25.26347088,24.9839304,25.08875808,5989416,258190475.0,0.969467,-0.805891,2,
2017-03-28,25.0712868,25.75266672,25.02469672,25.3624748,10658716,466738176.0,1.725255,1.090987,2,
2017-03-29,25.3915936,25.41488864,24.9839304,25.00140168,6584137,284196880.0,1.06573,-1.423649,2,
2017-03-30,25.01887296,25.1586432,24.33749304,24.39573064,9471522,400316512.0,1.533092,-2.42255,2,
2017-03-31,24.41320192,24.74515624,24.4015544,24.605386,4872875,205231864.0,0.78874,0.859395,2,
2017-04-05,24.459792,25.03634424,24.3724356,24.91986904,9786864,416140224.0,1.584134,1.278109,2,
2017-04-06,24.896574,24.9256928,24.605386,24.70438992,6890856,292907088.0,1.115377,-0.864695,2,
2017-04-07,24.70438992,24.70438992,24.41320192,24.49473456,7255245,305224512.0,1.174358,-0.848649,2,
2017-04-10,24.50055832,24.50055832,23.4115152,23.46392904,14579422,594526032.0,2.359874,-4.208275,2,
2017-04-11,23.4697528,23.65611312,23.17274104,23.60952304,10952993,439019952.0,1.772888,0.620501,2,
2017-04-12,23.34163008,23.74929328,23.2368024,23.28339248,7128417,287306128.0,1.153829,-1.381355,2,
2017-04-13,23.31251128,23.60952304,23.26009744,23.3532776,6317333,253423249.0,1.022545,0.300147,2,
2017-04-14,23.31833504,24.21519408,23.31251128,23.66193688,13593686,557293264.0,2.200319,1.321702,2,
2017-04-17,23.2368024,23.53381416,22.86990552,23.36492512,7253440,288864176.0,1.174066,-1.255235,2,
2017-04-18,23.34163008,23.51634288,22.8873768,22.89320056,6971129,277178368.0,1.12837,-2.018937,2,
2017-04-19,22.70684024,22.712664,22.0429316,22.19434936,9196612,351409584.0,1.488594,-3.05266,2,
2017-04-20,22.20599688,23.1785648,22.130288,22.93396688,15150258,589722032.0,2.452271,3.33246,2,
2017-04-21,22.7417828,22.76507784,22.24093944,22.28752952,8853769,341979728.0,1.4331,-2.818691,2,
2017-04-24,22.2467632,22.35159088,21.4314368,21.984694,9859409,370087888.0,1.595877,-1.358768,2,
2017-04-25,22.130288,22.5088324,21.6643872,22.0138128,8892459,339300784.0,1.439363,0.132448,2,
2017-04-26,22.05457912,22.5088324,22.03710784,22.31082456,7948776,304633008.0,1.286615,1.349212,2,
2017-04-27,22.28752952,23.003852,21.8391,22.82331544,15766181,609776912.0,2.551966,2.297043,2,
2017-04-28,22.712664,22.8873768,22.54377496,22.712664,7000826,273068896.0,1.133177,-0.484814,2,
2017-05-02,22.71848776,22.85243424,22.61366008,22.75343032,5006596,195298240.0,0.810384,0.179486,2,
2017-05-03,22.66025016,22.8000204,22.22929192,22.3632384,7518713,290094528.0,1.217004,-1.714866,2,
2017-05-04,22.1594068,22.5961888,22.00798904,22.22929192,7572677,290261888.0,1.225739,-0.598967,2,
2017-05-05,22.1885256,22.275882,21.78668616,21.80415744,9079906,342966992.0,1.469704,-1.912496,2,
2017-05-08,21.80415744,22.5088324,21.67603472,22.24093944,12211078,467331040.0,1.976526,2.003205,2,
2017-05-09,22.08952168,22.6835452,21.96722272,22.54959872,12174548,469236320.0,1.970613,1.387805,2,
2017-05-10,22.61382732,23.01670728,21.87229464,21.88981116,13922237,535772672.0,2.2535,-2.925938,2,
2017-05-11,21.4869312,21.93068304,20.6402994,21.58619148,14951322,546983152.0,2.420071,-1.387038,2,f
2017-05-12,21.3993486,21.7788732,21.06653472,21.37599324,9218812,338733824.0,1.492188,-0.973764,2,
2017-05-15,21.6620964,21.73800132,21.20082804,21.3701544,5144412,188982363.0,0.832692,-0.027321,2,
2017-05-16,21.29424948,22.07665404,20.85633648,22.06497636,10456309,382544816.0,1.692493,3.251373,2,
2017-05-17,22.20510852,23.0050296,21.90148884,22.29852996,15677700,603384720.0,2.537645,1.058475,2,
2017-05-18,21.97739376,22.3043688,21.84310044,22.00658796,7640797,288871648.0,1.236765,-1.309243,2,
2017-05-19,22.05913752,22.35691836,21.83142276,22.25765808,7419768,281188160.0,1.200988,1.140887,2,
2017-05-22,22.23430272,22.4503398,21.43438164,21.49860888,8486106,318730720.0,1.373589,-3.410281,2,
2017-05-23,21.49277004,21.74384016,20.9614356,21.05485704,8081515,295361776.0,1.308101,-2.064091,2,
2017-05-24,21.0782124,21.49277004,20.727882,21.43438164,6815305,247147730.0,1.103148,1.802545,2,
2017-05-25,21.3409602,22.08249288,21.0782124,21.94236072,11444652,425141456.0,1.852469,2.369934,2,
2017-05-26,21.93652188,22.32188532,21.86061696,21.89565,7548952,285193456.0,1.221898,-0.212884,2,
2017-05-31,22.18175316,22.29852996,21.7788732,21.82558392,8580239,324393296.0,1.388826,-0.319997,2,
2017-06-01,21.6620964,21.74384016,21.0782124,21.11324544,8833102,324001600.0,1.429755,-3.263781,2,
2017-06-02,21.03734052,21.9832326,20.95559676,21.82558392,8981937,330886560.0,1.453846,3.373897,2,
2017-06-05,21.89565,22.2751746,21.76135668,22.08833172,9349421,353165856.0,1.513328,1.203854,2,
2017-06-06,22.11168708,23.34368232,21.84893928,23.25026088,26702273,1043243424.0,4.322119,5.26037,2,
2017-06-07,22.99919076,24.0560208,22.917447,23.48965332,26385081,1059465088.0,4.270777,1.029633,2,
2017-06-08,23.35536,25.5741192,23.35536,24.76835928,33241568,1395613408.0,5.380591,5.443696,2,
2017-06-09,24.7566816,25.398954,24.20783064,24.6399048,22976043,977601920.0,3.718979,-0.518617,2,
2017-06-12,24.56983872,25.55660268,24.523128,24.6982932,20175292,864948768.0,3.26564,0.236963,2,
2017-06-13,24.5523222,25.3405656,24.45306192,25.03694592,19406103,828945216.0,3.141136,1.371163,2,
2017-06-14,24.82674768,25.00191288,24.377157,24.57567756,14557176,613813232.0,2.356273,-1.842353,2,
2017-06-15,24.49977264,26.41491216,24.4939338,26.20471392,34635063,1519105488.0,5.606146,6.628655,2,
2017-06-16,25.98867684,26.2455858,25.63834644,25.69673484,17752953,786531808.0,2.873552,-1.938509,2,
2017-06-19,25.62666876,26.17551972,25.2821772,25.690896,15110273,665810512.0,2.445799,-0.022718,2,
2017-06-20,25.70257368,26.25726348,25.4865366,25.81351164,16905952,748761248.0,2.736454,0.477271,2,
2017-06-21,25.982838,27.004635,25.91277192,26.1871974,25699773,1161276704.0,4.159851,1.447635,2,
2017-06-22,26.1580032,26.55504432,24.76252044,24.80339232,29375740,1293089664.0,4.754855,-5.284279,2,
2017-06-23,24.7566816,25.50405312,24.7566816,25.42230936,19775700,854075472.0,3.200961,2.495295,2,
2017-06-26,25.50405312,26.37987912,25.1362062,26.2455858,21588681,959772192.0,3.494416,3.238401,2,
2017-06-27,26.28061884,26.99879616,26.01787104,26.4791394,19897682,902667872.0,3.220705,0.889873,2,
2017-06-28,26.26894116,26.5375278,25.85438352,26.16384204,13850878,620700192.0,2.241949,-1.190732,2,
2017-06-29,26.2455858,27.99139896,26.2455858,27.46590336,40226607,1874852320.0,6.511212,4.976566,2,b
2017-06-30,27.15644484,27.37248192,26.8878582,27.25570512,18010030,837143680.0,2.915163,-0.765307,2,
2017-07-03,27.21483324,27.60603552,26.88201936,27.37248192,17165782,802125712.0,2.778511,0.428451,2,
2017-07-04,27.15644484,27.1798002,26.3623626,26.52001128,23839021,1087453728.0,3.858663,-3.114341,2,
2017-07-05,26.33900724,26.73020952,26.0120322,26.60759388,18383440,829543168.0,2.975605,0.330254,2,
2017-07-06,26.5083336,26.858664,26.19887508,26.28061884,17865409,809943104.0,2.891754,-1.228882,2,
2017-07-07,26.22223044,26.5959162,26.02370988,26.14048668,16470267,740520016.0,2.665932,-0.53321,2,
2017-07-10,25.98867684,26.35652376,25.36392096,25.44566472,17457689,769530000.0,2.82576,-2.658027,2,
2017-07-11,25.3405656,25.90693308,25.22962764,25.46902008,12730283,556673904.0,2.060566,0.091779,2,
2017-07-12,25.40479284,25.59163572,24.669099,25.1654004,15470207,663368000.0,2.504059,-1.192115,2,
2017-07-13,25.15956156,25.62082992,24.9318468,25.52740848,11963080,519120544.0,1.936384,1.438522,2,
2017-07-14,25.52740848,25.52740848,24.88513608,24.94936332,9945989,427792272.0,1.609891,-2.264414,2,
2017-07-17,24.51145032,24.51145032,22.45617864,22.45617864,34747521,1365222416.0,5.624349,-9.99298,2,
2017-07-18,22.40946792,22.99335192,21.6912906,22.625505,15799092,605904880.0,2.557294,0.754033,2,f
2017-07-19,22.43866212,23.0342238,22.2167862,23.01086844,13042590,505220464.0,2.111117,1.703225,2,
2017-07-20,22.9466412,23.58307476,22.8298644,22.90576932,14458309,574724832.0,2.34027,-0.456738,2,
2017-07-21,23.2969716,23.75823996,23.0342238,23.11596756,12740904,510492016.0,2.062285,0.917667,2,
2017-07-24,22.8298644,23.50716984,22.57295544,23.36119884,9497217,375439904.0,1.537251,1.060869,2,
2017-07-25,23.32032696,23.7056904,22.771476,23.34952116,9961812,397831696.0,1.612452,-0.049979,2,
2017-07-26,23.2969716,23.8516614,23.1801948,23.65314084,11509990,464379856.0,1.863045,1.300317,2,
2017-07-27,23.3845542,25.4281482,23.35536,25.32304908,27991415,1178935488.0,4.530783,7.059987,2,
2017-07-28,25.252983,25.35808212,24.7274874,24.80923116,14747961,630990160.0,2.387154,-2.029046,2,
2017-07-31,24.54064452,25.03694592,24.33628512,24.669099,13289823,562812208.0,2.151135,-0.564843,2,
2017-08-01,24.669099,24.95520216,24.40051236,24.86761956,11519334,486971504.0,1.864558,0.804734,2,
2017-08-02,24.7274874,25.32304908,24.45306192,24.96687984,15805451,676083760.0,2.558323,0.39915,2,
2017-08-03,24.89681376,26.3331684,24.54064452,25.38727632,27504647,1210451328.0,4.451994,1.68382,2,
2017-08-04,25.107012,25.56244152,24.80339232,24.86178072,14744763,635105024.0,2.386636,-2.069912,2,
2017-08-07,24.7858758,25.35808212,24.68661552,24.91433028,8161552,349723040.0,1.321056,0.211358,2,
2017-08-08,24.86178072,25.9536438,24.81507,25.85438352,21852446,957574928.0,3.53711,3.773144,2,
2017-08-09,25.690896,25.73760672,25.2237888,25.43398704,12212693,532852576.0,1.976787,-1.62601,2,
2017-08-10,25.34640444,26.08209828,25.18291692,25.4281482,16556754,727392736.0,2.679931,-0.022962,2,
2017-08-11,25.0486236,25.2237888,24.3187686,24.39467352,17282773,733930976.0,2.797447,-4.064295,2,
2017-08-14,24.4063512,26.27478,24.4063512,26.0412264,33556363,1475536640.0,5.431544,6.74964,2,
2017-08-15,26.20471392,26.20471392,25.65002412,25.99451568,15486515,686088096.0,2.506699,-0.179368,2,
2017-08-16,25.72592904,27.1798002,25.4281482,26.70101532,34256862,1561045856.0,5.54493,2.717878,2,
2017-08-17,26.4499452,29.0774232,26.3039742,28.16072532,47754299,2272963984.0,7.72967,5.466871,2,
2017-08-18,27.9096552,28.60447716,27.3257712,27.588519,27717829,1322772960.0,4.4865,-2.031929,2,
2017-08-21,27.442548,28.24830792,27.150606,27.61187436,24761545,1172250208.0,4.007986,0.084658,2,
2017-08-22,27.48925872,29.4569478,27.3257712,29.00735712,41782563,2049303584.0,6.763065,5.053921,2,
2017-08-23,28.610316,28.94896872,27.9680436,28.30669632,23523207,1144919744.0,3.807544,-2.415461,2,
2017-08-24,28.026432,28.2015972,27.150606,27.442548,25734631,1211374576.0,4.165493,-3.052804,2,
2017-08-25,27.60603552,28.06146504,27.06886224,27.75784536,22530865,1067165712.0,3.646921,1.148938,2,
2017-08-28,27.49509756,29.5737246,27.49509756,28.72125396,40090044,1981913232.0,6.489108,3.470757,2,
2017-08-29,28.45850616,29.1650058,28.32421284,28.51689456,18695912,916188624.0,3.026182,-0.711524,2,
2017-08-30,28.610316,29.88902196,28.4351508,29.42191476,32387778,1627761568.0,5.242393,3.173627,2,
2017-08-31,30.29190192,30.65391,29.35768752,29.97660456,32761464,1688326736.0,5.302879,1.885296,2,
2017-09-01,30.11673672,32.97192948,29.6029188,32.11945884,55967201,3041471216.0,9.059037,7.148418,2,
2017-09-04,32.11362,33.81856128,31.7924838,32.56321068,45705782,2563359872.0,7.39809,1.381571,2,
2017-09-05,32.27710752,32.9602518,31.4713476,32.21288028,28515775,1568505104.0,4.615658,-1.075851,2,
2017-09-06,31.8800664,33.09454512,31.71074004,32.989446,28403378,1582912272.0,4.597465,2.410734,2,
2017-09-07,32.87850804,34.1864082,31.51805832,31.84503336,42578639,2392124384.0,6.89192,-3.469025,2,
2017-09-08,31.5589302,32.0552316,31.237794,31.72825656,24263976,1311181024.0,3.927448,-0.366705,2,
2017-09-11,31.383765,31.80416148,31.2669882,31.68154584,17088966,922448368.0,2.766077,-0.147225,2,
2017-09-12,31.675707,32.6099214,30.8290752,31.83919452,36497726,1973463721.0,5.907643,0.497605,2,
2017-09-13,31.5881244,31.8508722,31.2085998,31.49470296,13571847,733939182.0,2.196784,-1.081974,2,
2017-09-14,31.5881244,31.8508722,30.7706868,30.83491404,18793079,1006616257.0,3.04191,-2.094915,2,
2017-09-15,30.67726536,31.4421534,30.361968,30.63639348,20004665,1057322197.0,3.238022,-0.643818,2,
2017-09-18,30.7122984,31.6465128,30.66558768,31.55309136,17985148,964265425.0,2.911136,2.992185,2,
2017-09-19,31.6465128,32.0844258,31.04511228,31.13269488,14470411,781064567.0,2.342229,-1.332349,2,
2017-09-20,30.945852,31.87422756,30.68894304,31.8508722,19260621,1034445879.0,3.117588,2.306826,2,
2017-09-21,31.78664496,32.1720084,31.19692212,31.2669882,18135897,984611189.0,2.935537,-1.833181,2,b
2017-09-22,30.9750462,30.9750462,30.070026,30.11089788,18629067,971019319.0,3.015363,-3.697478,2,
2017-09-25,29.84815008,30.53129436,29.4569478,29.5153362,11742958,601373835.0,1.900754,-1.977895,2,
2017-09-26,29.47446432,30.0116376,29.3985594,29.92989384,9583385,488138327.0,1.551199,1.404548,2,f
2017-09-27,29.92989384,30.11673672,29.67882372,29.94157152,9036186,463003867.0,1.462627,0.039018,2,
2017-09-28,29.72553444,30.28606308,29.64962952,29.73137328,9980911,511415082.0,1.615543,-0.702029,2,
2017-09-29,29.70801792,30.12257556,29.70217908,29.80143936,7065911,361681358.0,1.143712,0.235669,2,
2017-10-09,30.8290752,30.93417432,30.2451912,30.75900912,12867133,675431093.0,2.082717,3.213165,2,
2017-10-10,30.86410824,32.48146692,30.72397608,32.03187624,24696780,1350282334.0,3.997503,4.138193,2,b
2017-10-11,31.967649,31.98516552,31.15605024,31.58228556,15301248,825719718.0,2.476711,-1.403574,2,
2017-10-12,31.54141368,32.45227272,31.2961824,31.69906236,13941890,760889691.0,2.256681,0.369756,2,
2017-10-13,31.529736,31.81000032,31.17356676,31.54725252,9054045,487288537.0,1.465518,-0.478913,2,
2017-10-16,31.56476904,32.11362,30.10505904,30.14009208,18679626,989470825.0,3.023546,-4.460485,2,
2017-10-17,29.924055,30.4787448,29.778084,30.1868028,9877151,509677465.0,1.598748,0.154982,2,
2017-10-18,30.28022424,30.3911622,29.3693652,29.57956344,11711977,600224742.0,1.89574,-2.011607,2,
2017-10-19,29.62043532,29.87150544,28.3767624,28.64534904,15128042,750352841.0,2.448675,-3.158308,2,
2017-10-20,28.59863832,29.18252232,28.57528296,29.0774232,7539146,374036438.0,1.220311,1.508353,2,
2017-10-23,29.08910088,29.6905014,29.08910088,29.46862548,7274124,366278568.0,1.177414,1.345386,2,
2017-10-24,29.486142,29.57956344,28.70373744,29.20003884,8054206,400408667.0,1.303681,-0.911438,2,
2017-10-25,29.31681564,30.22767468,29.22923304,30.04667064,12060104,617729729.0,1.952089,2.899422,2,
2017-10-26,29.90653848,30.6831042,29.78976168,30.60719928,13703249,711453203.0,2.218053,1.865525,2,
2017-10-27,30.65391,30.65391,30.08170368,30.43203408,9325929,483608436.0,1.509526,-0.572299,2,
2017-10-30,30.36780684,30.75900912,29.41607592,29.46862548,12874124,659322566.0,2.083849,-3.165767,2,
2017-10-31,29.486142,30.0116376,29.3693652,29.82479472,8413126,427923799.0,1.361777,1.20864,2,
2017-11-01,29.85982776,31.3545708,29.63795184,30.74733144,16733249,878525464.0,2.708499,3.093183,2,
2017-11-02,30.81739752,31.7340954,30.53129436,31.14437256,23640002,1269073569.0,3.826449,1.291303,2,
2017-11-03,31.14437256,31.5881244,30.39700104,30.8582694,17734691,938306792.0,2.870596,-0.918638,2,
2017-11-06,30.82323636,31.821678,30.65391,31.78664496,20369397,1095835694.0,3.297058,3.008515,2,
2017-11-07,31.65819048,31.967649,31.2961824,31.93261596,18999023,1028093378.0,3.075245,0.459221,2,
2017-11-08,32.10778116,32.10778116,31.13269488,31.1502114,19395608,1050967098.0,3.139438,-2.450174,2,
2017-11-09,30.945852,31.40712036,30.83491404,31.24363284,12113762,645725516.0,1.960774,0.299906,2,
2017-11-10,31.1794056,33.1062228,31.06846764,33.07118976,35517841,1963262287.0,5.749036,5.849376,2,
2017-11-13,32.82011964,33.7484952,32.45811156,33.56749116,29140552,1655381243.0,4.716787,1.50071,2,
2017-11-14,33.28722684,33.47990856,32.63327676,32.89018572,20399031,1151918885.0,3.301855,-2.017742,2,
2017-11-15,32.697504,33.27554916,31.45383108,31.49470296,23338895,1287633417.0,3.777711,-4.24286,2,
2017-11-16,31.36624848,31.9968432,31.237794,31.47718644,14426163,781531316.0,2.335067,-0.055615,2,
2017-11-17,31.7049012,32.5223388,30.22183584,30.44371176,25552116,1380171380.0,4.13595,-3.283251,2,
2017-11-20,29.778084,30.26270772,28.67454324,29.98828224,20228677,1021557943.0,3.274281,-1.49597,2,
2017-11-21,29.94157152,31.10350068,29.778084,30.52545552,19989680,1040856526.0,3.235596,1.791274,2,
2017-11-22,30.3035796,31.34289312,30.070026,30.55464972,17051375,896903839.0,2.759992,0.095645,2,
2017-11-23,30.25103004,30.4495506,29.1358116,29.1942,15482440,791418545.0,2.506039,-4.452516,2,
2017-11-24,28.902258,29.55036924,28.5519276,28.60447716,12056667,601094837.0,1.951532,-2.019997,2,
2017-11-27,28.80299772,29.42191476,27.9388494,28.21911372,12488649,613052002.0,2.021454,-1.347213,2,
2017-11-28,28.30085748,28.9898406,28.1432088,28.89058032,10069127,492606752.0,1.629822,2.37947,2,
2017-11-29,28.902258,28.902258,27.7928784,28.318374,11065560,536079812.0,1.791108,-1.980597,2,
2017-11-30,28.03227084,28.30669632,27.3257712,27.41919264,12066874,573913244.0,1.953184,-3.17526,2,
2017-12-01,27.5593248,28.2015972,27.442548,27.9680436,10236825,489956711.0,1.656967,2.001709,2,
2017-12-04,27.8512668,27.9388494,27.47758104,27.60603552,7485030,355076012.0,1.211552,-1.294369,2,
2017-12-05,27.6177132,27.90381636,25.03694592,25.66754064,23178837,1045587171.0,3.751804,-7.021996,2,f
2017-12-06,25.79015628,26.31565188,25.5157308,26.2455858,11046787,490239674.0,1.78807,2.252051,2,
2017-12-07,26.09377596,26.61343272,26.00035452,26.1871974,8182369,368840289.0,1.324425,-0.222474,2,
2017-12-08,26.25726348,26.66014344,26.10545364,26.14632552,9848137,444927807.0,1.594052,-0.156075,2,
2017-12-11,26.566722,28.71541512,26.4499452,28.33589052,25366746,1194844478.0,4.105946,8.374274,2,
2017-12-12,27.9680436,28.86722496,27.72865116,28.318374,19319716,939227498.0,3.127153,-0.061815,2,
2017-12-13,28.1140146,28.87890264,28.04394852,28.45850616,11175725,545799252.0,1.80894,0.494849,2,
2017-12-14,28.42347312,29.3109768,28.38844008,28.71541512,12521690,618534619.0,2.026802,0.902746,2,
2017-12-15,28.73877048,28.89641916,27.5009364,27.64106856,13349256,643489068.0,2.160755,-3.741359,2,
2017-12-18,27.880461,28.6978986,27.6761016,27.8512668,12351274,596030981.0,1.999218,0.760458,2,
2017-12-19,28.09065924,29.41607592,28.09065924,29.15916696,22342423,1111228681.0,3.616419,4.696012,2,b
2017-12-20,29.0190348,29.0774232,28.33005168,28.5519276,13569120,663962744.0,2.196343,-2.082493,2,
2017-12-21,28.4935392,28.91977452,28.10233692,28.62783252,10808795,529002370.0,1.749547,0.265843,2,
2017-12-22,28.6395102,29.00151828,27.83958912,27.8512668,11990370,580961212.0,1.940801,-2.712621,2,
2017-12-25,27.73449,28.07314272,26.7418872,26.858664,13792328,639559321.0,2.232472,-3.563943,2,
2017-12-26,27.08053992,27.50677524,26.60175504,27.37248192,8158829,379901304.0,1.320615,1.913046,2,
2017-12-27,27.43670916,27.6469074,26.7710814,26.99879616,7781479,363004511.0,1.259536,-1.365186,2,
2017-12-28,27.0338292,27.43670916,26.712693,27.09805644,7401817,344005101.0,1.198083,0.367643,2,
2017-12-29,27.02215152,27.26154396,26.566722,27.0922176,10455294,482245296.0,1.692329,-0.021543,2,f
2018-01-02,27.12725064,27.92717172,26.9754408,27.78120072,11265265,531701715.0,1.823433,2.543104,2,
2018-01-03,27.76952304,28.09649808,27.50677524,28.06146504,10895507,520370537.0,1.763583,1.008826,2,
2018-01-04,27.9096552,28.33589052,27.63522972,27.89213868,10021748,479154693.0,1.622153,-0.603414,2,
2018-01-05,28.4935392,28.80299772,27.9680436,28.06730388,15143889,736678322.0,2.45124,0.628008,2,
2018-01-08,28.2015972,28.2307914,27.150606,27.9680436,14732140,699552074.0,2.384593,-0.353647,2,
2018-01-09,27.93301056,27.93301056,27.3257712,27.588519,9051285,427036010.0,1.465071,-1.356997,2,
2018-01-10,27.81039492,30.23935236,27.81039492,29.55620808,37878722,1895427267.0,6.131176,7.132273,2,
2018-01-11,29.75472864,31.821678,29.41607592,31.24947168,47817348,2510227480.0,7.739875,5.728964,2,
2018-01-12,31.25531052,31.25531052,29.74305096,29.88902196,31945043,1659298089.0,5.170731,-4.353516,2,
2018-01-15,29.12997276,29.40439824,28.42347312,28.79132004,24508242,1214512049.0,3.966986,-3.672587,2,
2018-01-16,28.96648524,29.42191476,28.7854812,29.32849332,15332149,764635459.0,2.481713,1.865744,2,
2018-01-17,28.32421284,28.5227334,27.54764712,28.06146504,19590453,942210272.0,3.170976,-4.320124,2,
2018-01-18,28.02059316,28.27166328,27.68194044,27.77536188,9510289,454290601.0,1.539367,-1.019562,2,
2018-01-19,27.79871724,28.65702672,27.73449,28.30669632,12572115,608492416.0,2.034964,1.91297,2,
2018-01-22,28.2891798,30.02915412,28.07314272,29.59124112,22614485,1136994680.0,3.660456,4.537955,2,
2018-01-23,29.3693652,29.53869156,29.03071248,29.43359244,11938204,598542506.0,1.932357,-0.532755,2,
2018-01-24,29.43359244,31.09766184,29.20003884,30.72981492,33070142,1721370378.0,5.352843,4.403891,2,
2018-01-25,30.64223232,31.1210172,29.70801792,29.73721212,22336038,1164789064.0,3.615385,-3.230098,2,b
2018-01-26,29.7196956,30.33861264,29.486142,29.99995992,14058874,720594857.0,2.275616,0.883567,2,
2018-01-29,29.99412108,30.31525728,28.89058032,29.45110896,15074482,759085316.0,2.440006,-1.82951,2,
2018-01-30,29.778084,30.52545552,29.17668348,30.48458364,17689905,905904311.0,2.863347,3.509121,2,
2018-01-31,30.11673672,30.361968,29.55620808,30.06418716,17873168,917090799.0,2.89301,-1.379041,2,
2018-02-01,30.19264164,30.63639348,27.67026276,28.48770036,23782641,1187835422.0,3.849537,-5.243738,2,
2018-02-02,28.610316,29.0774232,27.73449,28.64534904,13115463,641828787.0,2.122912,0.553393,2,
2018-02-05,27.9096552,28.52857224,27.78120072,28.07898156,8627015,415894702.0,1.396397,-1.977173,2,
2018-02-06,27.0338292,27.43670916,25.27049952,25.2821772,23771760,1077001061.0,3.847776,-9.960493,2,
2018-02-07,26.02370988,26.26310232,24.4647396,25.55660268,17013342,748016009.0,2.753836,1.085453,2,
2018-02-08,25.6033134,26.27478,25.4281482,26.05874292,10083099,449750486.0,1.632084,1.964817,2,
2018-02-09,24.93768564,25.5741192,24.231186,25.35808212,14592762,627087298.0,2.362033,-2.688776,2,f
2018-02-12,25.5157308,26.25726348,25.5157308,26.13464784,9548485,426226196.0,1.54555,3.062395,2,
2018-02-13,26.3915568,26.6543046,25.87190004,26.01787104,8491271,381282750.0,1.374425,-0.446821,2,
2018-02-14,26.0412264,26.15216436,25.62082992,25.9536438,5286712,234556958.0,0.855725,-0.24686,2,
2018-02-22,26.27478,27.0630234,26.19303624,26.85282516,9942070,454471447.0,1.609256,3.464569,2,
2018-02-23,26.75356488,27.02799036,26.50249476,26.73604836,6385204,291932368.0,1.03353,-0.434879,2,
2018-02-26,27.004635,27.65274624,26.8878582,27.43670916,12104551,567596053.0,1.959283,2.620661,2,
2018-02-27,27.74616768,28.610316,27.48341988,27.5593248,15855234,760960297.0,2.566381,0.446902,2,
2018-02-28,27.43670916,28.318374,27.0338292,27.87462216,12142650,577088664.0,1.96545,1.14407,2,
2018-03-01,27.74032884,29.46278664,27.6469074,29.43943128,32284606,1595370302.0,5.225694,5.613733,2,
2018-03-02,29.12413392,29.48030316,28.4935392,28.76796468,21910877,1087039206.0,3.546567,-2.280837,2,
2018-03-05,29.3985594,29.9824434,29.11245624,29.59707996,22116619,1117298012.0,3.579869,2.882075,2,
2018-03-06,29.8072782,30.86994708,29.6613072,29.9824434,30825479,1599821956.0,4.989514,1.302032,2,
2018-03-07,29.3985594,29.57956344,28.96648524,28.9898406,18804095,941854972.0,3.043693,-3.310608,2,
2018-03-08,28.99567944,29.64379068,28.99567944,29.18252232,12507282,626610055.0,2.02447,0.664648,2,
2018-03-09,29.24091072,30.61887696,29.1066174,30.38532336,25707357,1322181186.0,4.161078,4.121652,2,
2018-03-12,30.35029032,31.58228556,30.35029032,30.51961668,27866650,1470802785.0,4.510589,0.441967,2,
2018-03-13,30.4787448,31.6465128,30.1284144,31.13853372,28326447,1504759366.0,4.585013,2.027934,2,
2018-03-14,30.86410824,31.1502114,29.8948608,30.0116376,18462143,968888485.0,2.988344,-3.618977,2,
2018-03-15,29.99995992,30.66558768,29.6029188,30.58968276,16503715,853118767.0,2.671346,1.926066,2,
2018-03-16,31.7340954,32.39388432,30.77652564,30.8290752,29033812,1570657592.0,4.699509,0.782592,2,b
2018-03-19,30.361968,31.39544268,30.04667064,30.68894304,18456255,972743951.0,2.987391,-0.454541,2,
2018-03-20,29.924055,31.0042404,29.7196956,30.70645956,15629275,812548925.0,2.529806,0.057075,2,
2018-03-21,30.5955216,31.237794,29.52701388,29.60875764,18508655,967073435.0,2.995872,-3.574826,2,
2018-03-22,29.78392284,30.86994708,29.62043532,30.13425324,19211363,993155704.0,3.109615,1.774801,2,
2018-03-23,28.86722496,29.59124112,27.65858508,28.72125396,24313551,1198010578.0,3.935472,-4.689018,2,f
2018-03-26,28.3767624,30.06418716,28.3767624,30.00579876,17339912,870891132.0,2.806696,4.472456,2,
2018-03-27,30.64807116,33.00696252,30.5371332,33.00696252,32031080,1761333119.0,5.184657,10.00194,2,
2018-03-28,33.62004072,34.86955248,33.20548308,34.02875952,63115294,3682036599.0,10.216051,3.095701,2,
2018-03-29,33.94701576,34.60096584,33.1062228,33.64923492,34574658,2004754508.0,5.596369,-1.115301,2,
2018-03-30,34.25647428,35.14397796,33.9820488,34.90458552,39853375,2360445893.0,6.4508,3.730692,2,
2018-04-02,35.60524632,38.34366228,35.33082084,36.69127056,47915066,3030385827.0,7.755692,5.118771,2,
2018-04-03,36.29422944,37.95246,36.10154772,37.93494348,32189285,2036698364.0,5.210265,3.389563,2,
2018-04-04,38.40205068,38.40788952,36.01396512,36.07819236,27981759,1768384348.0,4.529221,-4.894567,2,
2018-04-09,36.18913032,37.4853528,35.47679184,36.45187812,24201904,1522503912.0,3.917401,1.035765,2,
2018-04-10,36.56865492,36.74382012,34.52506092,35.61108516,27514577,1666241107.0,4.453601,-2.306581,2,
2018-04-11,35.74537848,37.0474398,35.57605212,35.83296108,22297863,1386367713.0,3.609206,0.623048,2,
2018-04-12,36.13658076,36.88979112,35.55269676,35.66363472,17685353,1098334979.0,2.86261,-0.472539,2,
2018-04-13,36.1424196,38.2735962,36.13074192,37.368576,33007230,2101656913.0,5.34266,4.780612,2,
2018-04-16,37.35689832,39.34794276,36.49858884,39.31290972,43343305,2824949721.0,7.015691,5.203128,2,b
2018-04-17,38.58889356,39.0034512,35.616924,37.04160096,35579981,2278787898.0,5.759094,-5.777518,2,
2018-04-18,37.076634,38.63560428,35.56437444,37.90574928,34098565,2164054087.0,5.519307,2.332912,2,
2018-04-19,37.40944788,37.49119164,35.85631644,36.00228744,26686707,1677668174.0,4.319599,-5.021563,2,
2018-04-20,35.87383296,36.59784912,34.45499484,34.5367386,29246691,1766947673.0,4.733967,-4.070708,2,
2018-04-23,34.96881276,35.22572172,33.21132192,34.22728008,22598933,1324089451.0,3.657938,-0.896031,2,f
2018-04-24,34.303185,35.60524632,33.67842912,35.42424228,25935485,1544360862.0,4.198004,3.497099,2,
2018-04-25,34.78780872,36.3175848,34.75861452,35.47679184,20067641,1227297222.0,3.248215,0.148344,2,
2018-04-26,35.324982,35.85631644,34.449156,34.5367386,15272679,919626411.0,2.472087,-2.649764,2,
2018-04-27,34.88123016,35.92054368,33.6901068,35.54685792,20832802,1248371036.0,3.372067,2.924767,2,
2018-05-02,35.4417588,36.7554978,35.42424228,36.15409728,20316058,1256356304.0,3.288425,1.708274,2,
2018-05-03,35.908866,36.6679152,34.741098,36.65039868,19435963,1191178820.0,3.14597,1.372743,2,
2018-05-04,36.4343616,37.11750588,36.01396512,36.0256428,15649775,978779969.0,2.533125,-1.704636,2,
2018-05-07,36.3759732,37.74226176,36.2591964,37.59629076,21978743,1399917361.0,3.557552,4.359803,2,
2018-05-08,37.43864208,38.23856316,37.0182456,37.5729354,15019680,965645016.0,2.431135,-0.062123,2,b
2018-05-09,37.6021296,37.61964612,36.49858884,36.62120448,14677306,928632856.0,2.375718,-2.533018,2,
2018-05-10,36.62120448,36.76717548,35.05055652,35.39504808,20425588,1249328938.0,3.306154,-3.348218,2,
2018-05-11,35.44759764,35.79792804,34.8578748,35.02720116,13989803,845076162.0,2.264436,-1.039256,2,
2018-05-14,35.1498168,35.3833704,34.14553632,34.54257744,15814249,937430247.0,2.559747,-1.383567,2,
2018-05-15,34.6827096,35.43008112,34.45499484,35.4125646,12952963,774961170.0,2.09661,2.518596,2,
2018-05-16,35.2082052,35.37169272,34.57177164,34.64767656,11403944,682173476.0,1.84588,-2.159936,2,
2018-05-17,34.57761048,34.9746516,34.26231312,34.44331716,7638905,451582711.0,1.236459,-0.589819,2,
2018-05-18,34.51338324,34.8286806,33.75433404,34.63599888,11241538,662111639.0,1.819593,0.559414,2,f
2018-05-21,34.86371364,35.9380602,34.86371364,35.69282892,15751736,957872598.0,2.549628,3.05125,2,
2018-05-22,35.5585356,35.65779588,34.9454574,35.48263068,10373319,626845737.0,1.67906,-0.58891,2,
2018-05-23,35.3833704,36.6971094,35.15565564,35.91470484,19491910,1207506736.0,3.155025,1.217703,2,
2018-05-24,36.3723,37.8213255,35.961645,37.287474,26203891,1655760419.0,4.241449,3.82228,2,b
2018-05-25,37.0352145,37.275741,36.266703,36.8944185,14943852,936987421.0,2.418862,-1.054125,2,
2018-05-28,36.95895,36.95895,35.269398,35.3339295,16563990,1018311398.0,2.681102,-4.229607,2,
2018-05-29,35.3339295,35.961645,34.7942115,34.8411435,11091068,667485616.0,1.795237,-1.394654,2,
2018-05-30,34.0432995,34.5712845,33.3510525,33.474249,18246995,1058030406.0,2.953519,-3.923216,2,
2018-05-31,33.8673045,34.189962,32.7057375,33.8438385,13055803,747054762.0,2.113256,1.104096,2,
2018-06-01,33.55638,34.365957,33.368652,33.849705,10209968,589224262.0,1.652619,0.017338,2,
2018-06-04,34.072632,34.1840955,32.171886,32.3772135,18630734,1039956498.0,3.015633,-4.350091,2,
2018-06-05,32.2950825,33.192657,32.277483,33.1515915,11140493,624112824.0,1.803237,2.391737,2,
2018-06-06,33.20439,34.0257,33.1515915,33.638511,10907476,625773246.0,1.76552,1.46877,2,
2018-06-07,34.0257,34.588884,33.55638,33.5739795,9829645,569167866.0,1.591059,-0.191839,2,
2018-06-08,33.7030425,33.931836,32.8113345,33.3627855,9305891,528154147.0,1.506282,-0.629042,2,
2018-06-11,33.3627855,34.0257,33.0694605,33.955302,9093832,521660962.0,1.471958,1.775984,2,
2018-06-12,34.1019645,34.1723625,32.981463,33.873171,10566352,603663893.0,1.710305,-0.241879,2,
2018-06-13,33.767574,33.861438,32.9403975,32.9521305,8673654,493723103.0,1.403946,-2.719092,2,
2018-06-14,32.8582665,33.309987,32.559075,32.570808,7848181,440170006.0,1.270333,-1.157197,2,
2018-06-15,32.559075,32.7644025,31.022052,31.127649,16042006,860492565.0,2.596612,-4.430834,2,
2018-06-19,30.4178025,30.4178025,28.0125375,28.74585,20483078,1017671710.0,3.315459,-7.651717,2,
2018-06-20,28.4466585,29.625825,28.4466585,29.179971,14277883,705252427.0,2.311066,1.510208,2,
2018-06-21,28.9981095,29.297301,27.5080185,27.642948,14866888,716277610.0,2.406404,-5.267396,2,
2018-06-22,27.1912275,28.62852,26.9917665,28.288263,10607023,509544159.0,1.716888,2.33447,2,f
2018-06-25,28.62852,28.874913,27.983205,28.1592,10409300,505464971.0,1.684884,-0.456245,2,
2018-06-26,27.8482755,29.5847595,27.7309455,29.297301,13208700,651637082.0,2.138004,4.041664,2,
2018-06-27,29.203437,29.555427,28.8690465,29.156505,11171231,556359094.0,1.808213,-0.480572,2,
2018-06-28,29.2445025,29.602359,28.86318,29.086107,9396952,468477701.0,1.521022,-0.241447,2,
2018-06-29,29.1389055,31.256712,29.1389055,31.0631175,16245969,842238231.0,2.629627,6.797093,2,
2018-07-02,30.85779,31.620435,30.5116665,30.9809865,14759133,784319483.0,2.388962,-0.264399,2,
2018-07-03,31.1569815,32.582541,30.8636565,32.3185485,15110535,818236983.0,2.445841,4.317362,2,
2018-07-04,32.1777525,32.207085,31.068984,31.32711,11208731,603690547.0,1.814282,-3.067705,2,
2018-07-05,31.268445,31.808163,30.963387,31.068984,8891130,475626474.0,1.439148,-0.823975,2,
2018-07-06,31.1921805,31.772964,27.959739,27.959739,43480530,2163864442.0,7.037903,-10.00755,2,
2018-07-09,28.7282505,29.543694,28.27653,29.2093035,23045313,1138921068.0,3.730191,4.469159,2,
2018-07-10,29.44983,29.7724875,29.015709,29.649291,15143250,760161467.0,2.451137,1.506327,2,
2018-07-11,29.09784,29.4322305,28.3175955,29.027442,11673938,576017925.0,1.889582,-2.097351,2,
2018-07-12,29.273835,31.0865835,29.21517,30.4647345,15921988,819334571.0,2.577186,4.951497,2,
2018-07-13,30.6172635,30.904722,30.212475,30.517533,9511046,495118939.0,1.53949,0.173311,2,
2018-07-16,30.341538,30.5116665,29.68449,30.130344,11971274,612117133.0,1.93771,-1.268743,2,
2018-07-17,30.106878,30.106878,29.039175,29.7724875,11620947,582731360.0,1.881005,-1.187696,2,
2018-07-18,29.9250165,30.38847,29.5964925,29.731422,9083111,464764000.0,1.470223,-0.13793,2,
2018-07-19,29.496762,30.2887395,29.156505,29.7959535,9318489,473368084.0,1.508322,0.217049,2,
2018-07-20,29.6668905,30.799125,29.3852985,30.587931,17457562,902315324.0,2.825739,2.658,2,
2018-07-23,30.5585985,31.9078935,30.435402,31.3916415,17581853,940313548.0,2.845857,2.627539,2,
2018-07-24,31.385775,32.4124125,31.244979,31.6028355,16792183,911862932.0,2.718039,0.672773,2,b
2018-07-25,31.6849665,32.254017,31.3564425,31.56177,9989670,540507920.0,1.616961,-0.129942,2,
2018-07-26,31.4972385,31.6497675,30.5116665,30.846057,10222270,538905636.0,1.654611,-2.267653,2,
2018-07-27,30.799125,30.998586,30.27114,30.5233995,7738559,403645822.0,1.252589,-1.046031,2,
2018-07-30,30.5058,30.986853,29.5964925,29.9015505,9007999,463941205.0,1.458065,-2.037282,2,
2018-07-31,29.80182,30.2300745,29.5964925,30.013014,5787431,295433038.0,0.936773,0.372766,2,
2018-08-01,30.1362105,30.564465,29.80182,29.8663515,5933843,304665451.0,0.960472,-0.488663,2,
2018-08-02,29.68449,29.7959535,27.5901495,28.910112,12908365,630613755.0,2.089391,-3.20173,2,
2018-08-03,28.675452,29.0333085,28.194399,28.253064,5507249,268043703.0,0.891422,-2.272725,2,
2018-08-06,28.358661,28.534656,27.502152,27.865875,6562969,312808363.0,1.062304,-1.370432,2,
2018-08-07,27.865875,28.452525,26.915502,28.429059,12284221,582715108.0,1.988365,2.021051,2,f
2018-08-08,28.2706635,28.335195,27.173628,27.22056,10063988,474186426.0,1.628991,-4.250924,2,
2018-08-09,27.208827,28.921845,27.10323,28.7282505,14289691,690920653.0,2.312977,5.538792,2,
2018-08-10,28.6226535,29.578893,28.6226535,29.3266335,13623117,678044191.0,2.205083,2.082909,2,
2018-08-13,28.8221145,30.564465,28.757583,30.4060695,15418967,782840019.0,2.495765,3.680736,2,
2018-08-14,30.224208,30.4060695,29.696223,29.9015505,7461904,381382585.0,1.207809,-1.659272,2,
2018-08-15,29.9015505,30.2770065,28.9042455,29.1623715,8907518,447957944.0,1.4418,-2.472047,2,
2018-08-16,28.945311,29.895684,28.475991,29.2210365,9121551,455524326.0,1.476445,0.201171,2,
2018-08-17,29.625825,30.03648,28.651986,28.7869155,8357644,418367678.0,1.352796,-1.485649,2,
2018-08-20,28.86318,29.9484825,28.499457,29.9250165,9477023,472692955.0,1.533982,3.953533,2,
2018-08-21,29.9132835,30.0892785,29.3970315,29.8780845,9242348,469515575.0,1.495997,-0.156828,2,
2018-08-22,29.7255555,30.411936,29.5730265,29.8076865,6470675,330323165.0,1.047365,-0.235615,2,
2018-08-23,30.7463265,31.772964,30.7463265,31.503105,24484748,1308805993.0,3.963183,5.687855,2,
2018-08-24,31.2508455,32.371347,31.1335155,32.089755,22039284,1200774368.0,3.567352,1.862197,2,
2018-08-27,32.0486895,32.5884075,31.855095,32.26575,16053651,884342530.0,2.598497,0.548445,2,
2018-08-28,32.14842,32.7878685,31.843362,32.1542865,11576229,636647442.0,1.873767,-0.345452,2,
2018-08-29,32.277483,32.359614,31.573503,31.866828,7681490,416923952.0,1.243352,-0.894,2,
2018-08-30,31.925493,32.113221,31.32711,31.7553645,7931228,428415644.0,1.283775,-0.349777,2,
2018-08-31,31.772964,31.972425,31.1569815,31.291911,8383659,451805634.0,1.357007,-1.459451,2,
2018-09-03,31.291911,33.028395,30.799125,32.922798,16938611,922758346.0,2.74174,5.211846,2,
2018-09-04,32.7526695,33.6678435,32.3420145,33.1633245,17591051,986815709.0,2.847346,0.730577,2,
2018-09-05,32.8524,33.3275865,32.394813,32.559075,11189159,626136359.0,1.811114,-1.822039,2,
2018-09-06,32.5297425,34.3014255,32.5297425,33.08706,18631307,1063574136.0,3.015725,1.621624,2,b
2018-09-07,33.145725,33.6678435,31.115916,31.7670975,20232056,1112691822.0,3.274828,-3.989362,2,
2018-09-10,31.6791,32.14842,30.916455,30.916455,11950078,639980066.0,1.934279,-2.677748,2,
2018-09-11,31.0396515,31.8726945,30.846057,31.5441705,8521118,456707351.0,1.379256,2.03036,2,
2018-09-12,31.5441705,32.441745,31.385775,31.79643,10755525,586007833.0,1.740925,0.799703,2,
2018-09-13,32.0369565,32.606007,31.0161855,31.855095,13210038,714629820.0,2.138221,0.184499,2,
2018-09-14,31.995891,32.089755,30.329805,30.4647345,16883303,886556594.0,2.732788,-4.364639,2,
2018-09-17,30.282873,30.9809865,30.1244775,30.3943365,7521240,391939417.0,1.217413,-0.231078,2,f
2018-09-18,30.3239385,31.0044525,29.625825,30.85779,12457234,648214783.0,2.016369,1.524796,2,
2018-09-19,30.8049915,31.761231,30.447135,31.280178,13851739,736499749.0,2.242089,1.368824,2,
2018-09-20,31.5911025,32.0252235,31.268445,31.4033745,10034036,540603281.0,1.624142,0.393847,2,
2018-09-21,31.596969,32.2481505,31.010319,32.1777525,12093227,653798428.0,1.95745,2.465906,2,
2018-09-25,31.972425,32.73507,31.8609615,32.430012,10478838,577138095.0,1.69614,0.783957,2,
2018-09-26,32.300949,32.828934,31.902027,32.4124125,11619804,640855426.0,1.88082,-0.054267,2,b
2018-09-27,32.441745,32.7292035,32.1190875,32.394813,8639008,476782161.0,1.398339,-0.054296,2,
2018-09-28,32.4124125,32.594274,31.6145685,32.3889465,11502022,629433017.0,1.861756,-0.018113,2,
2018-10-08,31.596969,31.8844275,30.7463265,30.846057,10566722,564443237.0,1.710365,-4.763625,2,
2018-10-09,30.9340545,31.4268405,29.3266335,30.0658125,14257698,732458295.0,2.307798,-2.529482,2,
2018-10-10,30.0658125,30.212475,29.156505,29.895684,8806937,446323940.0,1.42552,-0.565855,2,
2018-10-11,28.558122,28.98051,26.9859,27.57255,16715385,798108413.0,2.705608,-7.770799,2,
2018-10-12,27.3789555,28.206132,26.8040385,27.80721,11896671,559533173.0,1.925635,0.851067,2,
2018-10-15,27.842409,28.452525,27.772011,27.783744,7730660,370761654.0,1.25131,-0.08439,2,
2018-10-16,27.783744,28.1592,25.988595,26.586978,12221916,563566398.0,1.97828,-4.307435,2,f
2018-10-17,27.10323,27.607749,26.152857,27.3554895,11379573,523554702.0,1.841936,2.890559,2,
2018-10-18,27.091497,27.8482755,26.8157715,27.10323,10064223,469597853.0,1.629029,-0.922154,2,
2018-10-19,26.7571065,28.722384,26.63391,28.569855,15678519,746613398.0,2.537777,5.411255,2,
2018-10-22,29.426364,31.2743115,29.156505,30.634863,24175599,1248180358.0,3.913143,7.227927,2,b
2018-10-23,30.85779,31.1335155,30.142077,30.411936,12393918,647802597.0,2.006121,-0.727692,2,
2018-10-24,30.3708705,30.8401905,29.848752,30.4178025,10956215,566579528.0,1.773409,0.019287,2,
2018-10-25,29.344233,29.907417,28.687185,29.7255555,16297931,811142314.0,2.638037,-2.275796,2,
2018-10-26,30.15381,30.15381,27.45522,28.27653,19134439,932550975.0,3.097164,-4.874674,2,
2018-10-29,27.865875,27.865875,25.57794,26.504847,18691231,844389888.0,3.025425,-6.265561,2,
2018-10-30,26.270187,27.631215,25.331547,27.408288,16555466,754488038.0,2.679723,3.40859,2,f
2018-10-31,27.2498925,27.865875,26.927235,27.4141545,9483707,444884805.0,1.535064,0.021401,2,
2018-11-01,28.2354645,28.9394445,27.865875,27.9890715,17407860,847236592.0,2.817694,2.097153,2,
2018-11-02,29.21517,29.883951,29.21517,29.7607545,20963415,1057549022.0,3.393208,6.329911,2,
2018-11-05,29.3325,29.848752,28.6930515,29.309034,12016151,598914707.0,1.944974,-1.517841,2,
2018-11-06,29.273835,29.9719485,28.74585,29.907417,12369331,623598112.0,2.002141,2.041634,2,
2018-11-07,29.743155,30.1127445,29.485029,29.743155,11911437,605268439.0,1.928025,-0.549233,2,
2018-11-08,30.071679,30.130344,28.698918,28.757583,11146712,555680015.0,1.804244,-3.31361,2,
2018-11-09,28.722384,29.578893,28.616787,29.2093035,9013173,449726705.0,1.458902,1.570788,2,
2018-11-12,29.21517,31.890294,28.9159785,31.690833,23686798,1249418819.0,3.834024,8.495681,2,
2018-11-13,31.3564425,33.5270475,31.268445,32.50041,28264966,1564679406.0,4.575061,2.554611,2,
2018-11-14,32.512143,33.32172,32.2481505,32.73507,15970297,891104453.0,2.585005,0.722017,2,
2018-11-15,32.770269,33.497715,32.195352,33.145725,15698626,881973398.0,2.541032,1.254482,2,
2018-11-16,33.20439,34.5243525,33.20439,33.967035,19354930,1124670438.0,3.132853,2.477879,2,
2018-11-19,33.9025035,33.990501,32.9990625,33.5622465,10565628,602659573.0,1.710188,-1.191714,2,
2018-11-20,32.9755965,33.3627855,32.50041,32.7996015,10883755,610128194.0,1.761681,-2.272329,2,
2018-11-21,32.50041,33.0811935,32.26575,32.73507,8893585,496907625.0,1.439545,-0.196746,2,
2018-11-22,32.746803,33.380385,32.4124125,32.7878685,8998969,504472134.0,1.456603,0.161291,2,
2018-11-23,32.805468,32.8230675,31.0513845,31.20978,13300655,715377375.0,2.152888,-4.813023,2,
2018-11-26,31.162848,31.6028355,30.916455,31.09245,7236299,385238517.0,1.171291,-0.375941,2,
2018-11-27,31.3447095,32.136687,31.2156465,31.749498,9589684,518035748.0,1.552218,2.113206,2,
2018-11-28,31.6791,32.441745,31.010319,32.1777525,11697402,636048097.0,1.89338,1.348854,2,
2018-11-29,32.441745,32.8524,31.080717,31.1100495,11293981,612584208.0,1.828081,-3.31814,2,
2018-11-30,31.20978,31.7905635,31.1217825,31.7905635,7153435,384128366.0,1.157879,2.187441,2,
2018-12-03,33.4683825,33.732375,32.8348005,32.9521305,14056970,796799142.0,2.275308,3.65381,2,b
2018-12-04,32.9990625,33.1867905,32.50041,33.1046595,7822757,438203388.0,1.266217,0.462884,2,
2018-12-05,32.4124125,33.028395,32.26575,32.7526695,6634314,369707281.0,1.073852,-1.063262,2,
2018-12-06,32.50041,32.50041,31.6263015,31.7670975,7802123,425731085.0,1.262878,-3.009135,2,
2018-12-07,32.0486895,32.570808,31.9313595,32.488677,6328788,348602710.0,1.024399,2.271467,2,
2018-12-10,32.26575,33.192657,32.26575,33.0694605,8282285,464057846.0,1.340598,1.787645,2,
2018-12-11,33.309987,33.309987,32.2364175,32.594274,6241371,347051374.0,1.010249,-1.43693,2,
2018-12-12,32.6353395,32.8348005,32.26575,32.488677,3353519,185892817.0,0.542812,-0.323975,2,
2018-12-13,32.61774,33.2337225,32.03109,32.9169315,10624138,593218541.0,1.719658,1.318165,2,
2018-12-14,32.793735,32.793735,31.843362,31.855095,8097352,444516331.0,1.310664,-3.225809,2,
2018-12-17,31.5911025,31.7318985,31.0983165,31.4033745,6338240,338654319.0,1.025929,-1.418049,2,
2018-12-18,31.139382,31.503105,30.5351325,31.0279185,7125552,376728234.0,1.153366,-1.19559,2,
2018-12-19,31.057251,31.3681755,30.62313,30.6524625,5220694,276327175.0,0.845039,-1.210057,2,
2018-12-20,30.8049915,31.362309,30.658329,31.3212435,6729222,356655170.0,1.089214,2.181817,2,
2018-12-21,31.162848,31.5324375,30.85779,31.2743115,5449094,289850739.0,0.882008,-0.149837,2,
2018-12-24,31.32711,31.890294,31.1569815,31.4972385,5660780,305286542.0,0.916273,0.712807,2,
2018-12-25,31.256712,31.855095,30.7932585,31.6028355,7950393,426493824.0,1.286877,0.335259,2,
2018-12-26,31.44444,31.79643,31.244979,31.6145685,6388708,343885903.0,1.034098,0.037127,2,
2018-12-27,32.089755,32.6118735,31.432707,31.456173,9158053,500823330.0,1.482353,-0.501021,2,
2018-12-28,31.6145685,31.6497675,29.6316915,30.494067,13933465,717094673.0,2.255317,-3.058559,2,
2019-01-02,30.3591375,30.376737,29.496762,29.6434245,8007762,406163310.0,1.296163,-2.789536,2,f
2019-01-03,29.3500995,30.6055305,29.3325,29.9719485,9685765,498579083.0,1.56777,1.108255,2,
2019-01-04,29.6082255,31.514838,29.5378275,31.2860445,9466359,497870788.0,1.532256,4.384423,2,
2019-01-07,31.56177,32.7409365,31.3916415,32.430012,14638369,804433362.0,2.369415,3.656473,2,
2019-01-08,32.38308,32.8348005,32.078022,32.277483,8617527,475715757.0,1.394862,-0.47033,2,
2019-01-09,32.4828105,32.911065,31.972425,32.007624,9729312,539293871.0,1.574819,-0.836058,2,
2019-01-10,32.1308205,32.793735,32.019357,32.2364175,7939458,438178814.0,1.285107,0.714808,2,
2019-01-11,32.2833495,32.8934655,32.03109,32.8524,8362463,465357114.0,1.353576,1.910827,2,
2019-01-14,32.8582665,33.3627855,32.38308,32.5297425,7051290,393827618.0,1.141345,-0.982142,2,
2019-01-15,32.38308,33.9963675,32.1308205,33.9494355,12853948,727368342.0,2.080583,4.364289,2,
2019-01-16,36.430965,36.947217,34.2662265,34.671015,26178838,1578546297.0,4.237394,2.125453,2,
2019-01-17,34.72968,35.163801,34.0902315,34.119564,9717558,573814479.0,1.572916,-1.590522,2,
2019-01-18,34.037433,34.96434,34.0315665,34.940874,9003582,532804256.0,1.45735,2.407155,2,
2019-01-21,34.9819395,36.430965,34.389423,35.245932,13119242,795157317.0,2.123524,0.87307,2,
2019-01-22,35.199,35.492325,34.2427605,34.5243525,7311404,432811903.0,1.183448,-2.047276,2,
2019-01-23,34.5243525,34.753146,34.002234,34.189962,8872093,518668153.0,1.436066,-0.968564,2,
2019-01-24,34.4422215,35.633121,34.2310275,35.011272,13875246,826746272.0,2.245893,2.402199,2,
2019-01-25,35.023005,35.4629925,34.6768815,34.717947,8153292,487401363.0,1.319719,-0.837802,2,
2019-01-28,35.140335,36.548295,35.034738,35.726985,15704806,958335600.0,2.542032,2.906389,2,
2019-01-29,37.252275,37.838925,36.595227,37.4106705,23767071,1512550946.0,3.847017,4.712642,2,
2019-01-30,37.3989375,38.308245,36.8005545,36.947217,15042082,961971211.0,2.434761,-1.238828,2,
2019-01-31,37.3637385,37.4106705,36.25497,36.5893605,10523962,660235428.0,1.703443,-0.968562,2,
2019-02-01,36.900285,38.7189,36.7536225,38.578104,16628257,1073385718.0,2.691505,5.435311,2,
2019-02-11,39.30555,40.47885,39.012225,40.47885,24008296,1631239738.0,3.886063,4.927004,2,
2019-02-12,40.068195,40.3439205,39.6516735,39.903933,14708792,1000566705.0,2.380814,-1.420295,2,
2019-02-13,39.8922,41.1534975,39.7103385,40.185525,18262433,1253544553.0,2.956018,0.70568,2,
2019-02-14,40.12686,40.5668475,39.6868725,40.0388625,12942242,881814335.0,2.094874,-0.364963,2,
2019-02-15,40.00953,40.4495175,39.2879505,39.3700815,14347197,969386944.0,2.322285,-1.670329,2,
2019-02-18,39.716205,41.6580165,39.716205,41.6580165,21844318,1514807842.0,3.535794,5.811357,2,
2019-02-19,42.0334725,42.309198,40.549248,41.41749,20001718,1415824635.0,3.237545,-0.577389,2,
2019-02-20,41.311893,41.358825,39.939132,40.71351,14462709,999434605.0,2.340982,-1.699713,2,
2019-02-21,40.6020465,43.1246415,40.47885,41.4702885,24074787,1716145065.0,3.896825,1.858791,2,
2019-02-22,41.41749,45.617904,40.760442,45.617904,26821682,1999161114.0,4.341447,10.00141,2,
2019-02-25,50.182041,50.182041,50.182041,50.182041,6614648,565816990.0,1.070669,10.00514,2,
2019-02-26,55.1744325,55.1744325,50.428434,51.03855,63460397,5744226415.0,10.271911,1.706803,2,
2019-02-27,51.1265475,52.786767,49.2786,50.4343005,38768243,3371154779.0,6.275157,-1.183907,2,
2019-02-28,49.98258,51.3494745,48.750615,50.7041595,23683935,2023998772.0,3.83356,0.535069,2,
2019-03-01,51.331875,53.784072,50.158575,51.7835955,31164919,2750412300.0,5.044457,2.128886,2,
2019-03-04,52.739835,54.969105,50.874288,51.8070615,39451400,3525929165.0,6.385735,0.045317,2,
2019-03-05,50.5398975,51.6076005,50.158575,51.402273,24035066,2087152472.0,3.890396,-0.781333,2,
2019-03-06,51.5020035,52.962762,50.745225,52.622505,32448788,2875576957.0,5.252269,2.373881,2,
2019-03-07,51.6252,57.8847555,50.92122,53.913135,45525543,4170332574.0,7.368916,2.452625,2,b
2019-03-08,49.571925,52.997961,49.571925,49.5895245,35406371,3080916315.0,5.730993,-8.019589,2,
2019-03-11,50.287638,51.6779985,49.63059,50.979885,23396247,2024762928.0,3.786994,2.803742,2,
2019-03-12,51.0444165,56.0778735,51.03855,55.9018785,50814388,4759728139.0,8.224986,9.654775,2,
2019-03-13,55.73175,55.73175,51.03855,51.7014645,36793937,3321923680.0,5.955589,-7.513909,2,
2019-03-14,50.68656,50.68656,47.5127835,48.398625,29794419,2485374399.0,4.822624,-6.388287,2,
2019-03-15,48.92661,49.74792,46.826403,47.624247,22360994,1841304619.0,3.619425,-1.6,2,
2019-03-18,47.7239775,49.208202,46.568277,49.090872,21176642,1746354884.0,3.427722,3.079576,2,f
2019-03-19,49.571925,50.510565,48.57462,49.5543255,18195021,1538392466.0,2.945107,0.944074,2,
2019-03-20,49.4721945,50.745225,48.398625,49.208202,16594637,1398384093.0,2.686063,-0.698477,2,
2019-03-21,49.39593,52.3819785,49.3900635,51.531336,29071329,2542900387.0,4.705582,4.721029,2,b
2019-03-22,51.554802,51.74253,49.454595,50.6806935,15939790,1373290342.0,2.580067,-1.650725,2,
2019-03-25,49.2492675,49.8124515,48.5218215,48.6860835,16010127,1338589422.0,2.591452,-3.935642,2,
2019-03-26,49.2727335,49.665789,48.4631565,48.961809,15833642,1324628734.0,2.562886,0.566335,2,
2019-03-27,49.2786,49.4369955,46.932,47.5127835,17715960,1441520728.0,2.867564,-2.959503,2,f
2019-03-28,47.319189,48.80928,46.978932,47.63598,11652187,955654365.0,1.886062,0.25929,2,
2019-03-29,48.1053,51.496137,48.1053,51.367074,25629623,2186029914.0,4.148496,7.832513,2,
2019-04-01,56.506128,56.506128,54.042198,56.494395,39543415,3737239312.0,6.400629,9.981733,2,
2019-04-02,56.506128,61.7097135,55.203765,57.1338435,44492300,4416606208.0,7.201672,1.131876,2,b
2019-04-03,56.4767955,60.237222,56.4298635,58.711932,26152253,2616322963.0,4.233091,2.762093,2,
2019-04-04,58.665,58.665,56.5002615,57.0986445,21094296,2062709651.0,3.414393,-2.747802,2,
2019-04-08,57.9316875,58.8585945,55.321095,58.07835,30223458,2939241895.0,4.892069,1.71581,2,
2019-04-09,56.90505,57.13971,54.816576,55.5146895,24297859,2310679330.0,3.932932,-4.414144,2,
2019-04-10,54.581916,54.8576415,52.857165,53.5670115,22451306,2054099605.0,3.634043,-3.508401,2,
2019-04-11,53.9718,54.851775,53.396883,53.924868,17601446,1622417876.0,2.849029,0.668055,2,
2019-04-12,53.690208,54.617115,53.26782,53.9718,12677074,1166133116.0,2.051953,0.087034,2,
2019-04-15,55.203765,55.438425,52.2294495,52.458243,16110550,1476014740.0,2.607707,-2.80435,2,
2019-04-16,51.918525,53.490747,51.015084,53.209155,21144340,1877922401.0,3.422493,1.431446,2,
2019-04-17,52.821966,53.561145,52.32918,52.868898,12413145,1118440852.0,2.009233,-0.639464,2,
2019-04-18,53.0624925,53.0624925,51.7718625,51.801195,10654618,949126874.0,1.724592,-2.019529,2,
2019-04-19,51.97719,53.572878,51.97719,52.951029,13371530,1206296393.0,2.16436,2.219704,2,
2019-04-22,53.0038275,53.0742255,50.862555,50.9036205,16519740,1451580112.0,2.67394,-3.866614,2,
2019-04-23,50.6806935,51.801195,49.794852,50.7041595,15711283,1357650573.0,2.54308,-0.391836,2,
2019-04-24,51.144147,53.1328905,50.979885,53.03316,20967234,1865136111.0,3.393826,4.593314,2,
2019-04-25,52.505175,53.3558175,50.850822,50.9036205,17745111,1578806235.0,2.872283,-4.015492,2,
2019-04-26,50.5281645,51.918525,50.041245,50.3873685,14952107,1295114199.0,2.420198,-1.014172,2,
2019-04-29,50.393235,50.7158925,47.8765065,48.4162245,19927201,1664248228.0,3.225483,-3.911981,2,
2019-04-30,48.422091,49.2375345,47.9821035,48.7212825,11394642,945756448.0,1.844375,0.630079,2,
2019-05-06,45.512307,47.002398,43.8520875,43.8520875,23399553,1800261309.0,3.787529,-9.993983,2,
2019-05-07,44.2275435,45.019521,42.82545,44.5560675,16618646,1253372530.0,2.689949,1.605347,2,f
2019-05-08,43.52943,46.34535,43.236105,45.0723195,15621525,1198704174.0,2.528552,1.158663,2,
2019-05-09,45.0723195,46.497879,44.878725,45.7762995,14707303,1152602476.0,2.380573,1.561886,2,
2019-05-10,46.932,49.618857,46.169355,48.9794085,27094594,2218307765.0,4.385621,6.997307,2,
2019-05-13,48.281295,49.571925,47.682912,48.328227,15280882,1267644142.0,2.473414,-1.329501,2,
2019-05-14,47.811975,49.384197,47.811975,48.7799475,14797351,1231641363.0,2.395148,0.934698,2,
2019-05-15,49.75984,51.865064,49.08616832,50.9846976,18838678,1243444616.0,2.345608,4.51977,2,
2019-05-16,50.34164736,50.8315904,49.38472736,49.4919024,16479366,1071905384.0,2.05185,-2.927923,2,
2019-05-17,49.9129472,50.70144928,47.50916416,48.04503936,21109684,1361372385.0,2.628372,-2.923439,2,
2019-05-20,48.04503936,49.2622416,47.33309088,48.79526464,16695210,1057548035.0,2.078725,1.561509,2,
2019-05-21,48.74933248,50.27274912,47.6163392,49.62204352,19400093,1250335754.0,2.41551,1.69438,2,
2019-05-22,49.62204352,50.142608,49.1091344,49.95887936,13796342,894980368.0,1.717786,0.678807,2,
2019-05-23,49.9129472,49.9129472,47.20294976,47.6928928,18822641,1185631529.0,2.343612,-4.535707,2,
2019-05-24,47.463232,48.6498128,47.17998368,47.1952944,12230788,761392718.0,1.522858,-1.043335,2,
2019-05-27,47.74648032,49.3005184,46.9273568,48.97133792,19160051,1210593937.0,2.385623,3.763179,2,
2019-05-28,49.19334336,49.69859712,48.46608416,49.377072,16457138,1055674795.0,2.049082,0.828511,2,
2019-05-29,48.96368256,49.50721312,48.54263776,48.82588608,10811620,692301159.0,1.346158,-1.116281,2,
2019-05-30,48.36656448,48.5732592,47.3484016,47.73882496,11356993,708425016.0,1.414062,-2.2264,2,
2019-05-31,47.9991072,48.71105568,47.62399456,47.72351424,11443758,719634637.0,1.424865,-0.032073,2,
2019-06-03,48.228768,48.43546272,47.14936224,47.39433376,11276321,703046248.0,1.404018,-0.689766,2,
2019-06-04,47.44026592,47.5780624,44.68433632,45.41925088,21989586,1313484107.0,2.737929,-4.167336,2,
2019-06-05,45.93981536,46.82783712,45.6259456,46.0469904,13400402,807837652.0,1.668487,1.3821,2,
2019-06-06,45.92450464,46.6211424,45.54173664,45.80201888,11949332,718666405.0,1.487814,-0.532003,2,
2019-06-10,45.79436352,46.46037984,44.401088,45.6642224,12728797,757760246.0,1.584866,-0.300853,2,
2019-06-11,45.87857248,49.48424704,45.549392,49.28520768,26569546,1659625519.0,3.308181,7.929582,2,
2019-06-12,48.7263664,49.34645056,48.13690368,48.228768,16379259,1041236654.0,2.039386,-2.143519,2,
2019-06-13,48.22111264,50.13495264,48.04503936,49.66797568,21199960,1364177728.0,2.639612,2.984123,2,
2019-06-14,49.6067328,49.92825792,47.98379648,48.04503936,14533143,927491433.0,1.809525,-3.26757,2,
2019-06-17,47.86131072,48.77995392,47.80006784,48.37421984,8716229,550325895.0,1.08526,0.68515,2,
2019-06-18,48.4967056,49.93591328,47.93786432,49.1474112,15313014,984043327.0,1.906627,1.598352,2,
2019-06-19,51.8267872,52.056448,50.1808848,50.1808848,28305428,1894809805.0,3.524316,2.102813,2,
2019-06-20,50.31868128,53.80952544,50.19619552,52.8602608,36155123,2473603231.0,4.501683,5.339435,2,
2019-06-21,53.0516448,54.80472224,52.90619296,53.58752,34240909,2405989149.0,4.263344,1.37581,2,
2019-06-24,53.970288,54.4678864,52.71480896,53.19709664,20181997,1409853673.0,2.512865,-0.728575,2,
2019-06-25,52.94446976,53.4344128,50.99235296,52.439216,23323098,1587108477.0,2.903965,-1.424662,2,
2019-06-26,51.482296,52.58466784,51.290912,51.94927296,12393878,842624083.0,1.543165,-0.934306,2,
2019-06-27,52.439216,53.63345216,52.24017664,52.96743584,19165963,1325900407.0,2.386359,1.95992,2,
2019-06-28,52.50045888,52.91384832,51.74257824,52.1712784,12169664,829833603.0,1.515248,-1.503109,2,
2019-07-01,54.353056,54.70520256,53.2813056,53.778904,25904766,1826517020.0,3.225409,3.081436,2,b
2019-07-02,53.57986464,54.0851184,52.8985376,53.4344128,13928997,971781403.0,1.734303,-0.640565,2,
2019-07-03,53.1664752,53.18944128,51.7502336,52.03348192,14528936,990614077.0,1.809001,-2.621779,2,
2019-07-04,52.27845344,52.53873568,51.64305856,52.19424448,9314702,633378782.0,1.159776,0.308959,2,
2019-07-05,52.11769088,52.5540464,52.06410336,52.41624992,8546884,584348189.0,1.064175,0.425346,2,
2019-07-08,52.1330016,52.2095552,50.19619552,50.3722688,17119036,1135579655.0,2.131495,-3.899515,2,
2019-07-09,50.41820096,51.03062976,49.84404896,50.4488224,10708673,705906649.0,1.33334,0.151973,2,
2019-07-10,50.67082784,50.82393504,50.08902048,50.16557408,7080661,466433656.0,0.881615,-0.561461,2,
2019-07-11,50.4870992,50.97704224,49.75984,49.92060256,11886101,782697341.0,1.479941,-0.488326,2,
2019-07-12,49.9129472,50.24212768,49.4536256,49.89763648,8999716,586672376.0,1.120557,-0.046003,2,f
2019-07-15,50.142608,53.19709664,49.39238272,52.35500704,24084799,1622866343.0,2.998804,4.924822,2,
2019-07-16,51.88803008,52.76839648,51.8267872,52.40859456,11646283,796060233.0,1.450082,0.102354,2,
2019-07-17,52.06410336,52.86791616,52.06410336,52.14065696,11538833,791909422.0,1.436703,-0.511245,2,
2019-07-18,51.9798944,51.9798944,50.9846976,51.05359584,10297113,689639950.0,1.282096,-2.08486,2,
2019-07-19,51.4057424,52.42390528,51.09187264,51.68133536,11665587,788462116.0,1.452485,1.229569,2,
2019-07-22,52.056448,52.72246432,50.96938688,51.48995136,12876846,873478315.0,1.603299,-0.370316,2,
2019-07-23,51.94927296,53.82483616,51.68899072,53.71000576,25124783,1748967498.0,3.128293,4.311629,2,
2019-07-24,53.87076832,54.72816864,53.38082528,53.59517536,22920938,1617420024.0,2.853892,-0.213799,2,
2019-07-25,53.59517536,54.88127584,53.44206816,54.42195424,18621651,1319207418.0,2.318586,1.542628,2,
2019-07-26,55.0803152,55.0803152,53.3578592,53.79421472,20410837,1440279564.0,2.5414,-1.1535,2,b
2019-07-29,53.778904,54.3147792,53.49565568,53.8554576,11293464,795510615.0,1.406152,0.113849,2,
2019-07-30,54.07746304,55.02672768,53.86311296,54.13870592,17883079,1272721976.0,2.2266,0.5259,2,
2019-07-31,53.91670048,54.7741008,53.30427168,54.42195424,14466633,1025351721.0,1.8012,0.5232,2,
2019-08-01,54.353056,55.01141696,54.06980768,54.63630432,14147693,1009006140.0,1.7615,0.3939,2,
2019-08-02,52.9750912,53.3578592,52.50811424,52.79136256,22590357,1560934119.0,2.8127,-3.3768,2,
2019-08-05,52.50811424,53.2813056,51.1378048,51.22966912,20620843,1403342055.0,2.5675,-2.9582,2,
2019-08-06,49.7981168,50.142608,48.037384,49.80577216,25122865,1617577132.0,3.1281,-2.7794,2,
2019-08-07,50.13495264,50.18854016,49.28520768,49.28520768,11838196,767757248.0,1.474,-1.0452,2,
2019-08-08,50.01246688,50.72441536,50.01246688,50.525376,14286921,941224597.0,1.7789,2.5163,2,
2019-08-09,50.6784832,51.4057424,49.4536256,49.951224,13749207,905067067.0,1.7119,-1.1364,2,
2019-08-12,49.9895008,51.3674656,49.951224,51.3674656,12747080,846046355.0,1.5871,2.8352,2,
2019-08-13,50.908144,51.03062976,50.05074368,50.21150624,9893183,652937842.0,1.2318,-2.2504,2,
2019-08-14,51.5205728,51.58947104,50.19619552,50.37992416,11858980,787349003.0,1.4766,0.3354,2,
2019-08-15,48.994304,50.6784832,48.74933248,50.59427424,12043588,782633336.0,1.4996,0.4255,2,f
2019-08-16,50.525376,52.04113728,50.37992416,51.19139232,17051874,1143057949.0,2.1231,1.1802,2,
2019-08-19,52.07941408,55.10328128,52.07941408,55.0803152,33789360,2373163940.0,4.2071,7.5968,2,
2019-08-20,55.0420384,55.5779136,54.10808448,54.24588096,21025643,1501859730.0,2.6179,-1.5149,2,
2019-08-21,54.1233952,54.8506544,53.97794336,54.2765024,11978686,851163665.0,1.4915,0.0565,2,
2019-08-22,54.3913328,54.72816864,53.84014688,54.26884704,11654607,827511031.0,1.4511,-0.0141,2,
2019-08-23,55.52432608,56.7262176,54.75113472,55.20280096,29906417,2177814054.0,3.7237,1.721,2,
2019-08-26,53.970288,54.75879008,53.8171808,54.22291488,14600756,1036327692.0,1.8179,-1.7751,2,
2019-08-27,54.927208,58.96158272,54.8889312,57.7214144,33103802,2470718540.0,4.1218,6.4521,2,
2019-08-28,57.47644288,58.4486736,57.20084992,58.04293952,18103243,1370027849.0,2.254,0.557,2,
2019-08-29,58.0659056,58.0659056,56.73387296,57.3769232,18807747,1409569852.0,2.3418,-1.1475,2,
2019-08-30,57.43051072,59.0993792,56.4200032,56.8793248,20990895,1582879432.0,2.6136,-0.8672,2,
2019-09-02,57.3769232,60.99790848,57.032432,60.37016896,30472612,2363855941.0,3.7942,6.1373,2,
2019-09-03,60.16347424,60.9749424,59.4438704,60.61514048,19951984,1569679391.0,2.4842,0.4058,2,
2019-09-04,60.2094064,61.625648,59.711808,60.87542272,21460934,1696853976.0,2.6721,0.4294,2,
2019-09-05,62.6973984,65.11649216,62.008416,62.008416,40400265,3365604748.0,5.0302,1.8612,2,
2019-09-06,63.09547712,63.98349888,61.6639248,62.70505376,23800219,1953864480.0,2.9634,1.1235,2,
2019-09-09,63.91460064,65.12414752,63.18734144,64.58827232,25029284,2098863941.0,3.1164,3.0033,2,
2019-09-10,64.9557296,65.3002208,62.86581632,63.60838624,24301874,2030653635.0,3.0258,-1.5171,2,b
2019-09-11,63.8457024,64.05239712,61.7787552,61.8935856,22715740,1855007718.0,2.8283,-2.6959,2,
2019-09-12,62.2380768,63.20265216,61.91655168,62.82753952,16654999,1363519816.0,2.0737,1.509,2,
2019-09-16,63.14140928,63.53183264,62.008416,62.29931968,13763064,1127454438.0,1.7136,-0.8407,2,
2019-09-17,61.94717312,61.94717312,60.00271168,60.53858688,21016218,1669252862.0,2.6167,-2.8262,2,
2019-09-18,60.89073344,60.9366656,59.88022592,60.46203328,12858649,1015380686.0,1.601,-0.1265,2,
2019-09-19,61.04384064,61.77109984,60.7070048,61.37302112,12414461,992350061.0,1.5457,1.5067,2,
2019-09-20,61.45723008,61.61799264,60.53858688,61.0897728,11379287,906040706.0,1.4168,-0.4615,2,
2019-09-23,60.67638336,60.67638336,58.08887168,59.27545248,22218634,1710863075.0,2.7664,-2.9699,2,
2019-09-24,59.28310784,60.30127072,59.27545248,59.39028288,16171214,1260703397.0,2.0135,0.1937,2,
2019-09-25,58.946272,59.58932224,58.180736,58.43336288,13007120,998529881.0,1.6195,-1.6112,2,
2019-09-26,58.946272,59.0993792,56.54248896,56.73387296,16014768,1203718909.0,1.994,-2.9084,2,
2019-09-27,57.1472624,57.90514304,56.8793248,57.44582144,11145716,836180632.0,1.3878,1.2549,2,
2019-09-30,57.59127328,57.80562336,56.5731104,56.59607648,9583763,716556748.0,1.1933,-1.4792,2,
2019-10-08,56.94822304,57.78265728,56.02957984,56.08316736,11519866,856371538.0,1.4343,-0.9063,2,
2019-10-09,55.79991904,56.7262176,55.08797056,56.7262176,9026892,660791220.0,1.1239,1.1466,2,f
2019-10-10,56.841048,57.9127984,56.64200864,57.8745216,13790001,1034342596.0,1.717,2.0243,2,
2019-10-11,57.9510752,59.32904,57.29271424,58.42570752,19640406,1496663234.0,2.4454,0.9524,2,
2019-10-14,59.1759328,59.88788128,58.37212,59.06875776,17375447,1345769973.0,2.1634,1.1006,2,b
2019-10-15,58.70130048,58.946272,57.32333568,57.3386464,13594433,1025468060.0,1.6926,-2.929,2,
2019-10-16,57.4152,57.94341984,57.15491776,57.3769232,8057726,605423098.0,1.0033,0.0667,2,
2019-10-17,57.26974816,57.57596256,56.58076576,56.649664,7956289,592638926.0,0.9906,-1.2675,2,
2019-10-18,56.9176016,57.1855392,55.1951456,55.2334224,12342328,903345554.0,1.5367,-2.5,2,
2019-10-21,55.2716992,55.96833696,54.26119168,55.4630832,9015209,649427680.0,1.1225,0.4158,2,f
2019-10-22,55.7310208,56.55014432,55.47073856,56.5348336,8524804,625036979.0,1.0614,1.9324,2,
2019-10-23,56.62669792,56.97884448,55.5396368,55.66977792,7852533,576622604.0,0.9777,-1.5301,2,
2019-10-24,55.73867616,56.05254592,55.1951456,55.75398688,6144805,446618592.0,0.7651,0.1513,2,
2019-10-25,55.6544672,57.40754464,55.35590816,57.40754464,10183991,751802659.0,1.268,2.9658,2,
2019-10-28,63.14906464,63.14906464,60.87542272,63.14906464,61622531,5035797919.0,7.6726,10.0013,2,
2019-10-29,64.305024,68.00256288,62.01607136,62.05434816,87489907,7446279143.0,10.8934,-1.7335,2,b
2019-10-30,62.26104288,63.29451648,59.80367232,60.52327616,47598269,3821160026.0,5.9265,-2.4673,2,
2019-10-31,60.477344,60.82949056,58.24963424,58.37977536,30760297,2378247477.0,3.83,-3.5416,2,
2019-11-01,58.180736,59.32904,58.03528416,58.99985952,20236190,1557895301.0,2.5196,1.0622,2,
2019-11-04,59.39793824,60.29361536,59.01517024,59.35966144,21901273,1708861263.0,2.7269,0.6098,2,
2019-11-05,58.2572896,60.06395456,58.05059488,59.69649728,23392780,1808913265.0,2.9126,0.5675,2,
2019-11-06,59.42855968,59.78070624,58.13480384,58.36446464,16395269,1255128330.0,2.0414,-2.2313,2,
2019-11-07,58.18839136,59.14531136,58.18839136,58.99220416,12240122,940284413.0,1.524,1.0756,2,
2019-11-08,59.69649728,60.668728,59.18358816,59.27545248,20448726,1601661913.0,2.5461,0.4801,2,
2019-11-11,58.65536832,59.37497216,58.19604672,58.42570752,12772797,978370354.0,1.5903,-1.4336,2,
2019-11-12,58.37977536,58.70895584,56.77214976,57.93576448,14681846,1106570995.0,1.828,-0.8386,2,
2019-11-13,57.93576448,58.62474688,57.4152,58.50991648,10013913,761452020.0,1.2468,0.991,2,
2019-11-14,58.180736,58.89268448,57.9510752,58.6783344,10408296,795123979.0,1.2959,0.2878,2,
2019-11-15,58.563504,58.62474688,57.2620928,57.26974816,11781777,889806593.0,1.467,-2.4005,2,
2019-11-18,57.032432,57.82858944,56.78746048,57.3769232,6963111,522737809.0,0.867,0.1871,2,
2019-11-19,57.56065184,58.6783344,57.27740352,58.6400576,11549333,876737166.0,1.438,2.2015,2,
2019-11-20,58.8697184,60.30127072,58.86206304,59.1759328,18367067,1431691697.0,2.2869,0.9138,2,
2019-11-21,58.6400576,59.6735312,58.49460576,59.03048096,8341216,643443386.0,1.0386,-0.2458,2,
2019-11-22,59.01517024,60.16347424,58.4869504,58.7931648,14283962,1105857436.0,1.7785,-0.402,2,
2019-11-25,58.66302368,58.69364512,56.5731104,56.63435328,14706987,1096393818.0,1.8312,-3.6719,2,
2019-11-26,56.649664,57.3386464,56.00661376,56.94056768,11145223,823808151.0,1.3877,0.5407,2,
2019-11-27,56.4965568,56.8793248,56.02192448,56.24392992,7291520,536648723.0,0.9079,-1.2234,2,
2019-11-28,56.3051728,56.67263008,56.12909952,56.25158528,4774102,351435012.0,0.5944,0.0136,2,
2019-11-29,56.13675488,56.48890144,55.41715104,55.73867616,7987642,582031409.0,0.9945,-0.9118,2,
2019-12-02,56.13675488,57.00181056,55.93771552,56.12144416,8987794,662386364.0,1.1191,0.6867,2,
2019-12-03,55.82288512,55.82288512,54.48319712,55.50136,11241398,810183636.0,1.3997,-1.1049,2,f
2019-12-04,55.10328128,55.10328128,54.51381856,55.01907232,9689480,693839872.0,1.2064,-0.869,2,
2019-12-05,55.40949568,56.81808192,55.14155808,56.48890144,14077769,1029377978.0,1.7528,2.6715,2,
2019-12-06,56.5731104,56.64200864,55.71571008,56.47359072,9593421,704149623.0,1.1945,-0.0271,2,
2019-12-09,57.00946592,57.17022848,55.98364768,56.87166944,10597902,786526097.0,1.3195,0.7049,2,
2019-12-10,56.8793248,58.91565056,56.83339264,58.82378624,18020804,1365401597.0,2.2438,3.4325,2,
2019-12-11,58.93096128,59.34435072,58.32618784,58.7166112,11651237,894720777.0,1.4507,-0.1822,2,
2019-12-12,59.03048096,59.08406848,58.1041824,58.1041824,8879090,678038784.0,1.1055,-1.043,2,
2019-12-13,58.9845488,60.96728704,58.96158272,60.69169408,29286955,2298559799.0,3.6465,4.4532,2,
2019-12-16,60.7452816,61.6639248,60.2094064,61.12039424,20438166,1627693406.0,2.5448,0.7064,2,
2019-12-17,61.28881216,63.41700224,60.56155296,61.55674976,26703929,2163953241.0,3.3249,0.7139,2,
2019-12-18,61.33474432,61.90124096,60.68403872,60.85245664,14730472,1178021696.0,1.8341,-1.1441,2,
2019-12-19,60.83714592,61.40364256,59.79601696,60.96728704,13534672,1070167589.0,1.6852,0.1887,2,
2019-12-20,61.71751232,61.83999808,59.95677952,60.0180224,11730560,933134225.0,1.4606,-1.557,2,
2019-12-23,60.0180224,60.03333312,58.1041824,58.31087712,16083727,1236033041.0,2.0026,-2.8444,2,
2019-12-24,58.4869504,58.93861664,57.8745216,58.82378624,9387876,716878033.0,1.1689,0.8796,2,
2019-12-25,58.754888,59.3673168,58.19604672,58.57881472,10783776,827750451.0,1.3427,-0.4164,2,
2019-12-26,58.9079952,59.39793824,58.3338432,59.39028288,9054213,696420414.0,1.1273,1.3853,2,
2019-12-27,59.5587008,59.69649728,57.84390016,57.86686624,14343966,1100003337.0,1.786,-2.5651,2,
2019-12-30,57.43051072,59.711808,56.81808192,59.26014176,19494626,1493570682.0,2.4273,2.4077,2,
2019-12-31,59.26779712,59.58932224,58.6017808,59.50511328,11614580,898137615.0,1.4461,0.4134,2,
2020-01-02,60.33189216,61.22756928,59.68118656,60.81417984,17568322,1391068903.0,2.1874,2.1999,2,
2020-01-03,60.5921744,61.4725408,59.7500848,60.50031008,16365321,1297846417.0,2.0377,-0.5161,2,
2020-01-06,59.9414688,62.0849696,59.73477408,61.24288,21023558,1680557036.0,2.6176,1.2274,2,
2020-01-07,61.2811568,63.16437536,60.72231552,62.4677376,22728811,1842082751.0,2.83,2.0,2,
2020-01-08,61.83999808,63.539488,61.64861408,61.9318624,23031396,1883892455.0,2.8676,-0.8578,2,
2020-01-09,62.773952,64.29736864,62.52898048,62.82753952,17952516,1483708765.0,2.2353,1.4462,2,
2020-01-10,63.48590048,63.77680416,62.008416,62.29931968,13001310,1063580051.0,1.6188,-0.8407,2,
2020-01-13,61.97779456,63.35575936,61.54143904,63.13375392,15866652,1293772775.0,1.9756,1.3394,2,
2020-01-14,63.730872,63.89163456,62.391184,62.46008224,12512207,1030659613.0,1.5579,-1.0671,2,
2020-01-15,62.2763536,63.89163456,62.10028032,63.8457024,17975902,1487650917.0,2.2382,2.2184,2,
2020-01-16,64.06770784,64.58061696,63.15672,64.0370864,17084680,1426120110.0,2.1272,0.2998,2,
2020-01-17,64.58827232,67.58151808,64.15957216,66.9078464,29626766,2563584850.0,3.6888,4.483,2,
2020-01-20,68.91355072,69.23507584,65.2236672,66.91550176,28974494,2530100007.0,3.6076,0.0114,2,
2020-01-21,66.73942848,68.4771952,66.4485248,67.19875008,20308334,1791153255.0,2.5286,0.4233,2,
2020-01-22,67.0226768,71.44747488,66.601632,70.620696,26618137,2400166857.0,3.3142,5.0923,2,
2020-01-23,69.77095104,71.47809632,66.5250784,67.89538784,28850056,2597837828.0,3.5921,-3.8591,2,
2020-02-03,61.10508352,61.625648,61.10508352,61.10508352,20018418,1599369431.0,2.4925,-10.0011,2,
2020-02-04,61.10508352,64.0370864,61.10508352,63.55479872,31194813,2563659278.0,3.8841,4.009,2,
2020-02-05,63.58542016,65.59112448,62.773952,63.45527904,28192717,2360178289.0,3.5103,-0.1566,2,
2020-02-06,63.8457024,68.22456832,63.2332736,67.4054448,32719276,2821220268.0,4.0739,6.2251,2,
2020-02-07,66.99971072,70.3527584,66.69349632,69.86281536,27680555,2490344974.0,3.4465,3.6457,2,
2020-02-10,69.8934368,75.69619968,69.51832416,72.1134912,30445426,2886061211.0,3.7908,3.2216,2,
2020-02-11,72.09818048,73.300072,70.68193888,71.6541696,19475220,1832289178.0,2.4249,-0.6369,2,
2020-02-12,71.6924464,75.68088896,71.5010624,74.9076976,26336300,2549977847.0,3.2791,4.5406,2,
2020-02-13,75.0990816,76.50766784,73.3383488,73.5297328,21480484,2085978422.0,2.6745,-1.8395,2,
2020-02-14,73.12399872,76.2473856,72.2665984,73.32303808,23203474,2245798684.0,2.8891,-0.2811,2,
2020-02-17,75.1756352,75.76509792,73.88953472,75.405296,22154004,2170572542.0,2.7584,2.8398,2,
2020-02-18,75.022528,75.9028944,74.62444928,75.78040864,15676087,1539859124.0,1.9518,0.4975,2,
2020-02-19,75.6349568,75.69619968,73.77470432,73.8359472,21170910,2063060820.0,2.636,-2.5659,2,
2020-02-20,74.26464736,81.2233696,74.1038848,80.29707104,43568582,4451374237.0,5.4247,8.7507,2,b
2020-02-21,78.94207232,81.1850928,78.33729888,78.95738304,30955431,3208625774.0,3.8543,-1.6684,2,
2020-02-24,77.87797728,80.189896,77.21961632,78.46744,25270539,2598968554.0,3.1464,-0.6205,2,
2020-02-25,76.54594464,78.66647936,74.24168128,77.73252544,27749588,2781005815.0,3.4551,-0.9366,2,
2020-02-26,76.4004928,76.936368,72.55750208,72.72592,32664535,3174561919.0,4.0671,-6.4408,2,
2020-02-27,73.82829184,79.99085664,73.82829184,77.25023776,38724038,3868296993.0,4.8215,6.2211,2,
2020-02-28,75.71916576,76.936368,73.44552384,73.63690784,30233388,2961852221.0,3.7644,-4.6774,2,
2020-03-02,74.63976,76.7832608,72.79481824,75.022528,25522936,2505293158.0,3.1779,1.8817,2,
2020-03-03,76.5536,82.5247808,76.5536,79.27890816,45368272,4758206239.0,5.6488,5.6735,2,
2020-03-04,78.9267616,80.98605344,75.81103008,78.6971008,25425980,2611352408.0,3.1658,-0.7339,2,
2020-03-05,80.14396384,80.764048,75.788064,77.18899488,26962613,2734598270.0,3.3571,-1.9163,2,
2020-03-06,75.6349568,77.07416448,75.12204768,75.3670192,13733042,1360390505.0,1.7099,-2.3604,2,
2020-03-09,73.3383488,73.3383488,69.41880448,69.77095104,33282690,3095323292.0,4.144,-7.4251,2,
2020-03-10,69.663776,74.05795264,69.663776,73.92015616,26718138,2514638472.0,3.3267,5.9469,2,
2020-03-11,74.08857408,74.4866528,71.48575168,71.63885888,15000593,1424508116.0,1.8677,-3.0862,2,
2020-03-12,69.32694016,71.0417408,68.67623456,69.79391712,19467106,1770926671.0,2.4239,-2.5753,2,
2020-03-13,66.13465504,70.94987648,65.07821536,70.26089408,23458161,2100314887.0,2.9208,0.6691,2,
2020-03-16,70.2762048,70.2762048,64.51937408,65.07056,26289822,2304730963.0,3.2734,-7.3872,2,
2020-03-17,66.218864,67.60448416,63.922256,66.60928736,23824256,2061743151.0,2.9664,2.3647,2,
2020-03-18,67.5968288,69.80157248,65.81312992,66.50976768,21232091,1890828625.0,2.6436,-0.1494,2,
2020-03-19,66.77004992,68.67623456,65.11649216,67.5202752,20315463,1778642873.0,2.5295,1.5193,2,
2020-03-20,68.4389184,68.89824,66.65521952,68.04083968,13512380,1196376614.0,1.6824,0.771,2,
2020-03-23,65.6829888,66.59397664,63.922256,64.19784896,17449524,1481568270.0,2.1726,-5.6481,2,
2020-03-24,66.0657568,66.80067136,64.71841344,66.80067136,18398702,1588531360.0,2.2908,4.0544,2,
2020-03-25,68.48485056,69.57191168,68.0561504,68.54609344,16305276,1465277369.0,2.0302,2.6129,2,
2020-03-26,67.8264896,69.5106688,67.61979488,68.50016128,11488570,1032941410.0,1.4304,-0.067,2,
2020-03-27,69.472392,69.63315456,68.1709808,68.1709808,10006711,901565925.0,1.2459,-0.4806,2,
2020-03-30,66.89253568,68.02552896,65.9892032,67.1375072,10562307,920830476.0,1.3151,-1.516,2,f
2020-03-31,68.27050048,68.68388992,67.2140608,67.2906144,8491985,753399596.0,1.0573,0.2281,2,
2020-04-01,67.08391968,68.4389184,66.218864,66.42555872,9573090,842508604.0,1.1919,-1.2856,2,
2020-04-02,66.31072832,68.67623456,66.08872288,68.6685792,11778088,1035783109.0,1.4665,3.3767,2,
2020-04-03,68.15567008,68.515472,67.37482336,67.5202752,8252827,731840519.0,1.0276,-1.6722,2,
2020-04-07,69.663776,71.48575168,69.36521696,70.68959424,17632218,1628628596.0,2.1954,4.6939,2,
2020-04-08,70.44462272,71.4245088,70.046544,70.36041376,9597455,886145504.0,1.195,-0.4657,2,
2020-04-09,71.0417408,73.08572192,71.01877472,71.59292672,12585807,1183244505.0,1.5671,1.7517,2,
2020-04-10,71.58527136,71.58527136,69.15086688,69.71736352,10478534,961061995.0,1.3047,-2.6198,2,
2020-04-13,68.8216864,70.03888864,68.2858112,68.90589536,7795876,702581245.0,0.9707,-1.1639,2,
2020-04-14,69.64080992,70.52883168,69.3575616,70.47524416,9206531,841398502.0,1.1463,2.2775,2,
2020-04-15,71.0417408,71.66948032,70.22261728,70.2762048,10735778,993512074.0,1.3367,-0.2824,2,
2020-04-16,69.97764576,72.25128768,69.40349376,71.72306784,14538055,1345214398.0,1.8101,2.0588,2,
2020-04-17,72.70295392,74.39478848,72.66467712,72.88668256,20204079,1942175000.0,2.5156,1.6224,2,
2020-04-20,72.72592,74.7545904,72.72592,74.12685088,11832906,1141630050.0,1.4733,1.7015,2,
2020-04-21,73.85891328,74.14981696,72.4579824,73.2235184,8538760,816781895.0,1.0632,-1.2186,2,
2020-04-22,72.5728128,73.7976704,72.39673952,73.56035424,7098398,678083992.0,0.8838,0.46,2,
2020-04-23,73.74408288,74.22637056,72.74888608,72.83309504,5860163,560902605.0,0.7297,-0.9887,2,
2020-04-24,72.94027008,73.3383488,72.04459296,72.50391456,6119639,580179633.0,0.762,-0.452,2,
2020-04-27,74.31057952,77.701904,74.28761344,76.54594464,24883168,2480015094.0,3.0982,5.5749,2,
2020-04-28,75.03018336,78.91910624,74.20340448,77.18899488,22087884,2209208322.0,2.7502,0.8401,2,
2020-04-29,77.18899488,77.46458784,75.79571936,76.14021056,7639870,764089634.0,0.9512,-1.3587,2,
2020-04-30,76.6301536,79.91430304,76.6301536,78.55164896,13985021,1442294016.0,1.7413,3.1671,2,
2020-05-06,77.9315648,79.998512,77.51817536,79.52387968,11881566,1225152964.0,1.4794,1.2377,2,
2020-05-07,79.615744,80.28176032,78.03873984,78.850208,8617542,888243721.0,1.073,-0.8471,2,
2020-05-08,79.615744,81.39178752,78.93441696,79.14876704,9892730,1035935671.0,1.2317,0.3786,2,
2020-05-11,80.1516192,80.67983904,77.51052,78.45212928,9717286,1000311035.0,1.2099,-0.8802,2,
2020-05-12,78.45212928,80.22051744,77.99280768,79.98320128,8774871,909304464.0,1.0926,1.9516,2,
2020-05-13,79.615744,80.56500864,78.93441696,80.38128,7104250,741328473.0,0.8846,0.4977,2,
2020-05-14,80.01382272,81.2999232,79.615744,80.1133424,6893230,723305391.0,0.8583,-0.3333,2,
2020-05-15,80.47314432,81.82048768,79.6540208,79.79947264,8384010,882404288.0,1.0439,-0.3918,2,
2020-05-18,79.7688512,80.33534784,78.084672,79.5391904,9262312,960424511.0,1.1533,-0.3262,2,
2020-05-19,81.13916064,83.88743488,80.6109408,82.97644704,17601417,1905091069.0,2.1916,4.3215,2,
2020-05-20,83.060656,84.591728,82.0654592,82.6396112,10907604,1186732761.0,1.3581,-0.4059,2,b
2020-05-21,82.67023264,83.05300064,78.6971008,79.40139392,13775832,1453582598.0,1.7152,-3.9185,2,
2020-05-22,79.615744,80.9937088,77.99280768,78.6205472,10453361,1082508528.0,1.3016,-0.9834,2,
2020-05-25,78.6205472,79.18704384,76.8598144,78.36026496,7839168,797915695.0,0.9761,-0.3311,2,f
2020-05-26,79.1564224,80.97074272,79.0798688,80.6109408,8991192,943308843.0,1.1195,2.8722,2,
2020-05-27,80.6109408,81.2999232,79.42436,79.52387968,6286078,660342221.0,0.7827,-1.3485,2,
2020-05-28,80.9171552,83.060656,79.66933152,79.74588512,13870000,1471673175.0,1.727,0.2792,2,
2020-05-29,79.8454048,81.47599648,79.0798688,80.61859616,10339683,1084013307.0,1.2874,1.0944,2,
2020-06-01,84.591728,86.07686784,83.05300064,85.25008896,17936529,1990935765.0,2.2333,5.7449,2,
2020-06-02,85.25774432,85.73237664,83.61184192,83.81853664,8199035,901339515.0,1.0209,-1.6792,2,
2020-06-03,84.49220832,85.2424336,82.9075488,83.5199776,9035997,989529010.0,1.1251,-0.3562,2,
2020-06-04,84.21661536,84.27785824,82.1420128,83.5199776,6502837,706786210.0,0.8097,0.0,2,
2020-06-05,84.0,84.39,81.65,83.86,13455993,1112373214.0,1.2888,0.4071,2,
2020-06-08,84.01,86.58,83.99,85.52,17410006,1486806543.0,1.6675,1.9795,2,
2020-06-09,85.6,86.81,84.98,86.0,10780602,926459953.0,1.0325,0.5613,2,
2020-06-10,86.06,90.25,86.0,89.31,17677317,1566794775.0,1.6931,3.8488,2,
2020-06-11,89.31,93.77,89.05,91.91,17986714,1654659039.0,1.7227,2.9112,2,
2020-06-12,90.09,93.38,90.04,91.02,16926618,1559984302.0,1.6212,-0.9683,2,
2020-06-15,91.37,94.4,91.37,92.77,17593319,1640637887.0,1.685,1.9227,2,
2020-06-16,94.67,95.15,93.39,94.24,11590666,1092011938.0,1.1101,1.5846,2,
2020-06-17,94.7,95.69,93.38,95.35,11687408,1103472799.0,1.1194,1.1778,2,
2020-06-18,95.3,95.91,90.0,93.3,22158628,2055577434.0,2.1223,-2.15,2,
2020-06-19,93.68,95.9,93.45,94.7,16630052,1581118424.0,1.5928,1.5005,2,
2020-06-22,95.6,99.46,95.01,98.33,17924563,1749395237.0,1.7168,3.8332,2,
2020-06-23,97.49,103.88,97.06,103.0,20262348,2039126345.0,1.9407,4.7493,2,
2020-06-24,102.51,104.94,102.02,103.97,13868053,1433731518.0,1.3282,0.9417,2,
2020-06-29,106.25,106.8,101.8,103.77,16117344,1668261563.0,1.5437,-0.1924,2,
2020-06-30,104.0,111.0,103.85,107.7,25152404,2702389998.0,2.409,3.7872,2,
2020-07-01,107.33,108.66,103.6,106.98,18623065,1983250348.0,1.7837,-0.6685,2,
2020-07-02,106.76,107.01,103.3,104.25,24478616,2563498404.0,2.3445,-2.5519,2,
2020-07-03,103.21,106.99,102.5,105.95,22551267,2366921890.0,2.1599,1.6307,2,
2020-07-06,106.8,114.98,106.8,113.61,29118371,3255318972.0,2.7889,7.2298,2,
2020-07-07,115.0,120.25,115.0,117.0,26749213,3168249132.0,2.562,2.9839,2,
2020-07-08,117.26,122.22,115.74,120.5,21384913,2550201469.0,2.0482,2.9915,2,
2020-07-09,120.0,122.4,119.0,119.48,21950917,2644870813.0,2.1024,-0.8465,2,
2020-07-10,118.0,119.02,115.52,117.1,20506323,2403696214.0,1.964,-1.992,2,
2020-07-13,116.7,119.66,116.6,118.7,18159480,2150532162.0,1.7393,1.3664,2,
2020-07-14,118.01,118.69,113.13,116.03,22400130,2594741493.0,2.1454,-2.2494,2,
2020-07-15,117.5,119.77,114.99,115.5,19925985,2343114053.0,1.9085,-0.4568,2,
2020-07-16,116.8,119.49,106.44,106.8,35453428,3982514800.0,3.3956,-7.5325,2,
2020-07-17,106.01,108.87,99.4,103.34,34640342,3611655113.0,3.3178,-3.2397,2,
2020-07-20,107.37,107.58,102.7,106.4,19875516,2096422368.0,1.9036,2.9611,2,
2020-07-21,116.0,116.0,105.07,107.35,52064780,5744683998.14,4.9866,0.8929,2,
2020-07-22,104.3,110.1,104.3,107.13,27243239,2922748817.83,2.6093,-0.2049,2,
2020-07-23,105.22,108.58,103.1,105.9,23834313,2520393484.58,2.2828,-1.1481,2,
2020-07-24,105.59,107.86,100.97,102.31,26817255,2807914257.89,2.5685,-3.39,2,
2020-07-27,102.83,106.87,102.43,106.0,20134877,2122234490.96,1.9285,3.6067,2,
2020-07-28,108.3,109.16,105.29,106.51,13867936,1477128797.83,1.3282,0.4811,2,
2020-07-29,105.11,109.58,105.08,109.35,19020756,2064154495.35,1.8218,2.6664,2,
2020-07-30,109.4,109.94,106.9,107.11,14315918,1546022009.53,1.3711,-2.0485,2,
2020-07-31,106.7,111.5,106.7,109.53,17109095,1873044910.54,1.6387,2.2594,2,
2020-08-03,110.0,110.48,108.5,109.97,15181710,1663795235.38,1.4541,0.4017,2,
2020-08-04,110.7,110.79,107.33,107.94,14637626,1589020484.31,1.4019,-1.846,2,
2020-08-05,109.11,111.58,108.01,110.56,16767445,1850371385.43,1.6059,2.4273,2,b
2020-08-06,110.2,110.56,108.18,110.16,12231530,1336508312.1,1.1715,-0.3618,2,
2020-08-07,110.16,110.5,103.28,106.18,18247623,1939466087.28,1.7477,-3.6129,2,
2020-08-10,105.06,106.1,101.99,104.43,14971823,1555749621.7,1.434,-1.6481,2,
2020-08-11,105.1,106.0,102.0,102.18,12746144,1328085277.52,1.2208,-2.1546,2,
2020-08-12,102.0,102.0,96.5,98.65,23354782,2305187988.08,2.2369,-3.4547,2,f
2020-08-13,100.86,102.54,99.35,99.65,12179770,1223192638.14,1.1665,1.0137,2,
2020-08-14,100.56,103.5,99.32,103.1,13922263,1415984073.19,1.3334,3.4621,2,
2020-08-17,104.5,106.8,104.1,104.2,17085627,1800079574.14,1.6364,1.0669,2,b
2020-08-18,103.81,105.18,103.05,105.05,12110100,1261155198.4,1.1599,0.8157,2,
2020-08-19,104.35,104.67,101.0,101.44,11683815,1192318637.99,1.119,-3.4365,2,
2020-08-20,99.81,102.3,99.25,101.11,8730316,882025526.65,0.8362,-0.3253,2,f
2020-08-21,100.1,102.22,99.7,100.61,11319884,1139994069.54,1.0842,-0.4945,2,
2020-08-24,101.0,104.02,101.0,102.88,11674431,1202575963.34,1.1181,2.2562,2,
2020-08-25,102.77,109.6,102.71,107.02,23755804,2556096733.88,2.2753,4.0241,2,
2020-08-26,108.67,109.68,105.51,106.6,15808967,1702508697.29,1.5141,-0.3925,2,
2020-08-27,106.0,110.15,106.0,108.55,17652364,1919201303.87,1.6907,1.8293,2,
2020-08-28,108.62,114.5,107.25,114.25,22055759,2458075892.77,2.1124,5.251,2,
2020-08-31,114.5,115.0,111.08,111.44,15686165,1766927363.97,1.5024,-2.4595,2,b
2020-09-01,111.51,112.99,110.63,111.6,10320434,1153199240.52,0.9885,0.1436,2,
2020-09-02,111.75,112.5,110.0,110.48,9741539,1079894572.94,0.933,-1.0036,2,
2020-09-03,110.48,111.0,108.55,109.0,8881582,973105075.4,0.8507,-1.3396,2,
2020-09-04,106.77,107.99,105.08,106.5,13588823,1443141218.88,1.3015,-2.2936,2,
2020-09-07,106.2,107.7,102.69,102.9,13225503,1391971054.8,1.2667,-3.3803,2,
2020-09-08,103.98,105.01,102.0,103.53,9225441,955224226.63,0.8836,0.6122,2,
2020-09-09,101.99,103.03,99.53,100.85,10594909,1072903343.32,1.0147,-2.5886,2,
2020-09-10,101.25,103.97,100.66,101.04,10019392,1026479564.67,0.9596,0.1884,2,
2020-09-11,101.07,102.4,99.3,101.41,9165177,925722110.41,0.8778,0.3662,2,
2020-09-14,102.05,102.5,100.66,102.19,7649072,778296328.56,0.7326,0.7692,2,
2020-09-15,102.09,102.4,98.96,100.5,11414167,1142800858.46,1.0932,-1.6538,2,
2020-09-16,100.1,100.5,94.22,95.05,25513751,2453798089.02,2.4436,-5.4229,2,
2020-09-17,95.49,96.98,91.95,95.86,15713855,1485785555.43,1.505,0.8522,2,f
2020-09-18,95.77,100.0,95.21,99.47,14071233,1375452917.6,1.3477,3.7659,2,
2020-09-21,100.0,100.46,97.88,98.57,10245893,1012701049.11,0.9813,-0.9048,2,
2020-09-22,97.9,99.99,97.6,98.17,6731630,664910729.22,0.6447,-0.4058,2,
2020-09-23,98.17,98.88,96.5,98.1,7525892,736332599.57,0.7208,-0.0713,2,
2020-09-24,98.0,98.0,95.5,95.86,7352938,708181886.21,0.7042,-2.2834,2,
2020-09-25,97.0,98.2,96.39,97.44,6392351,622922403.04,0.6122,1.6482,2,
2020-09-28,98.18,100.9,98.0,98.43,7476217,740079577.25,0.7161,1.016,2,
2020-09-29,99.62,100.44,98.3,98.43,7011984,695978860.33,0.6716,0.0,2,
2020-09-30,98.5,99.33,97.78,98.59,6224430,613852592.85,0.5962,0.1626,2,
2020-10-09,100.15,101.66,99.5,100.03,9282747,931560961.86,0.8891,1.4606,2,
2020-10-12,100.78,103.4,100.78,103.24,15275368,1564486316.9,1.463,3.209,2,
2020-10-13,102.86,104.99,102.41,104.9,10596815,1097940353.14,1.0149,1.6079,2,
2020-10-14,104.0,104.3,99.99,100.51,12270100,1249636806.61,1.1752,-4.1849,2,
2020-10-15,100.0,100.49,92.0,96.6,42346734,4000616471.81,4.0558,-3.8902,2,
2020-10-16,95.7,97.29,94.9,96.72,12516726,1204179334.22,1.1988,0.1242,2,
2020-10-19,97.05,99.12,95.4,96.01,9461911,919521758.87,0.9062,-0.7341,2,
2020-10-20,96.0,97.12,95.28,96.78,5618195,542712990.6,0.5381,0.802,2,
2020-10-21,97.0,97.3,95.59,96.02,6747563,648777784.35,0.6463,-0.7853,2,
2020-10-22,95.8,98.58,94.56,97.64,11279983,1098114178.19,1.0804,1.6871,2,
2020-10-23,97.53,99.26,95.01,95.37,9620178,933044250.5,0.9214,-2.3249,2,
2020-10-26,95.36,95.36,89.97,90.95,21918333,2002985361.02,2.0993,-4.6346,2,
2020-10-27,91.03,91.6,89.8,91.28,10387053,943040492.2,0.9948,0.3628,2,
2020-10-28,91.7,93.65,90.4,93.1,12610441,1160765446.72,1.2078,1.9939,2,
2020-10-29,91.5,92.38,90.38,91.64,9835202,900090167.27,0.942,-1.5682,2,
2020-10-30,91.0,94.99,89.8,92.94,20908700,1939210793.01,2.0026,1.4186,2,
2020-11-02,92.2,92.35,85.28,88.0,35324321,3108437837.83,3.3833,-5.3153,2,
2020-11-03,88.0,90.48,86.58,90.35,18322906,1629445319.0,1.7549,2.6705,2,
2020-11-04,87.0,89.89,85.85,88.1,18254594,1612289938.25,1.7484,-2.4903,2,
2020-11-05,89.5,93.78,88.5,93.16,27023334,2472491775.71,2.5882,5.7435,2,
2020-11-06,94.74,95.01,91.86,92.6,12725507,1186614282.22,1.2188,-0.6011,2,
2020-11-09,93.17,95.77,92.6,94.1,17161685,1617236695.07,1.6437,1.6199,2,
2020-11-10,94.06,95.86,93.73,94.66,11992908,1138960387.4,1.1486,0.5951,2,b
2020-11-11,94.3,94.35,88.78,89.16,19923872,1799836536.38,1.9083,-5.8103,2,
2020-11-12,89.16,90.2,88.8,88.88,8107995,724759192.3,0.7766,-0.314,2,
2020-11-13,88.38,89.77,87.51,88.67,7996116,709789606.09,0.7658,-0.2363,2,
2020-11-16,88.77,94.2,87.87,93.6,18079442,1659117178.57,1.7316,5.5599,2,
2020-11-17,93.8,94.99,92.0,92.75,11768320,1099804685.92,1.1271,-0.9081,2,
2020-11-18,91.98,92.5,90.0,90.3,9774193,886935502.61,0.9361,-2.6415,2,
2020-11-19,89.58,92.43,89.0,92.2,7841630,715270528.49,0.751,2.1041,2,
2020-11-20,92.0,92.5,90.23,90.7,8540591,776443065.91,0.818,-1.6269,2,
2020-11-23,90.7,91.3,89.8,90.03,10172021,919780759.21,0.9742,-0.7387,2,
2020-11-24,90.03,90.03,87.97,88.19,11760039,1042261317.36,1.1263,-2.0438,2,
2020-11-25,88.15,88.7,85.38,85.48,13544315,1172365018.59,1.2972,-3.0729,2,
2020-11-26,85.3,85.98,83.49,85.41,11049588,936992583.99,1.0583,-0.0819,2,f
2020-11-27,85.5,87.0,84.56,85.75,7785536,667648473.96,0.7457,0.3981,2,
2020-11-30,86.58,90.1,86.18,88.43,18894446,1671421728.26,1.8097,3.1254,2,
2020-12-01,88.0,90.3,87.2,90.14,11953761,1063465369.17,1.1449,1.9337,2,
2020-12-02,90.2,91.68,89.84,90.68,13260933,1204599987.01,1.2701,0.5991,2,
2020-12-03,91.78,93.66,91.28,93.18,13640178,1268733181.05,1.3064,2.7569,2,
2020-12-04,93.0,94.34,92.0,94.3,10395845,972273111.9,0.9957,1.202,2,
2020-12-07,94.25,97.49,94.0,96.88,16190610,1562946792.91,1.5507,2.7359,2,
2020-12-08,97.65,99.96,95.7,98.15,15174855,1487759358.85,1.4534,1.3109,2,
2020-12-09,100.95,105.53,100.9,102.47,31607168,3272753985.93,3.0272,4.4014,2,b
2020-12-10,101.9,103.66,100.32,102.59,13301961,1360892209.69,1.274,0.1171,2,
2020-12-11,103.43,103.74,100.0,100.0,14626921,1482557800.99,1.4009,-2.5246,2,
2020-12-14,101.01,103.28,100.71,102.35,10872956,1110026122.06,1.0414,2.35,2,
2020-12-15,101.98,103.09,100.67,101.29,9193431,936508588.09,0.8805,-1.0357,2,
2020-12-16,100.91,102.53,99.96,100.29,9399057,949656233.88,0.9002,-0.9873,2,
2020-12-17,101.18,102.49,98.77,101.19,10615446,1068938299.61,1.0167,0.8974,2,
2020-12-18,102.0,102.43,100.5,101.4,7488626,758003955.86,0.7172,0.2075,2,
2020-12-21,100.75,102.0,97.77,100.0,11025358,1101207841.59,1.056,-1.3807,2,
2020-12-22,99.99,100.8,95.8,95.8,14388859,1410525418.91,1.3781,-4.2,2,
2020-12-23,97.47,98.97,95.56,98.32,9586744,933650014.57,0.9182,2.6305,2,
2020-12-24,97.1,97.62,91.11,91.86,18540948,1737377294.84,1.7758,-6.5704,2,
2020-12-25,91.5,94.38,91.03,94.01,11711757,1090185937.47,1.1217,2.3405,2,f
2020-12-28,94.49,96.4,92.9,93.0,11128962,1051233920.17,1.0659,-1.0744,2,
2020-12-29,94.4,95.2,93.45,94.18,10410210,984025894.12,0.9971,1.2688,2,
2020-12-30,93.5,102.0,93.3,101.25,18589558,1836136760.46,1.7805,7.5069,2,
2020-12-31,102.88,105.0,102.36,104.9,18260340,1902681776.21,1.7489,3.6049,2,
2021-01-04,105.93,107.47,104.2,106.17,13887713,1476688359.42,1.3301,1.2107,2,
2021-01-05,105.53,110.59,105.3,109.61,15178699,1656565274.55,1.4538,3.2401,2,
2021-01-06,108.88,109.64,102.01,103.19,27879182,2913842217.99,2.6702,-5.8571,2,
2021-01-07,103.2,103.88,95.6,98.16,41259844,4073574952.4,3.9517,-4.8745,2,
2021-01-08,98.27,100.05,96.25,99.51,24074709,2372453701.44,2.3058,1.3753,2,
2021-01-11,99.4,100.45,96.58,97.07,18952299,1864093312.18,1.8152,-2.452,2,
2021-01-12,96.81,101.99,95.8,101.0,21403949,2121027756.29,2.05,4.0486,2,
2021-01-13,101.0,101.0,94.4,95.0,30610517,2960530523.32,2.9318,-5.9406,2,
2021-01-14,94.97,98.25,94.0,95.8,16740989,1621027975.91,1.6034,0.8421,2,
2021-01-15,97.0,98.3,93.63,95.59,15541642,1492513784.57,1.4885,-0.2192,2,
2021-01-18,95.18,98.05,94.28,97.0,18087109,1749226379.13,1.7323,1.475,2,
2021-01-19,96.81,99.85,96.11,97.5,15583208,1523824214.67,1.4925,0.5155,2,
2021-01-20,97.6,99.89,95.83,98.8,15003459,1467656749.51,1.437,1.3333,2,
2021-01-21,99.0,102.38,97.26,101.99,20427748,2050068118.25,1.9565,3.2287,2,
2021-01-22,101.02,102.88,99.5,99.78,16446325,1658852305.15,1.5752,-2.1669,2,b
2021-01-25,98.98,99.1,95.79,95.86,22354686,2166330957.49,2.1411,-3.9286,2,
2021-01-26,95.86,96.99,93.3,93.4,17032364,1614121679.81,1.6313,-2.5662,2,
2021-01-27,93.4,96.5,92.6,95.66,14596683,1383675174.03,1.398,2.4197,2,f
2021-01-28,94.4,96.72,94.12,94.31,10379933,990019219.18,0.9942,-1.4112,2,
2021-01-29,95.69,100.8,95.5,97.13,21239085,2086304650.04,2.0342,2.9901,2,
2021-02-01,98.66,103.24,98.18,103.21,25870685,2628211530.38,2.4778,6.2597,2,
2021-02-02,104.2,108.6,104.2,107.83,22070599,2361432382.09,2.1139,4.4763,2,
2021-02-03,106.31,108.1,105.3,105.9,12733727,1358650726.66,1.2196,-1.7899,2,
2021-02-04,105.11,105.37,100.97,103.5,15744573,1619304585.21,1.508,-2.2663,2,
2021-02-05,103.0,103.8,99.09,99.25,14047614,1415763012.05,1.3454,-4.1063,2,
2021-02-08,102.35,103.5,100.12,102.25,11723487,1196021742.25,1.1228,3.0227,2,
2021-02-09,103.4,106.68,102.7,105.65,13701275,1438720058.25,1.3123,3.3252,2,
2021-02-10,105.0,107.68,104.66,106.35,12258164,1303749080.64,1.1741,0.6626,2,
2021-02-18,109.54,109.9,101.5,101.73,15523899,1619403875.33,1.4868,-4.3441,2,b
2021-02-19,100.97,101.9,95.27,97.81,19025479,1861423463.31,1.8222,-3.8533,2,
2021-02-22,98.18,101.72,96.0,96.48,17008882,1677268040.57,1.6291,-1.3598,2,
2021-02-23,96.19,97.8,95.5,95.87,12202500,1177493303.56,1.1687,-0.6323,2,
2021-02-24,96.16,96.8,92.0,93.2,21147428,1976314743.15,2.0254,-2.785,2,
2021-02-25,93.94,94.14,91.27,91.5,12190275,1123034870.59,1.1675,-1.824,2,
2021-02-26,88.9,89.9,86.0,87.4,21375410,1876206237.34,2.0473,-4.4809,2,
2021-03-01,89.3,90.5,87.32,90.36,14647099,1302970797.88,1.4029,3.3867,2,
2021-03-02,91.55,92.8,90.1,90.68,12847744,1173710916.32,1.2305,0.3541,2,
2021-03-03,90.0,92.98,88.86,92.35,9758185,893311997.9,0.9346,1.8416,2,
2021-03-04,91.7,91.93,87.43,87.97,13294893,1183048629.79,1.2733,-4.7428,2,
2021-03-05,86.66,90.0,86.5,89.06,8561552,759999438.85,0.82,1.2391,2,
2021-03-08,90.06,90.3,83.3,84.54,16412500,1410125488.36,1.5719,-5.0752,2,
2021-03-09,84.34,87.0,83.12,85.3,11977127,1024835335.04,1.1471,0.899,2,f
2021-03-10,86.3,87.88,84.0,84.77,9463611,811565684.39,0.9064,-0.6213,2,
2021-03-11,85.11,86.54,84.4,85.83,7095128,607240078.11,0.6796,1.2504,2,
2021-03-12,86.8,87.85,84.79,87.8,10557884,911176692.96,1.0112,2.2952,2,
2021-03-15,85.55,88.39,85.55,87.7,9552926,833012637.09,0.915,-0.1139,2,
2021-03-16,86.96,88.4,84.61,85.73,10901401,935647791.7,1.0441,-2.2463,2,
2021-03-17,85.6,89.59,84.0,89.5,11907586,1044524672.23,1.1405,4.3975,2,
2021-03-18,89.99,90.4,88.33,89.0,10081648,899213619.03,0.9656,-0.5587,2,b
2021-03-19,87.95,87.95,85.0,85.01,14516267,1243924636.98,1.3903,-4.4831,2,
2021-03-22,85.35,87.87,85.13,87.39,7290392,632357285.91,0.6983,2.7997,2,
2021-03-23,86.92,87.9,83.77,84.39,12544914,1066357946.21,1.2015,-3.4329,2,
2021-03-24,84.5,84.92,82.3,82.78,8695490,727091588.39,0.8328,-1.9078,2,
2021-03-25,82.43,84.2,80.13,82.76,8669573,715383026.42,0.8303,-0.0242,2,f
2021-03-26,82.43,85.5,82.42,84.55,8500439,717176944.52,0.8141,2.1629,2,
2021-03-29,85.07,85.1,81.5,82.3,12924512,1071676715.78,1.2379,-2.6611,2,
2021-03-30,82.3,84.37,82.1,83.32,10210195,850735994.08,0.9779,1.2394,2,
2021-03-31,83.06,84.42,82.6,84.0,6590979,550882134.03,0.6313,0.8161,2,
2021-04-01,83.7,84.77,83.47,84.6,6243549,526156280.09,0.598,0.7143,2,
2021-04-02,84.8,85.43,84.21,84.78,6068807,514468501.32,0.5813,0.2128,2,
2021-04-06,84.8,86.22,83.8,86.0,6221357,527741911.02,0.5959,1.439,2,b
2021-04-07,85.46,85.6,82.81,84.35,8734329,731721663.72,0.8365,-1.9186,2,
2021-04-08,83.96,85.23,83.31,84.2,7127092,602894330.66,0.6826,-0.1778,2,
2021-04-09,85.0,85.0,81.83,82.84,7157676,592501313.23,0.6855,-1.6152,2,
2021-04-12,81.88,83.2,80.14,81.78,10412665,844616388.44,0.9973,-1.2796,2,
2021-04-13,81.3,82.14,80.55,81.08,6577321,534633749.2,0.63,-0.856,2,
2021-04-14,81.1,82.59,80.41,82.2,7208409,590256017.61,0.6904,1.3814,2,
2021-04-15,82.18,82.9,81.6,82.68,3967243,326649613.56,0.38,0.5839,2,
2021-04-16,82.98,83.97,82.02,82.3,4965018,411094019.75,0.4755,-0.4596,2,
2021-04-19,82.5,86.77,82.5,86.48,13532442,1156197899.04,1.2961,5.079,2,
2021-04-20,86.46,90.89,86.46,87.7,15408966,1374354553.46,1.4758,1.4107,2,
2021-04-21,87.34,88.16,85.58,86.52,7465264,645687183.3,0.715,-1.3455,2,
2021-04-22,87.01,89.28,86.71,88.46,8774978,774293258.68,0.8404,2.2423,2,
2021-04-23,88.0,89.13,87.41,88.3,5795866,511575403.69,0.5551,-0.1809,2,
2021-04-26,88.4,89.97,86.44,86.82,7731090,681158506.99,0.7405,-1.6761,2,
2021-04-27,88.34,91.08,88.24,90.29,15672115,1409378321.29,1.501,3.9968,2,
2021-04-28,90.0,93.4,88.71,93.35,17687343,1627013399.89,1.694,3.3891,2,
