,stock_id,price,stock_pct,asset_pct_annual_return,asset_wave,macd_nums_-0.002,macd_odds_-0.002,macd_strategy_pct_-0.002,macd_nums_-0.004,macd_odds_-0.004,macd_strategy_pct_-0.004,macd_nums_-0.007,macd_odds_-0.007,macd_strategy_pct_-0.007,macd_nums_-0.01,macd_odds_-0.01,macd_strategy_pct_-0.01,macd_nums_-0.015,macd_odds_-0.015,macd_strategy_pct_-0.015,macd_nums_-0.02,macd_odds_-0.02,macd_strategy_pct_-0.02,macd_nums_-0.05,macd_odds_-0.05,macd_strategy_pct_-0.05,macd_nums_-0.1,macd_odds_-0.1,macd_strategy_pct_-0.1,macd_nums_-0.15,macd_odds_-0.15,macd_strategy_pct_-0.15,macd_nums_-0.2,macd_odds_-0.2,macd_strategy_pct_-0.2,best_odds_params
0,sz.300223,263.00733059,9.536161370195794,0.3256280923048631,17.527198007490878,28,0.0506715575525448,2.533158078050405,28,0.0506715575525448,2.533158078050405,31,0.0604867050185199,3.848287962121007,35,0.0472841079139402,3.0654086557230937,40,0.0623639987567777,6.123604346793126,42,0.0567010458183376,5.450514519329849,55,0.0507476829506261,7.2121620723658735,65,0.0432886284480555,6.866559304365124,69,0.0505141915656842,9.658375656468076,70,0.0471774916883953,7.890363633849942,-0.015
1,sh.603288,801.175578,12.067714685946678,0.4241399640263814,23.051977663713565,50,0.0116942767427193,1.6457075609372955,53,0.0158375344223363,2.088124403815382,56,0.0144812198243799,2.026315869158325,62,0.0134425988266969,2.0477297978682323,66,0.0169650957918962,2.637702503576131,68,0.0167674219477383,2.692021446429806,78,0.0139230854628693,2.512406049013304,80,0.0132932973843345,2.440218980466327,80,0.0132932973843345,2.440218980466327,80,0.0132932973843345,2.440218980466327,-0.015
2,sh.600031,966.61317977,2.9851337574756114,0.1464905369983991,37.14126229868638,36,0.0332084090470411,2.607844408351048,41,0.034107250955719,3.1549391625094056,43,0.033399428638145,3.2540207135433943,46,0.0340446000762771,3.677951817728532,47,0.0318728594175403,3.427751013801421,57,0.0282825248816799,3.7147208894926234,69,0.0223658778527745,3.2653009556905537,73,0.0232010058842709,3.6999184699526753,74,0.022211803102051,3.51492254645504,74,0.022211803102051,3.51492254645504,-0.004
3,sz.002508,293.68945179,6.80375400080664,0.2708478991798664,10.555020125153725,48,-0.0075762676036133,0.6440389257491251,52,-0.0070500035085031,0.6344831934922565,56,-0.0057214713047028,0.656300301673793,60,0.0010095884295621,0.9367751424428804,61,0.0042810000638793,1.124660102871126,68,0.0019168636037249,0.9768637358746424,79,0.0098967564117986,1.7398458134556056,83,0.006242803309016,1.324065076658579,83,0.006242803309016,1.324065076658579,83,0.006242803309016,1.324065076658579,-0.05
4,sz.300033,961.0282384,29.609923961290576,0.5273186731413673,34.35518337351145,29,0.056963784897017,3.148179085392776,31,0.0577927561537529,3.562497485165005,36,0.0627772837725755,5.439133058806677,46,0.0674286077162839,8.587108775745088,46,0.0674286077162839,8.587108775745088,50,0.0606436674457493,7.9209779795318,68,0.0457555686545487,7.958921503654277,75,0.0390554233887708,5.587646567392579,75,0.0390554233887708,5.587646567392579,75,0.0390554233887708,5.587646567392579,-0.01
5,sz.002677,74.49029858,9.52561362915601,0.3254447224957919,2.5050313099978405,42,0.0267423141638207,2.251561190706595,46,0.0272070254332917,2.448648146198542,53,0.022890724383282,2.268178884877558,56,0.0226531620189815,2.3852405303127817,61,0.0237220260834186,2.811339534481229,63,0.0232975050280581,2.8617122040382337,77,0.0179246114438587,2.495311906740612,80,0.0152211767357157,2.0974072560846917,80,0.0152211767357157,2.0974072560846917,80,0.0152211767357157,2.0974072560846917,-0.004
6,sz.002048,113.1094548,2.9539307469652902,0.14498563663301,3.452149529689617,38,-0.0058445905380027,0.7255120143615292,39,-0.0045414073255452,0.7581452217317205,42,-0.0005899002411438,0.861604746587682,47,0.0022499694189741,0.9700390074978412,51,0.0043634849077804,1.0667782995025332,59,0.0122338779463842,1.5531021731759396,74,0.0140578014060677,1.89395204053838,78,0.0081301308895706,1.2224816519155055,80,0.0075958217472638,1.1504691012063792,80,0.0075958217472638,1.1504691012063792,-0.05
7,sh.601155,65.17812876,4.813746584933531,0.3515875301564024,1.9355346125708477,22,0.0200544415113559,1.3549599114760875,24,0.0331087454616922,1.8716951706186256,26,0.0282914940570292,1.7628206206851402,28,0.0231561631149731,1.6117299276568988,29,0.0245040709925555,1.712052849273704,34,0.0379725996842747,2.623144682546568,41,0.0333265307884778,2.7063163378630577,43,0.0319790953085616,2.7265105168722195,44,0.0395193196832581,3.718275903067276,45,0.0346678106553538,3.05345342711249,-0.15
8,sz.300413,117.58076074,3.189928397721107,0.2571997576935776,5.340531863361143,22,0.0459453617787269,2.0832130255891084,22,0.0459453617787269,2.0832130255891084,22,0.0459453617787269,2.0832130255891084,24,0.0493006410007151,2.4274804183916805,29,0.033176232907486,1.931524733970449,33,0.0399327139555597,2.6546779584266216,40,0.0352617656959317,2.836260721878996,42,0.038403585952108,3.430956513468752,44,0.0528200178478508,5.199006293254575,44,0.0528200178478508,5.199006293254575,-0.15
9,sz.300450,1203.24191351,10.387998907968576,0.5674244459125795,63.582803297217644,17,0.031645449399638,1.5631809107328978,17,0.031645449399638,1.5631809107328978,18,0.0263387941246726,1.4633337530839898,19,0.02148010330964,1.3667883604988622,23,0.038056910575393,2.044598472189564,26,0.0503413070291665,2.8905750875255207,34,0.0517924994709435,4.205404936724641,41,0.0610803874193302,7.640604656791511,41,0.0610803874193302,7.640604656791511,41,0.0610803874193302,7.640604656791511,-0.1
10,sh.600887,2650.0804608,5.104713893847329,0.2260168125036412,81.55434619290075,41,0.0106111788202713,1.38991541493638,43,0.0090239741512079,1.3245863414229433,47,0.0048224888251678,1.1231547287039154,54,0.0064931689352041,1.2471136498715878,63,0.0099034689608931,1.5469083894034896,68,0.0050236389942434,1.1458990342689537,83,0.0042310035921104,1.0961830699560144,83,0.0042310035921104,1.0961830699560144,83,0.0042310035921104,1.0961830699560144,83,0.0042310035921104,1.0961830699560144,-0.002
11,sz.002557,153.07144286,4.691302936088489,0.2131421288210646,5.856687650563886,39,0.0006142373323336,0.9050126450934476,44,-0.0025474060956632,0.7865707776298254,47,0.0045369903936301,1.067819938052613,51,0.0050406402678245,1.1108842435725983,54,0.0091121157664219,1.3339650211913012,59,0.0115629232674325,1.5868230644847952,70,0.0137292493998874,2.015329772834121,72,0.0135037056176018,2.0379770051028143,73,0.016544272886937,2.517849497583418,73,0.016544272886937,2.517849497583418,-0.15
12,sz.000568,5865.2386272,9.799147047273111,0.3301436158378539,288.83421662089273,41,0.0261967517129282,2.485549424624184,44,0.0222945547008164,2.2606550307993896,45,0.0242444225972118,2.509414368165345,46,0.0212220222751441,2.221368750029634,53,0.0264542078393663,3.241878963256534,58,0.0251136484305085,3.354520571137096,72,0.0218447844450582,3.568860318775688,76,0.0192386020664425,3.136256916115961,76,0.0192386020664425,3.136256916115961,76,0.0192386020664425,3.136256916115961,-0.015
13,sh.601788,20.77623786,1.3862026367233884,0.0416656427688948,0.9069571302623832,24,0.102545041756592,3.731311425061453,27,0.0880523204323811,3.4272581096933536,30,0.0753546227403361,3.04238403488954,34,0.0723867424984662,3.613122385510811,40,0.0672336503469329,4.384295788148865,47,0.0581858145104291,4.569892878602572,66,0.0351994461369375,2.8884422552202245,70,0.0393499333049323,4.1453249815120135,71,0.036216855490084,3.3863218158830546,71,0.036216855490084,3.3863218158830546,-0.002
14,sh.600988,68.46052206,4.067627332265835,0.1917019352481994,3.1146627260071607,31,0.0469766308559256,3.355030635385148,33,0.0554746720372787,4.728622314515773,37,0.0483453832318023,4.525360934496424,40,0.0437643349618004,4.3431196091508,45,0.0336581478907593,3.406076548042215,58,0.0272533774376825,3.5251271306082823,77,0.0193932378728828,2.848117637295389,84,0.0233621225807983,3.874015306260999,85,0.0213965379051383,3.317270591588759,85,0.0213965379051383,3.317270591588759,-0.004
15,sz.000157,508.2676344,1.3952742342726432,0.0425153225345333,17.632791127579026,38,0.0144410387501727,1.5374831045294992,41,0.0139042675269431,1.5679963798037666,41,0.0139042675269431,1.5679963798037666,48,0.0104299934992404,1.460997462365641,55,0.0126572390187248,1.7175729574872274,56,0.0136021770807441,1.8302006924044223,69,0.0112834477683861,1.783404364026158,74,0.0117837947072922,1.90703999402018,74,0.0117837947072922,1.90703999402018,74,0.0117837947072922,1.90703999402018,-0.002
16,sh.600745,208.81284208,9.549714854865284,0.325863455850476,8.25822508435247,32,0.0834658071972025,6.211397712092401,36,0.0646803443233574,4.341033120017366,37,0.0626793753050096,4.300420544050466,38,0.0596546205198077,4.075674947778483,43,0.0537812265087214,4.153522201110432,47,0.04678749500783,3.680821685045839,62,0.0401248416742427,4.554182701506771,69,0.0395003271785041,5.198696260134747,73,0.0459167227513121,9.096513592080637,73,0.0459167227513121,9.096513592080637,-0.002
17,sz.002352,236.75686695,10.548596837787157,0.3424537635375742,8.751465454645878,31,0.0216287379184616,1.6710680022199602,34,0.0251753876277935,1.9554441658384687,40,0.0479302270166992,4.7224677842438085,47,0.0433158595712238,5.185743070293887,51,0.0412848242593689,5.517883378556479,57,0.0316520528758668,4.048005087514628,77,0.0631516840670409,14.112354004111054,80,0.0596358905111895,12.818901340695977,81,0.0651344170438165,19.292658537939985,81,0.0651344170438165,19.292658537939985,-0.15
18,sh.600223,22.7890899,3.654631829297072,0.175859558944452,1.4725966980965526,24,0.0643601268638621,3.195203053439017,26,0.0587293334547513,3.1388708140561548,28,0.0519262850929942,2.9137711600771468,34,0.0546092565148861,4.0837477252681165,39,0.054649026526589,5.104020408479586,44,0.044103030222986,4.177999428208031,56,0.0561137020761466,10.375099220858592,60,0.0594059170796108,15.321884747244304,64,0.0593254139424398,17.62190731437231,64,0.0593254139424398,17.62190731437231,-0.002
19,sh.600703,546.4446916,6.083567253043473,0.2531982772285548,25.281772302975742,51,1.876007712512765e-05,0.8870037673861987,53,-0.0016745783326281,0.8092129508646873,54,-0.0022058966875091,0.784640576925387,58,-0.0038255650990636,0.702220607565607,64,-0.005196600639582,0.618109425337915,67,-0.0047358949191741,0.6251252594086708,80,0.0033366892503272,0.9933783617399332,86,0.0083529954900212,1.430108488022776,86,0.0083529954900212,1.430108488022776,86,0.0083529954900212,1.430108488022776,-0.1
20,sz.300866,169.75369515,1.1523569014323536,0.2396915677294975,7.160236773175915,1,0.1764744559142612,1.1764744559142613,1,0.1764744559142612,1.1764744559142613,1,0.1764744559142612,1.1764744559142613,2,0.0876433645457152,1.1750771256465966,3,0.0532905770038159,1.156963314010923,3,0.0532905770038159,1.156963314010923,3,0.0532905770038159,1.156963314010923,4,0.0619921924437268,1.258888355933244,4,0.0619921924437268,1.258888355933244,4,0.0619921924437268,1.258888355933244,-0.002
21,sh.600030,101.6300766,2.1919320863575744,0.1030707961117975,2.600006781304618,23,-0.0062834848920108,0.8392273774860992,29,0.0486512939402477,2.5161389348500847,40,0.0500912587636478,4.106179183909558,47,0.0472205168898565,5.030812040812928,55,0.0383942795153526,4.487518100418844,57,0.0360757351099681,4.231582407162788,65,0.0350087854795668,5.163880789121745,69,0.0317629912229417,4.425912641433227,70,0.0355093070917685,5.727153539201536,70,0.0355093070917685,5.727153539201536,-0.007
22,sh.600298,334.05545828,8.696336494843116,0.3104397010524522,11.418752118539604,47,0.0126433979240523,1.460605621620155,49,0.010774381092518,1.3653423567980798,54,0.0152965965655656,1.800306252297722,58,0.0169103689963591,2.067216567863821,61,0.0193065892099328,2.488403018704178,65,0.0190412358860257,2.6308829404292453,72,0.0191142602056287,2.977630661659312,76,0.0186759702559422,3.100693326629302,76,0.0186759702559422,3.100693326629302,76,0.0186759702559422,3.100693326629302,-0.015
23,sh.603877,55.24556254,1.3415629562894609,0.0728974263492967,3.256071901152993,17,0.0310532725522091,1.4686223390404434,18,0.0253935032606594,1.3646107237340008,20,0.0212425199594676,1.3199447699630849,22,0.0125134364047365,1.129577886573883,25,0.0068975361017831,1.0165071000121444,29,0.0283833908447577,1.8430718245723137,36,0.0216359632448483,1.7428149150843202,42,0.0061749342336977,1.0000981376432518,42,0.0061749342336977,1.0000981376432518,42,0.0061749342336977,1.0000981376432518,-0.002
24,sz.002351,99.0687429,5.835943839451385,0.2467055360678596,3.606204745817333,32,0.0438576840956594,2.978977944677334,35,0.0383459976483522,2.7788491131764745,35,0.0383459976483522,2.7788491131764745,39,0.0302609307564933,2.3517299550778388,45,0.0261726176539745,2.3074387052808154,51,0.0229139078806804,2.145207146702949,70,0.0222117946895134,2.7695471745917284,76,0.0358431447245048,6.763593533235772,78,0.032975312797253,5.7705993378851215,79,0.0298231635245558,4.523893206110103,-0.002
25,sz.002959,87.95930832,1.1034915107263832,0.0623579747309235,3.219811705654444,5,0.0523240368209954,1.257457993167771,5,0.0523240368209954,1.257457993167771,6,0.0250065761899391,1.1171499161617306,6,0.0250065761899391,1.1171499161617306,7,0.0036198881902116,0.9778410537147044,8,-0.0033055552558893,0.9272048656627346,13,-0.0007789000209393,0.9189475733660616,15,0.0006216708717541,0.9299006538005604,15,0.0006216708717541,0.9299006538005604,15,0.0006216708717541,0.9299006538005604,-0.002
26,sh.603605,181.4584704,6.298454370010414,0.7292877226870127,6.783200951127221,20,0.0139338009401769,1.1913427982816087,21,0.0318795888818008,1.6569140213829725,24,0.0264278002387629,1.5984261640746524,25,0.0221575151094972,1.4700256644682994,25,0.0221575151094972,1.4700256644682994,25,0.0221575151094972,1.4700256644682994,29,0.03885892047835,2.376303385005915,30,0.0432240878148071,2.7798328268085024,30,0.0432240878148071,2.7798328268085024,30,0.0432240878148071,2.7798328268085024,-0.1
27,sh.600398,48.21907596,2.632749819726618,0.1286289837204919,1.6223863588565153,34,0.003279482373751,1.0474732391095742,35,0.0015531298161336,0.9876176254461704,45,0.004826970125081,1.151275311305272,53,0.0033815054790183,1.1062456461240782,56,0.0008093172900426,0.9643173223572998,64,0.0005638655766223,0.942820330435674,81,0.006681189113363,1.1831105333324077,82,0.008184116805182,1.3368217443559096,82,0.008184116805182,1.3368217443559096,82,0.008184116805182,1.3368217443559096,-0.1
28,sz.000703,87.71639474,2.345055317466159,0.1124208916433493,3.3965746229429605,34,0.0165852181268643,1.5829326008072029,35,0.0198881787861458,1.7921786270083264,40,0.0185897972744795,1.824600216204627,42,0.0176119582924658,1.8143920277494252,44,0.0195551951982464,2.034887396124925,50,0.0171632744174541,1.9873716346349333,67,0.0176123567645256,2.550727857804949,71,0.0125891182555392,1.8895260638821096,74,0.0138766292076835,1.9884798340402212,74,0.0138766292076835,1.9884798340402212,-0.004
29,sz.002027,90.1537651,8.49269162153112,0.3065639443838697,3.4968254388746938,39,0.0306292211711018,2.249618829740476,41,0.0316018221785527,2.482121334490192,43,0.0325315747402023,2.7316200340887518,44,0.0309388813673094,2.6290560778651435,48,0.0286907124562833,2.66248192278561,52,0.0310813928116064,3.2735936050620387,70,0.0340483695157089,5.817124040827545,76,0.0381502228010387,8.505729102744862,77,0.0367801035431963,7.932877093183968,77,0.0367801035431963,7.932877093183968,-0.1
30,sz.002511,231.1836947,7.500043097469593,0.286420552223549,11.77734118307627,49,0.0129038808390019,1.702266240664284,49,0.0129038808390019,1.702266240664284,55,0.008923148346369,1.4732743303777676,63,0.0094339505497224,1.5954762321383182,72,0.0085400346956462,1.6083008646144532,75,0.0074829923788378,1.5225880169026682,85,0.005270209510839,1.3303290105111891,88,0.0072147379485478,1.509825671361883,89,0.0109125176968773,2.0176059163339737,89,0.0109125176968773,2.0176059163339737,-0.002
31,sh.601899,19.36923017,3.062836420471251,0.1501791095441773,0.8691698938528346,27,0.0164627754261534,1.38274550302568,30,0.0266248713685582,1.862323106515946,39,0.0313678625298871,2.625924070648067,41,0.0304252782817477,2.6863689544499936,44,0.0250247918783149,2.311650216295775,55,0.0260630104328904,3.11782055342625,67,0.0310827029347853,5.284939596868211,69,0.0271676965098179,4.227951677494568,69,0.0271676965098179,4.227951677494568,69,0.0271676965098179,4.227951677494568,-0.007
32,sz.002142,82.43580708,6.54976182705813,0.2648184395587278,2.372743690836856,53,0.007226541925537,1.371732320938857,56,0.0059942426722202,1.3058097202780452,61,0.006833457515145,1.4114688471212724,64,0.0095359584340427,1.6938764695078825,72,0.0070114624233543,1.4791992498806168,77,0.0048497148570727,1.2917850040534764,81,0.003607788531741,1.183038412260399,84,0.0085529722319724,1.7586702976583537,84,0.0085529722319724,1.7586702976583537,84,0.0085529722319724,1.7586702976583537,-0.01
33,sh.600584,129.91054125,6.3577586477962384,0.2601231920740332,5.234288579815238,29,0.0552431587374602,3.346255305692195,29,0.0552431587374602,3.346255305692195,32,0.0472987233031754,3.046043832465574,35,0.0354078130582188,2.278510259131988,42,0.0294419683206147,2.213221987398116,46,0.0299106582577047,2.5001169385676114,65,0.0315964331435764,4.252374782253439,72,0.0373853324982911,6.531812845225745,73,0.0372687284837477,6.7204074414611386,73,0.0372687284837477,6.7204074414611386,-0.002
34,sh.600196,796.7789346,5.55872872880223,0.2391444471743933,45.61466084137354,42,0.0204779435313748,1.8043377986228664,44,0.0236737412704237,2.145577187176684,47,0.0217640209317546,2.098870653843312,48,0.0216338518248722,2.131436528999919,51,0.0230873409001845,2.4364427945277587,59,0.0301237747151109,3.48189417256107,69,0.0248571233555843,3.21356668082876,78,0.0290093243256905,4.596438723439371,78,0.0290093243256905,4.596438723439371,78,0.0290093243256905,4.596438723439371,-0.02
35,sh.603259,333.03788,3.580282519888196,0.5514681744992871,13.830388406293524,13,0.0273115993993991,1.3487120658250216,14,0.0436505509817801,1.6940591254612043,15,0.0529268941779769,2.003725847319704,16,0.0496549283050884,2.004878871745599,17,0.0423681072699872,1.856074698279593,17,0.0423681072699872,1.856074698279593,24,0.0627090888874868,3.739415474672239,24,0.0627090888874868,3.739415474672239,24,0.0627090888874868,3.739415474672239,24,0.0627090888874868,3.739415474672239,-0.05
36,sz.300347,2300.60769246,40.20635603739952,0.5957781320874143,105.30303595351496,40,0.0230046970308298,1.9568049944438173,41,0.0268002057407211,2.3063305868881923,44,0.0275344491554266,2.5624204763230334,51,0.0240602738846078,2.5436414104320013,55,0.0288412065448787,3.4535556389526203,59,0.034653089533693,5.121658285805726,70,0.0335206189845488,5.701571573813365,74,0.034508766847726,6.95319118260431,76,0.0360867936011525,8.066068971657119,76,0.0360867936011525,8.066068971657119,-0.15
37,sh.600570,1493.6798536,11.22858915870334,0.3529777324904291,53.34297579553903,36,0.0607225991733163,5.078859020254075,37,0.0581433615403678,4.902575921052011,38,0.0565036810351615,4.882159155113222,39,0.0546103022186243,4.7975118265697,44,0.0603973278256836,7.61594415914578,52,0.0567190866716666,9.991009478702129,66,0.0441815513560818,9.111986438920804,68,0.0485017371243753,12.130950788628006,71,0.0387030127670904,6.518542034318477,72,0.0416115010510904,8.135884675657028,-0.002
38,sz.002044,66.6312404,3.4298327440434786,0.1665654712829822,3.4148480073615373,34,0.1264833329387726,6.148145368760918,35,0.1268869906751446,7.012644411879267,37,0.1288349106790016,9.25194300622542,41,0.1132554384037745,8.101923966607421,49,0.0922312440581352,7.128030934396263,55,0.0767999177813471,5.264057557709057,69,0.0732223615451835,10.570262865103803,78,0.0560149489460187,4.870651682186925,80,0.0566487389306965,5.654602617037626,80,0.0566487389306965,5.654602617037626,-0.007
39,sh.603983,51.79480424,1.023410476980834,0.0136085016761648,2.3459574837684403,7,0.0072958120530882,1.031174374073371,7,0.0072958120530882,1.031174374073371,7,0.0072958120530882,1.031174374073371,7,0.0072958120530882,1.031174374073371,10,-0.0063689590803435,0.916914000994321,12,0.0069672716478376,1.037163813413,19,-0.0118980698928374,0.7537040547643167,19,-0.0118980698928374,0.7537040547643167,19,-0.0118980698928374,0.7537040547643167,19,-0.0118980698928374,0.7537040547643167,-0.002
40,sh.605009,111.110112,0.6145470796460176,-0.5533927588462642,4.2289344225304,3,-0.030791128738179,0.909351218585414,3,-0.030791128738179,0.909351218585414,3,-0.030791128738179,0.909351218585414,3,-0.030791128738179,0.909351218585414,3,-0.030791128738179,0.909351218585414,3,-0.030791128738179,0.909351218585414,3,-0.030791128738179,0.909351218585414,6,-0.0587394263408301,0.6909033270341151,6,-0.0587394263408301,0.6909033270341151,6,-0.0587394263408301,0.6909033270341151,0
41,sz.002555,298.36659944,13.87200092611365,0.3892083615673989,11.40212726996582,23,0.1224695669215701,6.065459745315292,27,0.107794874283322,6.588587018010618,42,0.0643540997938739,5.145950430815388,48,0.0825156545111797,11.540077382686697,54,0.0711481789250258,10.210846418878372,57,0.0692435714798625,10.988026900073615,68,0.0545148863673429,8.416650015916424,78,0.0514415007770231,9.61872062697313,79,0.0549748113675622,12.798410320818505,79,0.0549748113675622,12.798410320818505,-0.002
42,sz.002236,943.86911096,1.840496610529108,0.0792371284831592,29.68499687492128,33,-0.0026884078204494,0.8494468193441033,35,-0.0014511533261609,0.8748587371668256,37,-0.0023542344306135,0.8423018109850468,41,-0.0029503094486378,0.8091910103067641,49,-0.0019169710553037,0.8205253077159056,52,0.0014477204434759,0.9575017100725052,68,0.0051272502460066,1.119234882472742,75,0.0050711984688232,1.1265844102616789,75,0.0050711984688232,1.1265844102616789,75,0.0050711984688232,1.1265844102616789,-0.05
43,sh.600183,201.15152519,8.720948218045924,0.3109027166525981,6.257623557459499,43,0.0165190316856247,1.608966464518282,45,0.0217062034961359,2.045772344117633,48,0.021713263292563,2.176827681844302,51,0.0197302193055046,2.064401844749114,56,0.0196090902382472,2.242403913672676,68,0.0168338550859723,2.2804625436645725,82,0.0157908284294128,2.444941072660188,84,0.0158165340123212,2.5246428195140225,85,0.0144539865533527,2.2721785375626182,85,0.0144539865533527,2.2721785375626182,-0.007
44,sz.000063,433.5940808,5.446210305945669,0.2359810179376129,12.77488188347723,39,0.0274778118387659,2.383206604081932,40,0.0244111873984117,2.156355921982153,40,0.0244111873984117,2.156355921982153,41,0.0226433330413841,2.052698078800215,45,0.0252336740834944,2.478496987784996,53,0.0199808965924563,2.2766280102118226,66,0.0177679433003137,2.469177032835861,70,0.0157871077624918,2.2629772596074185,70,0.0157871077624918,2.2629772596074185,70,0.0157871077624918,2.2629772596074185,-0.002
45,sz.002049,464.62803398,15.246377521435766,0.405710321462849,20.556594351289284,38,0.0301664089789957,2.305679389750713,38,0.0301664089789957,2.305679389750713,41,0.0261167887832162,2.1314994550641213,46,0.024093554437094,2.1480353117868387,48,0.0247762164060277,2.2952457250207314,56,0.0182028504308648,1.8877928120990504,76,0.0121277394099863,1.4905550479403151,83,0.0289229453843614,4.508538974528247,83,0.0289229453843614,4.508538974528247,83,0.0289229453843614,4.508538974528247,-0.002
46,sh.600585,187.79165999,3.324626546796424,0.1620313865681035,3.215684509169356,30,0.0101186701608096,1.2793397513390554,36,0.0102484541778322,1.3523505793136803,44,0.0147649586698264,1.7362009575070974,49,0.0133954826369561,1.7349973186596024,55,0.0196850560877971,2.586500502952668,62,0.0132029137757183,1.9701715928912764,72,0.0117780313291997,1.9312148258086488,74,0.0171169214521407,2.824246124780042,74,0.0171169214521407,2.824246124780042,74,0.0171169214521407,2.824246124780042,-0.015
47,sh.603737,623.7359445,7.049456877260397,0.5056911166747715,23.194519426840067,24,0.0373892103784981,2.055253980298799,25,0.057599147725202,3.170512158084497,26,0.0547293845623521,3.1165668622779545,26,0.0547293845623521,3.1165668622779545,30,0.0430261114579835,2.724078634117437,35,0.0457586611712709,3.5653034304784,44,0.0400991505641312,4.043429404518543,46,0.0407394157077585,4.469499240420952,46,0.0407394157077585,4.469499240420952,46,0.0407394157077585,4.469499240420952,-0.004
48,sz.000998,139.95653341,1.561212495252161,0.0572623145165087,3.5629120196528765,33,0.0144920902816366,1.364761583115088,36,0.0098985091361717,1.2030424844889338,41,0.00706191887253,1.1173553732795216,47,0.009297542443004,1.228364506232236,56,0.0055485516235437,1.066686959496956,64,0.0078868936297613,1.2592749026354908,76,0.0015771600854965,0.8321521894002467,80,0.0025772000432532,0.898363266104513,80,0.0025772000432532,0.898363266104513,80,0.0025772000432532,0.898363266104513,-0.002
49,sh.601012,1039.20036306,65.6160084448834,0.6870432866221032,47.450384491502845,44,0.0570517884458896,6.370790582635319,45,0.0532980558409412,5.658114584368742,50,0.0466100427647006,5.264565275150826,52,0.0516283430928229,7.288988820970082,55,0.0514285954828045,8.32803759390922,61,0.0606341364917952,16.7785654224354,70,0.0488146445975438,12.348605459840556,75,0.0533351978251056,21.06482105824485,79,0.050677842389535,19.42033273487541,79,0.050677842389535,19.42033273487541,-0.02
50,sz.000999,39.6899118,1.3664475763881914,0.0397983449635435,0.7344015539735625,42,-0.0112317395738733,0.6031708642432818,47,-0.0121749954235699,0.5431886764981977,50,-0.0116263940930748,0.536968983032751,54,-0.0123013340919641,0.4916087265226835,63,-0.006096316691001,0.630466904944429,68,-0.0040444015064459,0.6975403683793275,76,-0.0033170847967258,0.7089530166362636,80,0.0008565851657745,0.9642861588069752,80,0.0008565851657745,0.9642861588069752,80,0.0008565851657745,0.9642861588069752,-0.1
51,sh.600055,165.2042808,3.312213453944864,0.1614881668833219,6.4221669910256765,36,0.0235268069312539,1.495727260005807,40,0.0214907147187375,1.501541724884638,41,0.0194265526099728,1.4067344828697372,42,0.0183322899427245,1.3694103291613908,43,0.0174403239686834,1.3419916573873034,51,0.0358555672322197,2.9841829919885954,66,0.0225732921362218,1.9522981268259063,73,0.0245491745469015,2.2984309182482687,76,0.0244507721214608,2.2288618362066583,76,0.0244507721214608,2.2288618362066583,-0.02
52,sh.603799,180.75476705,8.961565049578581,0.4458336754328611,11.247617542029916,29,0.0477466416966697,2.865699084347366,29,0.0477466416966697,2.865699084347366,32,0.0446393841554348,2.963106658016158,33,0.0489234823697707,3.514287832519164,35,0.0421742170137361,3.044762991056582,37,0.0373664714091531,2.7607380672558204,48,0.0466667202186127,5.191359653478293,54,0.0411846710858669,4.934057517112304,58,0.0479990088536334,8.109856900399933,58,0.0479990088536334,8.109856900399933,-0.01
53,sz.002415,1277.3327083,9.197477776019406,0.3196494873644404,47.79565903662408,38,0.0320013554913511,2.847106006065319,44,0.0284630748583326,2.92390342644622,49,0.0313676796177591,3.7622016738130704,54,0.0287606264727285,3.794342763218296,57,0.0344502882524282,5.526074762499509,61,0.0322476569454737,5.482411109633413,67,0.0252218268261861,4.078638559602546,73,0.0274394703675936,5.468692563814727,73,0.0274394703675936,5.468692563814727,73,0.0274394703675936,5.468692563814727,-0.015
54,sz.002594,249.87403,10.69208515190415,0.344722901031002,12.188007760951942,32,0.035849992657519,1.9300428880417824,35,0.0325630448765631,1.9129920029860457,37,0.0289678793377855,1.7851947262953944,42,0.0389345732272525,2.906545250560467,47,0.0335748573451085,2.731594523580026,52,0.028888418169011,2.5244369735058263,71,0.034464340503329,5.131022565580255,74,0.0332972984475754,5.118515979424395,74,0.0332972984475754,5.118515979424395,74,0.0332972984475754,5.118515979424395,-0.01
55,sh.600362,29.37001005,1.1428830432497148,0.0168343846986085,1.3027976299895434,26,-0.018737975791472,0.5833360518029537,28,-0.0108046894538992,0.6887560957465092,43,0.0098585076970609,1.3143195401498315,47,0.0052729800726944,1.0974195398990392,54,0.0165102059028891,1.8627869851864267,58,0.0130612889144304,1.6254262019283192,77,0.0120171118366218,1.786915807974733,79,0.012234265574792,1.8583575723027597,80,0.0102183564858763,1.581390818738406,80,0.0102183564858763,1.581390818738406,-0.015
56,sz.000488,63.40837464,4.5493679007486,0.2084922854302127,2.990891337723124,44,0.0038778183226541,1.0310592646968335,47,0.0035178326304788,1.023164651723062,52,0.008269376873734,1.2946339661442858,55,0.0118189246796341,1.598539681075822,62,0.0096279280735196,1.4989588200655857,69,0.0148244440636666,2.125121052714991,78,0.0111259427690223,1.7626331864091258,84,0.0124675153693754,1.9715950495312031,84,0.0124675153693754,1.9715950495312031,84,0.0124675153693754,1.9715950495312031,-0.02
57,sz.300390,278.89451172,7.7990635268456385,0.3860345989296574,17.128872993882194,19,0.0223611476996188,1.095383564978274,20,0.0340792761337088,1.3765945046426231,21,0.0302229146417703,1.31202628209841,24,0.0204712417095046,1.1232919482115946,26,0.0203980093132784,1.1627151178923771,28,0.0176587901304867,1.113916080112772,46,0.0474822897479925,3.177863253984923,52,0.0521848822331757,4.828366065790871,52,0.0521848822331757,4.828366065790871,54,0.0752404894728857,10.505163683710492,-0.2
58,sh.600926,31.62903735,1.417071565860215,0.0826046699292104,1.0510772413264078,22,-0.0120093656294199,0.7536364532936859,24,-0.0096365300767468,0.7772627805833133,27,-0.0086440428465836,0.775302350351197,32,-0.0084329556301137,0.747194462666077,36,-0.0039149903816527,0.8413843268278404,38,-0.0022340672782343,0.8891888361254314,44,0.001799807554977,1.0202992809056104,44,0.001799807554977,1.0202992809056104,44,0.001799807554977,1.0202992809056104,44,0.001799807554977,1.0202992809056104,-0.05
59,sz.300059,1689.27694992,74.77591789604618,0.7148266297534074,70.24814038645711,30,0.1309205355853878,17.60089647346263,31,0.1256466858136189,17.02765626721683,35,0.1155773324212275,19.437083188960983,39,0.1014460514998717,17.643337740751274,43,0.096448173096642,20.978662194970703,43,0.096448173096642,20.978662194970703,55,0.0884455248622092,39.47580265931772,63,0.075680494607441,32.00118942799623,64,0.0809178238357214,45.14950421471643,64,0.0809178238357214,45.14950421471643,-0.002
60,sh.600559,149.60038335,4.822503314044958,0.2173320795545033,9.997947809960388,26,0.0286569633144592,1.616929087348412,27,0.0271029614038918,1.5954221708298724,32,0.031107651855286,1.9824729929869251,35,0.0364515699018322,2.490591538276704,37,0.039387838458083,2.9073160241991003,42,0.0306979764933054,2.443656660325006,64,0.0393165486805389,5.528948850040003,70,0.0402266401757247,7.2635842428356465,70,0.0402266401757247,7.2635842428356465,70,0.0402266401757247,7.2635842428356465,-0.1
61,sh.600309,3455.4742522,12.522461255302249,0.3715486344364231,151.23543681375753,44,0.0368633494535406,4.308768987665997,45,0.0395248788677955,4.983660837568526,49,0.0396446121269366,5.771856284141047,52,0.0372940181240263,5.737185218267002,58,0.0346306219285993,5.980775410031738,61,0.0393802770018827,8.483503028317509,70,0.0295328725528885,5.944791771252745,73,0.0303712785056941,6.850712627792872,74,0.0287431546054835,6.23339566572802,74,0.0287431546054835,6.23339566572802,-0.007
62,sh.601877,54.7984346,3.4938352436151185,0.1692646033690312,1.604652409089545,48,0.0070085288581256,1.2713440112744836,52,0.0052105023547975,1.186438329319512,57,0.0067936096373528,1.288061344865862,59,0.0117671068492302,1.692649679104702,64,0.0099444978441412,1.5914228226885536,71,0.0112161470381118,1.8263334296922809,84,0.0094946224774297,1.7819769180778913,84,0.0094946224774297,1.7819769180778913,85,0.0086675860425863,1.6736265300080089,85,0.0086675860425863,1.6736265300080089,-0.01
63,sh.600315,246.4523269,1.773123290706985,0.0742178553217309,10.756333939668323,34,0.0026954973103293,1.0295335598478936,35,0.0036250921507764,1.0658053827749194,38,-0.0001198962065851,0.9312039968741358,44,0.0068522997142189,1.240074234608546,50,0.0084745374543834,1.368043572951028,56,0.0074846189158186,1.3462130979310114,72,0.0053217607000062,1.152734689236491,76,0.0046887969067686,1.1052102321316994,76,0.0046887969067686,1.1052102321316994,76,0.0046887969067686,1.1052102321316994,-0.015
64,sz.002230,891.61485778,9.606794082090252,0.3268514709401791,39.56029977677046,40,0.0057667575178778,1.0907427426867224,41,0.0091351490390272,1.2476687844532486,47,0.0126977523452079,1.5143612345157926,49,0.0113760117827814,1.454075683579649,55,0.0202511063648846,2.425111851617156,60,0.0218506159500877,2.906896969573544,72,0.0203999628156037,3.162128833688179,77,0.0170110875649668,2.617269133445796,78,0.0212334853956871,3.523781545750809,78,0.0212334853956871,3.523781545750809,-0.02
65,sz.300146,996.57799606,3.575026530274361,0.1726270511372714,42.08490370757405,36,0.0009319309830483,0.9128901368284684,39,-0.0001525199263235,0.8759866990584367,43,0.0047692911984774,1.0554525506270656,49,-0.001573794897435,0.7898496894776874,57,-0.0046775812866237,0.6456760972227593,62,-0.0044064414264512,0.6333048906579908,78,0.0048591538230257,1.1011910405378829,81,0.005986614591484,1.172691415314862,82,0.0049887256844803,1.0837541749692363,82,0.0049887256844803,1.0837541749692363,-0.1
66,sh.600036,238.58009352,5.999445369623593,0.2510189488342644,6.983040377305544,53,0.0095523685233925,1.488709801442187,57,0.0113644120285221,1.6941680157431889,66,0.0127915654214965,1.9859069666137776,71,0.0114295561435129,1.9146176014947656,79,0.0073220708629103,1.4946886969828372,82,0.0068554415924856,1.462201464341831,89,0.0102156793164161,2.015216141966967,89,0.0102156793164161,2.015216141966967,89,0.0102156793164161,2.015216141966967,89,0.0102156793164161,2.015216141966967,-0.007
67,sz.000538,1474.6400401,3.018176743311784,0.1480692463646589,52.50726524005808,43,-0.0072103105332121,0.6906720960379189,46,0.0037630714205362,1.079503207215767,50,0.0069083194588317,1.2670459006668493,56,0.0041609215380815,1.1197541295866404,65,0.0014675787113152,0.964988734122078,73,0.0048071582690922,1.183005341509598,84,0.0040025560340677,1.132907607906174,87,0.00226072797451,0.9813950765926692,87,0.00226072797451,0.9813950765926692,87,0.00226072797451,0.9813950765926692,-0.007
68,sh.601995,62.9,0.968437259430331,-0.0641158615023731,3.2009179164810475,1,-0.0311965811965811,0.9688034188034188,1,-0.0311965811965811,0.9688034188034188,1,-0.0311965811965811,0.9688034188034188,1,-0.0311965811965811,0.9688034188034188,1,-0.0311965811965811,0.9688034188034188,1,-0.0311965811965811,0.9688034188034188,2,0.0988120084050317,1.1904855964448988,3,0.0294101459125102,1.0602541162154926,3,0.0294101459125102,1.0602541162154926,3,0.0294101459125102,1.0602541162154926,-0.05
69,sh.603583,127.3895777,2.6309289074762496,0.4688417391049591,6.19132661554778,13,-0.0010015733626025,0.9508381611938408,13,-0.0010015733626025,0.9508381611938408,13,-0.0010015733626025,0.9508381611938408,16,0.001314281131088,0.97945831964812,17,0.0001922084165954,0.9620622044935022,18,0.0220033818024909,1.339953820850539,26,0.0267729106837038,1.4853710963095703,28,0.0337825374707262,1.850584881020052,28,0.0337825374707262,1.850584881020052,28,0.0337825374707262,1.850584881020052,-0.1
70,sz.000001,2277.9570231,2.6318414804488004,0.128580302071821,74.63894126725206,39,0.0038598365732994,1.0590958537102784,41,0.0058422720772061,1.155377995067204,47,0.0077079323388909,1.3012509985590588,50,0.0169860630750743,1.9769832712969304,55,0.0143690828383209,1.852483979463678,56,0.0135225166695086,1.791280460365529,74,0.0086891937136803,1.4863610536509315,76,0.0100197296661356,1.6515750933548787,76,0.0100197296661356,1.6515750933548787,76,0.0100197296661356,1.6515750933548787,-0.01
71,sz.002475,1341.07668968,19.094338524548128,0.4458161688538566,54.759799024644494,45,0.0006444667618742,0.8888429599751901,46,-0.0005946426053983,0.8387526023833974,49,0.0052689441480413,1.0794702979301576,52,0.0054814413468687,1.1047368122609225,59,-0.0004780986297425,0.7951621305444997,69,0.0076327986307135,1.3451360539923884,78,0.0171197789840611,2.684466547790405,79,0.0188908065741051,3.106010903112957,80,0.0181522484588615,2.9811683896183943,80,0.0181522484588615,2.9811683896183943,-0.1
72,sh.603501,274.4496477,9.338198288533516,1.008300425441348,14.592330352076116,19,0.0125685333918069,1.12393780477043,19,0.0125685333918069,1.12393780477043,21,0.0122147197684693,1.1375633315915956,21,0.0122147197684693,1.1375633315915956,21,0.0122147197684693,1.1375633315915956,21,0.0122147197684693,1.1375633315915956,26,0.0308325020772685,1.659545714606901,30,0.0626688567213512,4.209602767718974,30,0.0626688567213512,4.209602767718974,30,0.0626688567213512,4.209602767718974,-0.1
73,sz.000338,339.1531864,3.768046591565135,0.1803601339925773,10.190764624033688,38,0.0270442264758759,2.4266043097443872,42,0.0295920284164954,2.987617177126725,46,0.0308502382274928,3.5097046459833927,49,0.0272823348022399,3.227665613451028,55,0.0257593479725876,3.432164523576082,62,0.0342586542979854,6.283962098627277,69,0.0293385872682818,5.656944563295594,74,0.0259276757090159,4.862702577527893,74,0.0259276757090159,4.862702577527893,74,0.0259276757090159,4.862702577527893,-0.02
74,sz.002032,417.88988424,9.145931743810854,0.3187227378149391,11.108951613827449,50,-0.0035084198764787,0.7574476692161409,52,-0.0025794566462696,0.7859294981553459,60,-0.0004705384637885,0.8623337064150198,65,-0.0025847563216416,0.7462473643371055,70,0.001634049849078,0.9655107613568789,79,0.0032420397723026,1.0887369125390003,87,0.0040970348954693,1.1636207026552092,87,0.0040970348954693,1.1636207026552092,87,0.0040970348954693,1.1636207026552092,87,0.0040970348954693,1.1636207026552092,-0.05
75,sz.002127,92.77449435,3.931296893352343,0.1866345262627866,4.08781851596742,29,-0.0033823158928615,0.8681227568059444,30,0.0211851130700802,1.5050128161769416,36,0.014547990422535,1.3372831404484806,40,0.0172325242961885,1.5553506624690356,47,0.0158940943471608,1.5869762191815926,56,0.0269715914778037,2.593636817169409,74,0.0329089423132458,5.119273062334171,78,0.0317390012843748,5.192309450933016,78,0.0317390012843748,5.192309450933016,79,0.0317095425935078,5.345024434783988,-0.05
76,sz.300760,464.02773573,4.124690984266667,0.7739637791261667,17.840242939756873,22,0.0041571940895797,1.0593145669035384,23,0.0046752906467915,1.0763413694527673,23,0.0046752906467915,1.0763413694527673,25,0.0172957957384139,1.429706298676923,26,0.0249811222759474,1.7401159604953784,26,0.0249811222759474,1.7401159604953784,26,0.0249811222759474,1.7401159604953784,27,0.0310459216062687,2.068529271099971,27,0.0310459216062687,2.068529271099971,27,0.0310459216062687,2.068529271099971,-0.1
77,sz.300604,210.69284166,5.544548464736842,0.5459044632859162,11.873954142573352,16,0.0144751047894511,1.178072017067351,16,0.0144751047894511,1.178072017067351,16,0.0144751047894511,1.178072017067351,19,0.0185035434702707,1.2738632932830092,22,0.0116538174074812,1.1335941393031497,23,0.00882929906239,1.073162117242738,35,0.0289174064082415,2.1092817864449778,39,0.0312154036869049,2.55450885965306,39,0.0312154036869049,2.55450885965306,39,0.0312154036869049,2.55450885965306,-0.1
78,sz.000651,6824.76698112,7.172126629085962,0.2792516729399483,127.75632226198488,36,0.0228783875083607,2.058869726887194,37,0.0212121403345367,1.9790416693713395,42,0.0221280942271415,2.2340622413720017,48,0.0264113131556316,3.0550483695253194,56,0.0285698847990832,3.9876095848231623,63,0.0210164684914005,3.003772786761292,74,0.0169517540828456,2.662144208702446,76,0.0175978282158756,2.8669465923723263,76,0.0175978282158756,2.8669465923723263,76,0.0175978282158756,2.8669465923723263,-0.015
79,sh.601318,164.0421699,3.784933192440498,0.1810200680770466,3.050532096951074,50,0.0152023398811661,1.8352408673583844,57,0.013869582023994,1.8777975566789105,59,0.0140815529031901,1.954130518551945,61,0.0168894243303459,2.329587663988108,65,0.0143058031564617,2.103662926145459,71,0.0112242397129376,1.8302345191751104,84,0.0105549652674735,1.9254727035920047,85,0.0115691728760739,2.1117864717233927,85,0.0115691728760739,2.1117864717233927,85,0.0115691728760739,2.1117864717233927,-0.01
80,sh.603899,172.8330212,4.99373074833863,0.3021058122371165,5.906653290762843,36,0.0115987700004285,1.3989075330104288,38,0.0132456626914049,1.5135558553459334,42,0.0107429453721744,1.4358436609983387,47,0.0079549083417754,1.3270682506571203,52,0.0064723891387097,1.270701902317108,57,0.0038981408791316,1.130127337178873,60,0.006050335442845,1.2869352231211793,65,0.0100034153595679,1.6242811680027038,65,0.0100034153595679,1.6242811680027038,65,0.0100034153595679,1.6242811680027038,-0.004
81,sz.002607,181.382872,9.75787297033054,0.3294420001157385,11.754565958228904,27,0.023167370594801,1.599933233281536,29,0.0175236504783864,1.417472006000027,32,0.0123370008818208,1.2624724182652098,36,0.01324364658817,1.3496064786634598,42,0.0104482136635987,1.241726375186806,47,0.0138860321859267,1.479225838885002,63,0.0584739062900613,10.26985382294063,70,0.0497158572191756,8.178654734902134,71,0.0533980930164524,10.723480767875598,71,0.0533980930164524,10.723480767875598,-0.05
82,sh.601888,626.24729444,22.652795878600408,0.4770330951896406,25.71972556344561,51,0.0156703293433259,1.6260246013086446,53,0.0193902397437524,2.018370893003284,58,0.0201238754810292,2.283600434269727,63,0.0180796248165899,2.215258964811444,67,0.0172846480629412,2.236460898573285,74,0.0137406937724339,1.928619973053562,85,0.0157872931170683,2.381225028243838,85,0.0157872931170683,2.381225028243838,85,0.0157872931170683,2.381225028243838,85,0.0157872931170683,2.381225028243838,-0.007
83,sh.600460,560.07209355,18.34526431237015,0.4386014598136583,29.61222470161258,33,0.0117217455082998,1.212667298204183,34,0.0112238020129576,1.2063513226927025,37,0.0136571380168191,1.337665286821056,41,0.0180046630216495,1.6242718464652697,47,0.0265911025274159,2.4211028867408366,52,0.0292780057292379,3.0899443651863683,66,0.0461960388134333,10.63012410826238,70,0.0437980245020714,10.123914450989302,72,0.0412222553878871,9.154247782472533,72,0.0412222553878871,9.154247782472533,-0.05
84,sh.600415,205.74127208,1.931392755320631,0.0857599669704851,9.314965270111571,25,0.0563837265922302,2.9660506719566686,30,0.0474578737712896,2.9975276159176687,34,0.0394519696558559,2.757823445302803,38,0.0322356235702609,2.449967874854964,52,0.0311231539138355,3.2452179897771014,60,0.022652271600764,2.468533317869997,78,0.0119765226553827,1.582860764036985,80,0.0073369900331655,1.0799790357849233,83,0.0112144368072172,1.4348029586765954,83,0.0112144368072172,1.4348029586765954,-0.002
85,sh.603882,144.55643358,4.123115618368511,0.493434428157723,6.208466988392483,20,-0.0002475425380256,0.9380665253991116,21,-0.0052916042984135,0.838469338751798,21,-0.0052916042984135,0.838469338751798,22,0.002098637327957,0.9703552930077098,24,0.0105858362396279,1.1688306012782106,24,0.0105858362396279,1.1688306012782106,31,0.0053120703141402,1.0473391961279968,35,0.0251747488010279,1.8463204368177883,35,0.0251747488010279,1.8463204368177883,35,0.0251747488010279,1.8463204368177883,-0.1
86,sz.300750,451.53945,5.937402366863905,0.8858073426393067,20.867438218333927,14,0.0715373575963304,2.3579667600742376,15,0.0632963389513802,2.2351687508807614,20,0.0553371389306782,2.573140772831352,22,0.043788892787068,2.214891766134426,24,0.052300372139746,2.83128305363453,24,0.052300372139746,2.83128305363453,29,0.0471109420237049,3.091822076629609,29,0.0471109420237049,3.091822076629609,29,0.0471109420237049,3.091822076629609,29,0.0471109420237049,3.091822076629609,-0.002
87,sz.002493,245.36331652,9.812845338118972,0.3303759008554756,11.377035805378402,38,0.0366754880158564,3.0343865170290063,41,0.0392162008367322,3.639277514437223,49,0.0310848612068641,3.325481207170036,55,0.0243327048050339,2.755749351855364,60,0.026332973789798,3.448559349303738,64,0.0268819557043418,3.956207897992999,75,0.0241842548750671,4.211102615928947,78,0.0241592136651848,4.462459680289967,79,0.035345750642304,8.513907344753278,80,0.0343623596726241,8.1450378227909,-0.004
88,sz.002407,177.6020396,5.583743392718118,0.2398401081930929,12.897022641060705,27,0.0090574164396716,1.09190940777545,28,0.0074473996112889,1.0525754953916082,30,0.0059951972893665,1.012626525233594,32,0.0199792754995262,1.4389394180425688,36,0.0138118613581696,1.2303950933688588,39,0.0117598609095473,1.1830923949836922,65,0.0222826737730153,2.0731626496519238,72,0.0323760165216789,4.245894999769144,72,0.0323760165216789,4.245894999769144,73,0.0300234342305069,3.654176497206801,-0.1
89,sh.600763,930.90335868,32.84701411445712,0.5472553289632467,42.86617690258526,50,0.0119328621761129,1.5518153780616395,51,0.0125763019543046,1.6212564639662026,53,0.0199888256443558,2.323829593981667,54,0.0186719756095865,2.205032924154801,60,0.0245096002133495,3.228489819275521,66,0.0221355659746947,3.0502134750913314,75,0.0240086117605292,4.061628319080387,78,0.0281373142176429,5.326441304120315,78,0.0281373142176429,5.326441304120315,78,0.0281373142176429,5.326441304120315,-0.1
90,sz.002460,1150.095024,39.42755914180029,0.5829783912479649,65.18122379642823,29,0.0469613866649911,3.14513865846529,30,0.0528556253180083,3.848984666615232,30,0.0528556253180083,3.848984666615232,33,0.0602790391122763,5.243445961825354,35,0.0537695990146122,4.6942992068260505,40,0.0469024980554354,4.576454084976953,57,0.051957022046698,10.57669925488431,68,0.0639840606649718,25.66702936214728,69,0.0630027283974095,25.571346121281877,69,0.0630027283974095,25.571346121281877,-0.1
91,sz.000830,90.2790872,5.01069975040713,0.2231713424449604,4.04454545210938,36,0.0483225217546192,4.471571918298908,37,0.0467357073723428,4.42511402823866,39,0.0427193363665887,4.134019456747776,43,0.0418600241040551,4.693332364634167,46,0.0484494815678226,6.588239309023004,50,0.0425253384836192,5.864066569586679,64,0.0378611052676836,7.062003713199399,71,0.0354830262557945,7.523902329139918,71,0.0354830262557945,7.523902329139918,71,0.0354830262557945,7.523902329139918,-0.015
92,sz.000333,348.9061788,7.668267665934066,0.3291104431108982,9.88301628964644,42,0.0201083153035384,2.087161774745941,43,0.0212358917920233,2.2303287672313483,46,0.0203730658906346,2.277270777333722,52,0.0184828883416666,2.32643902187578,56,0.0196979115100388,2.557470043186126,59,0.0206498070909384,2.8021844843696493,70,0.0135920124495389,2.0443228103126017,71,0.0135279485877267,2.0628105992058643,71,0.0135279485877267,2.0628105992058643,71,0.0135279485877267,2.0628105992058643,-0.004
93,sz.300015,2425.969644,36.097802306588,0.565615438605281,96.49807038888044,62,0.0095332124329505,1.483615960890815,63,0.0090970577106273,1.4569931622451398,66,0.0111575280673648,1.6827913630588078,69,0.008602593592526,1.450268497066496,73,0.0044412496755962,1.097025258764735,76,0.0053461276124873,1.1846995033839869,84,0.0115680385684327,1.9462725938074292,87,0.0165825250958087,2.8560577432027525,87,0.0165825250958087,2.8560577432027525,87,0.0165825250958087,2.8560577432027525,-0.1
94,sz.000100,19.5273792,4.3583194182435285,0.2020288242483288,0.7215126863350437,54,0.01086003427975,1.5993100721308946,57,0.0111110083512544,1.6725003127499682,63,0.0085827871519609,1.510188973161863,64,0.0078413489472345,1.4514890484099885,72,0.0143334184461373,2.334282867103062,75,0.0128230582406358,2.1740408162685183,88,0.0098106674354944,1.9474538528752448,93,0.0067764916932098,1.504602550784377,93,0.0067764916932098,1.504602550784377,93,0.0067764916932098,1.504602550784377,-0.015
95,sz.002714,1053.5040144,30.06575383561644,0.6302143095852586,53.24935389680869,35,0.0198872614695119,1.569998440170692,39,0.0258346847494672,2.033638961747022,42,0.0509893439323576,5.294010254500375,43,0.0555532392387043,6.602884631895928,47,0.0505921540472754,6.455671090821978,51,0.0482390118551017,6.955277022174164,63,0.0422399387307663,8.037293316969492,65,0.0407962540413001,7.930729449343208,65,0.0407962540413001,7.930729449343208,65,0.0407962540413001,7.930729449343208,-0.01
96,sh.600346,173.88293039,10.860228044019546,0.3473482669736765,9.023069953429138,32,0.0618459381218235,4.987886584807737,37,0.0555424645517782,5.131066622140255,46,0.0403911483671893,4.173930689062663,48,0.040956478921909,4.614673780970996,56,0.0349286682850642,4.519502983111283,59,0.0323682547958371,4.306565590694403,70,0.0343623365210669,6.639259644307806,77,0.0302651231881042,6.003415315381631,77,0.0302651231881042,6.003415315381631,77,0.0302651231881042,6.003415315381631,-0.002
97,sh.603486,272.85341175,3.906276474588404,0.6135482050444692,13.394727329889966,15,0.063693591835567,2.182257362213102,15,0.063693591835567,2.182257362213102,15,0.063693591835567,2.182257362213102,15,0.063693591835567,2.182257362213102,16,0.0696205656660762,2.528200088358432,16,0.0696205656660762,2.528200088358432,18,0.0547523559799135,2.202268626631375,26,0.0585941826906563,3.26425922804856,26,0.0585941826906563,3.26425922804856,26,0.0585941826906563,3.26425922804856,-0.015
98,sh.601233,65.48734151,4.427447853191849,0.2043956599022482,2.980439495794137,46,0.0145846236379515,1.6645166965465108,50,0.015822296234344,1.8645743354610087,52,0.0155103785015478,1.8921007084191084,53,0.0142584718781595,1.795905035893396,56,0.0135173880495475,1.7948724103563578,60,0.0109448603543237,1.6177201707991726,77,0.0118041297339074,1.8829705279451865,83,0.011140485835729,1.8077537423700736,85,0.0106526747196112,1.755543809214401,85,0.0106526747196112,1.755543809214401,-0.004
