stock_id,price,stock_pct,asset_pct_annual_return,asset_wave,macd_nums_-0.002,macd_odds_-0.002,macd_strategy_pct_-0.002,macd_nums_-0.004,macd_odds_-0.004,macd_strategy_pct_-0.004,macd_nums_-0.007,macd_odds_-0.007,macd_strategy_pct_-0.007,macd_nums_-0.01,macd_odds_-0.01,macd_strategy_pct_-0.01,macd_nums_-0.015,macd_odds_-0.015,macd_strategy_pct_-0.015,macd_nums_-0.02,macd_odds_-0.02,macd_strategy_pct_-0.02,macd_nums_-0.05,macd_odds_-0.05,macd_strategy_pct_-0.05,macd_nums_-0.1,macd_odds_-0.1,macd_strategy_pct_-0.1,macd_nums_-0.15,macd_odds_-0.15,macd_strategy_pct_-0.15,macd_nums_-0.2,macd_odds_-0.2,macd_strategy_pct_-0.2
sz.300223,263.00733059,9.536161370195794,0.3256280923048631,17.527198007490878,28,0.05067155755254486,2.533158078050405,28,0.05067155755254486,2.533158078050405,31,0.06048670501851997,3.848287962121007,35,0.047284107913940235,3.0654086557230937,40,0.06236399875677776,6.123604346793126,42,0.056701045818337695,5.450514519329849,55,0.050747682950626184,7.2121620723658735,65,0.0432886284480555,6.866559304365124,69,0.05051419156568425,9.658375656468076,70,0.04717749168839534,7.890363633849942
sh.603288,801.175578,12.067714685946678,0.42413996402638143,23.051977663713565,50,0.011694276742719327,1.6457075609372955,53,0.015837534422336357,2.088124403815382,56,0.014481219824379998,2.026315869158325,62,0.013442598826696961,2.0477297978682323,66,0.016965095791896298,2.637702503576131,68,0.016767421947738316,2.692021446429806,78,0.01392308546286937,2.5124060490133036,80,0.013293297384334598,2.440218980466327,80,0.013293297384334598,2.440218980466327,80,0.013293297384334598,2.440218980466327
sh.600031,966.61317977,2.9851337574756114,0.1464905369983991,37.14126229868638,36,0.033208409047041115,2.607844408351048,41,0.034107250955719044,3.1549391625094056,43,0.033399428638145004,3.2540207135433943,46,0.03404460007627715,3.677951817728532,47,0.031872859417540325,3.427751013801421,57,0.028282524881679955,3.7147208894926225,69,0.02236587785277455,3.2653009556905537,73,0.023201005884270938,3.6999184699526753,74,0.022211803102051057,3.5149225464550398,74,0.022211803102051057,3.5149225464550398
sz.002508,293.68945179,6.80375400080664,0.2708478991798664,10.555020125153723,48,-0.007576267603613396,0.6440389257491251,52,-0.007050003508503189,0.6344831934922565,56,-0.005721471304702872,0.656300301673793,60,0.001009588429562149,0.9367751424428804,61,0.0042810000638793385,1.124660102871126,68,0.0019168636037249465,0.9768637358746423,79,0.009896756411798682,1.7398458134556056,83,0.006242803309016049,1.324065076658579,83,0.006242803309016049,1.324065076658579,83,0.006242803309016049,1.324065076658579
sz.300033,961.0282384,29.609923961290576,0.5273186731413673,34.35518337351145,29,0.05696378489701703,3.1481790853927754,31,0.057792756153752914,3.562497485165005,36,0.06277728377257558,5.439133058806677,46,0.06742860771628396,8.587108775745088,46,0.06742860771628396,8.587108775745088,50,0.06064366744574938,7.9209779795318,68,0.04575556865454871,7.9589215036542775,75,0.03905542338877087,5.587646567392579,75,0.03905542338877087,5.587646567392579,75,0.03905542338877087,5.587646567392579
sz.002677,74.49029858,9.52561362915601,0.3254447224957919,2.5050313099978405,42,0.026742314163820707,2.251561190706595,46,0.027207025433291777,2.448648146198542,53,0.022890724383282043,2.268178884877558,56,0.022653162018981574,2.3852405303127817,61,0.023722026083418623,2.811339534481229,63,0.023297505028058135,2.8617122040382337,77,0.017924611443858714,2.495311906740612,80,0.015221176735715755,2.0974072560846913,80,0.015221176735715755,2.0974072560846913,80,0.015221176735715755,2.0974072560846913
sz.002048,113.1094548,2.9539307469652902,0.14498563663301,3.452149529689617,38,-0.005844590538002789,0.7255120143615292,39,-0.0045414073255452304,0.7581452217317205,42,-0.0005899002411438936,0.861604746587682,47,0.0022499694189741398,0.9700390074978412,51,0.00436348490778044,1.0667782995025332,59,0.012233877946384222,1.5531021731759396,74,0.014057801406067704,1.8939520405383796,78,0.008130130889570692,1.2224816519155055,80,0.007595821747263853,1.1504691012063792,80,0.007595821747263853,1.1504691012063792
sh.601155,65.17812876,4.813746584933531,0.35158753015640243,1.9355346125708475,22,0.02005444151135599,1.3549599114760877,24,0.03310874546169228,1.8716951706186258,26,0.028291494057029246,1.7628206206851402,28,0.023156163114973177,1.6117299276568988,29,0.024504070992555596,1.712052849273704,34,0.037972599684274785,2.623144682546568,41,0.03332653078847789,2.7063163378630577,43,0.0319790953085616,2.7265105168722195,44,0.03951931968325816,3.718275903067276,45,0.0346678106553538,3.05345342711249
sz.300413,117.58076074,3.189928397721107,0.2571997576935776,5.340531863361143,22,0.04594536177872699,2.0832130255891084,22,0.04594536177872699,2.0832130255891084,22,0.04594536177872699,2.0832130255891084,24,0.04930064100071516,2.4274804183916805,29,0.03317623290748604,1.9315247339704495,33,0.03993271395555979,2.6546779584266216,40,0.03526176569593177,2.836260721878996,42,0.03840358595210808,3.430956513468752,44,0.052820017847850814,5.199006293254575,44,0.052820017847850814,5.199006293254575
sz.300450,1203.24191351,10.387998907968575,0.5674244459125795,63.582803297217644,17,0.03164544939963804,1.5631809107328978,17,0.03164544939963804,1.5631809107328978,18,0.026338794124672677,1.4633337530839898,19,0.021480103309640074,1.3667883604988622,23,0.03805691057539307,2.044598472189564,26,0.05034130702916657,2.8905750875255207,34,0.0517924994709435,4.205404936724641,41,0.06108038741933023,7.640604656791511,41,0.06108038741933023,7.640604656791511,41,0.06108038741933023,7.640604656791511
sh.600887,2650.0804608,5.104713893847329,0.22601681250364125,81.55434619290075,41,0.0106111788202713,1.38991541493638,43,0.009023974151207943,1.3245863414229433,47,0.0048224888251678,1.1231547287039154,54,0.0064931689352041915,1.2471136498715878,63,0.00990346896089316,1.5469083894034896,68,0.005023638994243425,1.1458990342689535,83,0.0042310035921104385,1.0961830699560144,83,0.0042310035921104385,1.0961830699560144,83,0.0042310035921104385,1.0961830699560144,83,0.0042310035921104385,1.0961830699560144
sz.002557,153.07144286,4.691302936088489,0.21314212882106465,5.856687650563886,39,0.0006142373323336553,0.9050126450934475,44,-0.0025474060956632598,0.7865707776298254,47,0.0045369903936301244,1.067819938052613,51,0.005040640267824522,1.1108842435725983,54,0.009112115766421939,1.3339650211913012,59,0.011562923267432561,1.5868230644847952,70,0.013729249399887483,2.0153297728341215,72,0.013503705617601862,2.0379770051028143,73,0.01654427288693704,2.517849497583418,73,0.01654427288693704,2.517849497583418
sz.000568,5865.2386272,9.799147047273111,0.3301436158378539,288.83421662089273,41,0.026196751712928228,2.485549424624184,44,0.0222945547008164,2.2606550307993896,45,0.024244422597211813,2.509414368165345,46,0.02122202227514419,2.221368750029634,53,0.026454207839366355,3.241878963256534,58,0.025113648430508548,3.3545205711370962,72,0.021844784445058236,3.568860318775688,76,0.019238602066442585,3.136256916115961,76,0.019238602066442585,3.136256916115961,76,0.019238602066442585,3.136256916115961
sh.601788,20.77623786,1.3862026367233884,0.04166564276889484,0.9069571302623832,24,0.10254504175659208,3.731311425061453,27,0.08805232043238116,3.4272581096933536,30,0.07535462274033616,3.04238403488954,34,0.07238674249846627,3.6131223855108114,40,0.06723365034693297,4.384295788148865,47,0.05818581451042913,4.569892878602572,66,0.03519944613693757,2.8884422552202245,70,0.039349933304932375,4.1453249815120135,71,0.03621685549008408,3.3863218158830546,71,0.03621685549008408,3.3863218158830546
sh.600988,68.46052206,4.067627332265835,0.19170193524819945,3.1146627260071607,31,0.04697663085592561,3.3550306353851482,33,0.055474672037278766,4.728622314515773,37,0.048345383231802305,4.525360934496424,40,0.04376433496180046,4.3431196091508,45,0.03365814789075939,3.406076548042215,58,0.02725337743768259,3.5251271306082823,77,0.019393237872882874,2.848117637295389,84,0.02336212258079831,3.8740153062609988,85,0.02139653790513834,3.317270591588759,85,0.02139653790513834,3.317270591588759
sz.000157,508.2676344,1.3952742342726432,0.042515322534533384,17.632791127579026,38,0.014441038750172702,1.5374831045294992,41,0.013904267526943109,1.5679963798037666,41,0.013904267526943109,1.5679963798037666,48,0.01042999349924049,1.460997462365641,55,0.012657239018724875,1.7175729574872274,56,0.013602177080744132,1.8302006924044223,69,0.011283447768386159,1.783404364026158,74,0.01178379470729221,1.9070399940201797,74,0.01178379470729221,1.9070399940201797,74,0.01178379470729221,1.9070399940201797
sh.600745,208.81284208,9.549714854865284,0.32586345585047605,8.25822508435247,32,0.08346580719720258,6.211397712092401,36,0.06468034432335744,4.341033120017366,37,0.06267937530500967,4.300420544050466,38,0.059654620519807765,4.075674947778483,43,0.05378122650872146,4.153522201110432,47,0.04678749500783002,3.680821685045839,62,0.04012484167424278,4.554182701506771,69,0.03950032717850411,5.198696260134747,73,0.04591672275131214,9.096513592080635,73,0.04591672275131214,9.096513592080635
sz.002352,236.75686695,10.548596837787155,0.3424537635375742,8.751465454645878,31,0.021628737918461698,1.6710680022199602,34,0.025175387627793505,1.9554441658384687,40,0.04793022701669923,4.7224677842438085,47,0.04331585957122387,5.185743070293887,51,0.04128482425936892,5.517883378556479,57,0.03165205287586683,4.048005087514628,77,0.06315168406704098,14.112354004111054,80,0.05963589051118956,12.818901340695977,81,0.06513441704381656,19.292658537939985,81,0.06513441704381656,19.292658537939985
sh.600223,22.7890899,3.654631829297072,0.17585955894445204,1.4725966980965526,24,0.06436012686386211,3.195203053439017,26,0.058729333454751384,3.1388708140561548,28,0.05192628509299429,2.9137711600771468,34,0.054609256514886115,4.0837477252681165,39,0.05464902652658908,5.104020408479586,44,0.04410303022298601,4.177999428208031,56,0.05611370207614665,10.375099220858592,60,0.0594059170796108,15.321884747244304,64,0.05932541394243986,17.62190731437231,64,0.05932541394243986,17.62190731437231
sh.600703,546.4446916,6.083567253043473,0.2531982772285548,25.281772302975746,51,1.8760077125127655e-05,0.8870037673861987,53,-0.0016745783326281031,0.8092129508646873,54,-0.0022058966875091435,0.784640576925387,58,-0.0038255650990636617,0.702220607565607,64,-0.005196600639582034,0.618109425337915,67,-0.004735894919174153,0.6251252594086708,80,0.00333668925032726,0.9933783617399333,86,0.008352995490021256,1.430108488022776,86,0.008352995490021256,1.430108488022776,86,0.008352995490021256,1.430108488022776
sz.300866,169.75369515,1.1523569014323536,0.2396915677294975,7.160236773175915,1,0.17647445591426125,1.1764744559142613,1,0.17647445591426125,1.1764744559142613,1,0.17647445591426125,1.1764744559142613,2,0.0876433645457152,1.1750771256465966,3,0.053290577003815974,1.156963314010923,3,0.053290577003815974,1.156963314010923,3,0.053290577003815974,1.156963314010923,4,0.06199219244372689,1.258888355933244,4,0.06199219244372689,1.258888355933244,4,0.06199219244372689,1.258888355933244
sh.600030,101.6300766,2.1919320863575744,0.10307079611179759,2.600006781304618,23,-0.00628348489201081,0.8392273774860992,29,0.04865129394024779,2.5161389348500847,40,0.05009125876364788,4.106179183909558,47,0.04722051688985652,5.030812040812928,55,0.03839427951535266,4.487518100418844,57,0.0360757351099681,4.231582407162788,65,0.035008785479566866,5.163880789121745,69,0.031762991222941794,4.425912641433227,70,0.035509307091768576,5.727153539201536,70,0.035509307091768576,5.727153539201536
sh.600298,334.05545828,8.696336494843116,0.3104397010524522,11.418752118539603,47,0.012643397924052393,1.460605621620155,49,0.010774381092518099,1.3653423567980798,54,0.015296596565565609,1.800306252297722,58,0.01691036899635912,2.0672165678638206,61,0.01930658920993284,2.488403018704178,65,0.019041235886025718,2.6308829404292453,72,0.019114260205628796,2.977630661659312,76,0.018675970255942233,3.100693326629302,76,0.018675970255942233,3.100693326629302,76,0.018675970255942233,3.100693326629302
sh.603877,55.24556254,1.3415629562894609,0.07289742634929675,3.256071901152993,17,0.03105327255220911,1.4686223390404434,18,0.025393503260659478,1.3646107237340008,20,0.021242519959467653,1.3199447699630849,22,0.012513436404736551,1.129577886573883,25,0.006897536101783199,1.0165071000121444,29,0.02838339084475774,1.8430718245723139,36,0.02163596324484833,1.7428149150843202,42,0.006174934233697772,1.0000981376432518,42,0.006174934233697772,1.0000981376432518,42,0.006174934233697772,1.0000981376432518
sz.002351,99.0687429,5.835943839451385,0.2467055360678596,3.606204745817333,32,0.04385768409565941,2.978977944677334,35,0.03834599764835222,2.7788491131764745,35,0.03834599764835222,2.7788491131764745,39,0.03026093075649333,2.3517299550778388,45,0.026172617653974543,2.3074387052808154,51,0.022913907880680488,2.1452071467029494,70,0.022211794689513457,2.7695471745917284,76,0.035843144724504804,6.763593533235772,78,0.03297531279725308,5.7705993378851215,79,0.029823163524555833,4.523893206110103
sz.002959,87.95930832,1.1034915107263832,0.06235797473092353,3.219811705654444,5,0.05232403682099542,1.257457993167771,5,0.05232403682099542,1.257457993167771,6,0.02500657618993914,1.1171499161617306,6,0.02500657618993914,1.1171499161617306,7,0.0036198881902116398,0.9778410537147044,8,-0.0033055552558893114,0.9272048656627346,13,-0.0007789000209393198,0.9189475733660615,15,0.0006216708717541097,0.9299006538005605,15,0.0006216708717541097,0.9299006538005605,15,0.0006216708717541097,0.9299006538005605
sh.603605,181.4584704,6.298454370010414,0.7292877226870127,6.783200951127221,20,0.0139338009401769,1.1913427982816087,21,0.03187958888180081,1.6569140213829725,24,0.026427800238762983,1.5984261640746524,25,0.022157515109497292,1.4700256644682994,25,0.022157515109497292,1.4700256644682994,25,0.022157515109497292,1.4700256644682994,29,0.03885892047835006,2.376303385005915,30,0.04322408781480717,2.7798328268085024,30,0.04322408781480717,2.7798328268085024,30,0.04322408781480717,2.7798328268085024
sh.600398,48.21907596,2.632749819726618,0.12862898372049192,1.6223863588565153,34,0.0032794823737510533,1.0474732391095742,35,0.0015531298161336757,0.9876176254461703,45,0.004826970125081057,1.151275311305272,53,0.0033815054790183917,1.1062456461240782,56,0.0008093172900426882,0.9643173223572998,64,0.000563865576622382,0.942820330435674,81,0.006681189113363049,1.1831105333324077,82,0.008184116805182032,1.3368217443559096,82,0.008184116805182032,1.3368217443559096,82,0.008184116805182032,1.3368217443559096
sz.000703,87.71639474,2.345055317466159,0.11242089164334934,3.3965746229429605,34,0.016585218126864306,1.5829326008072027,35,0.019888178786145804,1.7921786270083264,40,0.018589797274479517,1.824600216204627,42,0.017611958292465896,1.8143920277494254,44,0.019555195198246462,2.034887396124925,50,0.01716327441745412,1.9873716346349335,67,0.017612356764525633,2.550727857804949,71,0.012589118255539237,1.8895260638821096,74,0.013876629207683585,1.9884798340402214,74,0.013876629207683585,1.9884798340402214
sz.002027,90.1537651,8.49269162153112,0.3065639443838697,3.4968254388746938,39,0.03062922117110184,2.249618829740476,41,0.0316018221785527,2.482121334490192,43,0.03253157474020234,2.7316200340887513,44,0.030938881367309476,2.6290560778651435,48,0.02869071245628337,2.66248192278561,52,0.03108139281160647,3.2735936050620387,70,0.03404836951570897,5.817124040827545,76,0.038150222801038726,8.505729102744862,77,0.03678010354319637,7.932877093183968,77,0.03678010354319637,7.932877093183968
sz.002511,231.1836947,7.500043097469593,0.286420552223549,11.77734118307627,49,0.012903880839001994,1.702266240664284,49,0.012903880839001994,1.702266240664284,55,0.00892314834636904,1.4732743303777676,63,0.00943395054972247,1.5954762321383182,72,0.008540034695646256,1.6083008646144532,75,0.007482992378837892,1.5225880169026682,85,0.0052702095108390365,1.3303290105111891,88,0.007214737948547848,1.509825671361883,89,0.010912517696877332,2.0176059163339737,89,0.010912517696877332,2.0176059163339737
sh.601899,19.36923017,3.062836420471251,0.15017910954417735,0.8691698938528346,27,0.016462775426153403,1.38274550302568,30,0.026624871368558248,1.862323106515946,39,0.031367862529887124,2.625924070648067,41,0.030425278281747726,2.6863689544499936,44,0.02502479187831499,2.311650216295775,55,0.02606301043289048,3.11782055342625,67,0.03108270293478536,5.284939596868211,69,0.0271676965098179,4.227951677494568,69,0.0271676965098179,4.227951677494568,69,0.0271676965098179,4.227951677494568
sz.002142,82.43580708,6.54976182705813,0.26481843955872786,2.372743690836856,53,0.007226541925537018,1.371732320938857,56,0.005994242672220213,1.3058097202780452,61,0.006833457515145089,1.4114688471212724,64,0.00953595843404279,1.6938764695078823,72,0.0070114624233543876,1.4791992498806168,77,0.004849714857072767,1.2917850040534764,81,0.0036077885317410243,1.183038412260399,84,0.008552972231972458,1.7586702976583537,84,0.008552972231972458,1.7586702976583537,84,0.008552972231972458,1.7586702976583537
sh.600584,129.91054125,6.3577586477962384,0.2601231920740332,5.234288579815238,29,0.055243158737460225,3.346255305692195,29,0.055243158737460225,3.346255305692195,32,0.04729872330317547,3.046043832465574,35,0.03540781305821883,2.278510259131988,42,0.02944196832061475,2.2132219873981156,46,0.029910658257704732,2.5001169385676114,65,0.03159643314357641,4.252374782253439,72,0.037385332498291166,6.531812845225745,73,0.03726872848374773,6.7204074414611386,73,0.03726872848374773,6.7204074414611386
sh.600196,796.7789346,5.55872872880223,0.23914444717439332,45.61466084137354,42,0.020477943531374818,1.8043377986228664,44,0.023673741270423723,2.1455771871766838,47,0.02176402093175467,2.0988706538433117,48,0.02163385182487221,2.131436528999919,51,0.023087340900184584,2.4364427945277587,59,0.030123774715110928,3.48189417256107,69,0.02485712335558439,3.2135666808287597,78,0.02900932432569059,4.596438723439371,78,0.02900932432569059,4.596438723439371,78,0.02900932432569059,4.596438723439371
sh.603259,333.03788,3.580282519888196,0.5514681744992871,13.830388406293523,13,0.027311599399399148,1.3487120658250216,14,0.043650550981780174,1.6940591254612045,15,0.05292689417797691,2.003725847319704,16,0.049654928305088476,2.004878871745599,17,0.042368107269987236,1.856074698279593,17,0.042368107269987236,1.856074698279593,24,0.06270908888748683,3.7394154746722386,24,0.06270908888748683,3.7394154746722386,24,0.06270908888748683,3.7394154746722386,24,0.06270908888748683,3.7394154746722386
sz.300347,2300.60769246,40.206356037399516,0.5957781320874143,105.30303595351496,40,0.02300469703082984,1.9568049944438173,41,0.026800205740721127,2.3063305868881923,44,0.027534449155426653,2.5624204763230334,51,0.02406027388460787,2.5436414104320013,55,0.02884120654487877,3.4535556389526203,59,0.034653089533693,5.121658285805726,70,0.03352061898454885,5.701571573813365,74,0.03450876684772604,6.95319118260431,76,0.03608679360115253,8.066068971657119,76,0.03608679360115253,8.066068971657119
sh.600570,1493.6798536,11.22858915870334,0.3529777324904291,53.342975795539026,36,0.060722599173316315,5.078859020254075,37,0.0581433615403678,4.902575921052011,38,0.05650368103516153,4.882159155113222,39,0.0546103022186243,4.7975118265697,44,0.06039732782568364,7.61594415914578,52,0.05671908667166663,9.991009478702129,66,0.04418155135608185,9.111986438920805,68,0.04850173712437534,12.130950788628006,71,0.038703012767090456,6.518542034318477,72,0.041611501051090405,8.135884675657028
sz.002044,66.6312404,3.4298327440434786,0.16656547128298227,3.4148480073615373,34,0.12648333293877267,6.148145368760918,35,0.1268869906751446,7.012644411879267,37,0.12883491067900163,9.251943006225419,41,0.11325543840377454,8.101923966607421,49,0.09223124405813525,7.128030934396263,55,0.07679991778134711,5.264057557709057,69,0.07322236154518358,10.570262865103805,78,0.05601494894601878,4.870651682186925,80,0.05664873893069653,5.654602617037626,80,0.05664873893069653,5.654602617037626
sh.603983,51.79480424,1.0234104769808339,0.013608501676164897,2.3459574837684403,7,0.007295812053088269,1.031174374073371,7,0.007295812053088269,1.031174374073371,7,0.007295812053088269,1.031174374073371,7,0.007295812053088269,1.031174374073371,10,-0.006368959080343517,0.916914000994321,12,0.006967271647837679,1.037163813413,19,-0.0118980698928374,0.7537040547643167,19,-0.0118980698928374,0.7537040547643167,19,-0.0118980698928374,0.7537040547643167,19,-0.0118980698928374,0.7537040547643167
sh.605009,111.110112,0.6145470796460176,-0.5533927588462642,4.2289344225304,3,-0.030791128738179057,0.909351218585414,3,-0.030791128738179057,0.909351218585414,3,-0.030791128738179057,0.909351218585414,3,-0.030791128738179057,0.909351218585414,3,-0.030791128738179057,0.909351218585414,3,-0.030791128738179057,0.909351218585414,3,-0.030791128738179057,0.909351218585414,6,-0.05873942634083016,0.6909033270341151,6,-0.05873942634083016,0.6909033270341151,6,-0.05873942634083016,0.6909033270341151
sz.002555,298.36659944,13.87200092611365,0.3892083615673989,11.402127269965819,23,0.12246956692157018,6.065459745315292,27,0.107794874283322,6.588587018010618,42,0.06435409979387399,5.145950430815388,48,0.08251565451117976,11.540077382686697,54,0.0711481789250258,10.210846418878372,57,0.06924357147986256,10.988026900073617,68,0.054514886367342905,8.416650015916424,78,0.05144150077702319,9.61872062697313,79,0.05497481136756227,12.798410320818505,79,0.05497481136756227,12.798410320818505
sz.002236,943.86911096,1.840496610529108,0.07923712848315922,29.68499687492128,33,-0.0026884078204494075,0.8494468193441033,35,-0.001451153326160916,0.8748587371668256,37,-0.0023542344306135706,0.8423018109850468,41,-0.0029503094486378174,0.8091910103067641,49,-0.0019169710553037466,0.8205253077159056,52,0.0014477204434759062,0.9575017100725051,68,0.005127250246006658,1.119234882472742,75,0.0050711984688232665,1.1265844102616787,75,0.0050711984688232665,1.1265844102616787,75,0.0050711984688232665,1.1265844102616787
sh.600183,201.15152519,8.720948218045924,0.31090271665259817,6.257623557459499,43,0.016519031685624706,1.608966464518282,45,0.021706203496135907,2.045772344117633,48,0.021713263292563064,2.176827681844302,51,0.019730219305504688,2.064401844749114,56,0.01960909023824727,2.242403913672676,68,0.016833855085972346,2.2804625436645725,82,0.015790828429412804,2.444941072660188,84,0.01581653401232123,2.5246428195140225,85,0.014453986553352746,2.2721785375626182,85,0.014453986553352746,2.2721785375626182
sz.000063,433.5940808,5.446210305945669,0.23598101793761295,12.77488188347723,39,0.027477811838765947,2.383206604081932,40,0.02441118739841177,2.156355921982153,40,0.02441118739841177,2.156355921982153,41,0.022643333041384123,2.052698078800215,45,0.025233674083494466,2.478496987784996,53,0.019980896592456315,2.2766280102118226,66,0.017767943300313747,2.469177032835861,70,0.015787107762491877,2.2629772596074185,70,0.015787107762491877,2.2629772596074185,70,0.015787107762491877,2.2629772596074185
sz.002049,464.62803398,15.246377521435766,0.405710321462849,20.556594351289284,38,0.03016640897899578,2.3056793897507135,38,0.03016640897899578,2.3056793897507135,41,0.026116788783216233,2.1314994550641213,46,0.024093554437094048,2.1480353117868387,48,0.024776216406027774,2.2952457250207314,56,0.018202850430864892,1.8877928120990506,76,0.012127739409986368,1.4905550479403153,83,0.028922945384361475,4.508538974528247,83,0.028922945384361475,4.508538974528247,83,0.028922945384361475,4.508538974528247
sh.600585,187.79165999,3.3246265467964236,0.16203138656810356,3.2156845091693556,30,0.010118670160809688,1.2793397513390554,36,0.010248454177832263,1.3523505793136805,44,0.014764958669826439,1.7362009575070974,49,0.013395482636956111,1.7349973186596024,55,0.019685056087797116,2.586500502952668,62,0.013202913775718353,1.9701715928912764,72,0.011778031329199794,1.9312148258086488,74,0.017116921452140797,2.824246124780042,74,0.017116921452140797,2.824246124780042,74,0.017116921452140797,2.824246124780042
sh.603737,623.7359445,7.049456877260397,0.5056911166747715,23.194519426840067,24,0.03738921037849815,2.055253980298799,25,0.057599147725202006,3.1705121580844975,26,0.054729384562352164,3.1165668622779545,26,0.054729384562352164,3.1165668622779545,30,0.0430261114579835,2.724078634117437,35,0.045758661171270996,3.5653034304784,44,0.040099150564131256,4.043429404518543,46,0.04073941570775853,4.469499240420952,46,0.04073941570775853,4.469499240420952,46,0.04073941570775853,4.469499240420952
sz.000998,139.95653341,1.561212495252161,0.05726231451650876,3.5629120196528765,33,0.014492090281636692,1.3647615831150879,36,0.009898509136171772,1.2030424844889338,41,0.007061918872530054,1.1173553732795216,47,0.009297542443004042,1.228364506232236,56,0.005548551623543789,1.066686959496956,64,0.007886893629761322,1.2592749026354908,76,0.0015771600854965848,0.8321521894002467,80,0.0025772000432532473,0.898363266104513,80,0.0025772000432532473,0.898363266104513,80,0.0025772000432532473,0.898363266104513
sh.601012,1039.20036306,65.6160084448834,0.6870432866221032,47.450384491502845,44,0.05705178844588968,6.370790582635319,45,0.05329805584094123,5.658114584368742,50,0.046610042764700675,5.264565275150826,52,0.05162834309282297,7.288988820970082,55,0.051428595482804595,8.32803759390922,61,0.06063413649179527,16.7785654224354,70,0.04881464459754386,12.348605459840556,75,0.0533351978251056,21.064821058244846,79,0.05067784238953504,19.420332734875412,79,0.05067784238953504,19.420332734875412
sz.000999,39.6899118,1.3664475763881914,0.03979834496354351,0.7344015539735625,42,-0.011231739573873375,0.6031708642432818,47,-0.012174995423569975,0.5431886764981977,50,-0.011626394093074815,0.536968983032751,54,-0.012301334091964159,0.4916087265226835,63,-0.006096316691001001,0.630466904944429,68,-0.004044401506445988,0.6975403683793275,76,-0.003317084796725834,0.7089530166362636,80,0.0008565851657745483,0.9642861588069751,80,0.0008565851657745483,0.9642861588069751,80,0.0008565851657745483,0.9642861588069751
sh.600055,165.2042808,3.312213453944864,0.1614881668833219,6.4221669910256765,36,0.023526806931253967,1.495727260005807,40,0.021490714718737567,1.501541724884638,41,0.019426552609972884,1.4067344828697372,42,0.018332289942724584,1.3694103291613908,43,0.01744032396868342,1.3419916573873034,51,0.03585556723221975,2.9841829919885954,66,0.02257329213622184,1.9522981268259065,73,0.024549174546901507,2.2984309182482687,76,0.024450772121460886,2.2288618362066583,76,0.024450772121460886,2.2288618362066583
sh.603799,180.75476705,8.961565049578581,0.4458336754328611,11.247617542029916,29,0.047746641696669735,2.865699084347366,29,0.047746641696669735,2.865699084347366,32,0.04463938415543484,2.963106658016158,33,0.04892348236977073,3.514287832519164,35,0.04217421701373614,3.044762991056582,37,0.03736647140915314,2.7607380672558204,48,0.04666672021861274,5.191359653478293,54,0.041184671085866924,4.934057517112304,58,0.0479990088536334,8.109856900399933,58,0.0479990088536334,8.109856900399933
sz.002415,1277.3327083,9.197477776019406,0.31964948736444043,47.79565903662408,38,0.03200135549135112,2.847106006065319,44,0.0284630748583326,2.92390342644622,49,0.03136767961775915,3.7622016738130704,54,0.02876062647272855,3.7943427632182964,57,0.03445028825242826,5.526074762499509,61,0.032247656945473796,5.482411109633413,67,0.025221826826186185,4.078638559602546,73,0.027439470367593637,5.468692563814727,73,0.027439470367593637,5.468692563814727,73,0.027439470367593637,5.468692563814727
sz.002594,249.87403,10.69208515190415,0.344722901031002,12.188007760951942,32,0.03584999265751909,1.9300428880417824,35,0.03256304487656313,1.9129920029860457,37,0.02896787933778553,1.7851947262953944,42,0.03893457322725259,2.906545250560467,47,0.03357485734510857,2.731594523580026,52,0.02888841816901106,2.5244369735058263,71,0.034464340503329007,5.131022565580255,74,0.03329729844757545,5.118515979424395,74,0.03329729844757545,5.118515979424395,74,0.03329729844757545,5.118515979424395
sh.600362,29.37001005,1.1428830432497148,0.01683438469860854,1.3027976299895434,26,-0.018737975791472093,0.5833360518029537,28,-0.010804689453899206,0.6887560957465092,43,0.00985850769706095,1.3143195401498315,47,0.005272980072694493,1.0974195398990392,54,0.016510205902889125,1.8627869851864267,58,0.013061288914430449,1.6254262019283192,77,0.012017111836621857,1.786915807974733,79,0.012234265574792036,1.8583575723027594,80,0.010218356485876367,1.581390818738406,80,0.010218356485876367,1.581390818738406
sz.000488,63.40837464,4.5493679007486,0.2084922854302127,2.9908913377231237,44,0.003877818322654138,1.0310592646968337,47,0.0035178326304788755,1.0231646517230621,52,0.008269376873734025,1.2946339661442858,55,0.011818924679634196,1.5985396810758221,62,0.009627928073519606,1.4989588200655855,69,0.014824444063666604,2.125121052714991,78,0.011125942769022349,1.7626331864091258,84,0.012467515369375496,1.9715950495312031,84,0.012467515369375496,1.9715950495312031,84,0.012467515369375496,1.9715950495312031
sz.300390,278.89451172,7.7990635268456385,0.3860345989296574,17.128872993882194,19,0.022361147699618857,1.095383564978274,20,0.03407927613370881,1.3765945046426231,21,0.030222914641770394,1.3120262820984099,24,0.020471241709504654,1.1232919482115946,26,0.02039800931327847,1.1627151178923771,28,0.017658790130486716,1.1139160801127719,46,0.04748228974799257,3.177863253984923,52,0.05218488223317578,4.8283660657908705,52,0.05218488223317578,4.8283660657908705,54,0.07524048947288575,10.505163683710492
sh.600926,31.62903735,1.417071565860215,0.08260466992921045,1.0510772413264078,22,-0.012009365629419929,0.7536364532936859,24,-0.009636530076746813,0.7772627805833133,27,-0.008644042846583678,0.775302350351197,32,-0.008432955630113793,0.747194462666077,36,-0.003914990381652723,0.8413843268278404,38,-0.002234067278234357,0.8891888361254314,44,0.001799807554977066,1.0202992809056104,44,0.001799807554977066,1.0202992809056104,44,0.001799807554977066,1.0202992809056104,44,0.001799807554977066,1.0202992809056104
sz.300059,1689.27694992,74.77591789604618,0.7148266297534074,70.24814038645711,30,0.13092053558538788,17.60089647346263,31,0.12564668581361893,17.02765626721683,35,0.11557733242122757,19.437083188960983,39,0.10144605149987171,17.643337740751274,43,0.09644817309664205,20.978662194970706,43,0.09644817309664205,20.978662194970706,55,0.08844552486220925,39.47580265931772,63,0.07568049460744102,32.00118942799623,64,0.08091782383572148,45.14950421471643,64,0.08091782383572148,45.14950421471643
sh.600559,149.60038335,4.822503314044958,0.2173320795545033,9.997947809960388,26,0.02865696331445922,1.616929087348412,27,0.027102961403891897,1.5954221708298724,32,0.03110765185528606,1.9824729929869254,35,0.03645156990183222,2.490591538276704,37,0.039387838458083094,2.9073160241991003,42,0.030697976493305412,2.443656660325006,64,0.03931654868053897,5.528948850040003,70,0.04022664017572474,7.2635842428356465,70,0.04022664017572474,7.2635842428356465,70,0.04022664017572474,7.2635842428356465
sh.600309,3455.4742522,12.522461255302247,0.37154863443642316,151.23543681375753,44,0.03686334945354062,4.308768987665997,45,0.039524878867795585,4.983660837568526,49,0.03964461212693665,5.771856284141047,52,0.037294018124026336,5.737185218267002,58,0.03463062192859935,5.980775410031738,61,0.0393802770018827,8.483503028317509,70,0.029532872552888556,5.944791771252745,73,0.030371278505694193,6.850712627792872,74,0.028743154605483597,6.23339566572802,74,0.028743154605483597,6.23339566572802
sh.601877,54.7984346,3.4938352436151185,0.16926460336903126,1.6046524090895453,48,0.00700852885812561,1.2713440112744836,52,0.005210502354797588,1.186438329319512,57,0.006793609637352828,1.288061344865862,59,0.011767106849230225,1.692649679104702,64,0.009944497844141252,1.5914228226885536,71,0.011216147038111822,1.8263334296922809,84,0.009494622477429706,1.7819769180778913,84,0.009494622477429706,1.7819769180778913,85,0.008667586042586342,1.6736265300080089,85,0.008667586042586342,1.6736265300080089
sh.600315,246.4523269,1.773123290706985,0.07421785532173097,10.756333939668325,34,0.002695497310329345,1.0295335598478936,35,0.003625092150776472,1.0658053827749194,38,-0.00011989620658511981,0.9312039968741358,44,0.00685229971421892,1.240074234608546,50,0.008474537454383407,1.3680435729510279,56,0.007484618915818622,1.3462130979310114,72,0.00532176070000625,1.152734689236491,76,0.004688796906768623,1.1052102321316994,76,0.004688796906768623,1.1052102321316994,76,0.004688796906768623,1.1052102321316994
sz.002230,891.61485778,9.606794082090252,0.3268514709401791,39.56029977677046,40,0.005766757517877868,1.0907427426867224,41,0.009135149039027214,1.2476687844532486,47,0.012697752345207999,1.5143612345157926,49,0.011376011782781432,1.454075683579649,55,0.020251106364884662,2.425111851617156,60,0.0218506159500877,2.9068969695735434,72,0.02039996281560375,3.162128833688179,77,0.01701108756496683,2.617269133445796,78,0.021233485395687167,3.5237815457508095,78,0.021233485395687167,3.5237815457508095
sz.300146,996.57799606,3.575026530274361,0.1726270511372714,42.08490370757405,36,0.0009319309830483099,0.9128901368284683,39,-0.00015251992632355686,0.8759866990584367,43,0.0047692911984774785,1.0554525506270656,49,-0.001573794897435071,0.7898496894776874,57,-0.004677581286623743,0.6456760972227593,62,-0.004406441426451255,0.6333048906579908,78,0.004859153823025766,1.1011910405378829,81,0.0059866145914840236,1.172691415314862,82,0.004988725684480302,1.0837541749692363,82,0.004988725684480302,1.0837541749692363
sh.600036,238.58009352,5.999445369623593,0.25101894883426445,6.983040377305544,53,0.009552368523392528,1.4887098014421867,57,0.011364412028522147,1.6941680157431889,66,0.012791565421496504,1.9859069666137779,71,0.011429556143512981,1.9146176014947658,79,0.007322070862910343,1.4946886969828372,82,0.006855441592485658,1.462201464341831,89,0.010215679316416171,2.015216141966967,89,0.010215679316416171,2.015216141966967,89,0.010215679316416171,2.015216141966967,89,0.010215679316416171,2.015216141966967
sz.000538,1474.6400401,3.018176743311784,0.1480692463646589,52.50726524005808,43,-0.007210310533212112,0.6906720960379189,46,0.0037630714205362913,1.0795032072157673,50,0.006908319458831718,1.2670459006668493,56,0.004160921538081514,1.1197541295866404,65,0.0014675787113152463,0.9649887341220781,73,0.004807158269092241,1.183005341509598,84,0.004002556034067799,1.132907607906174,87,0.002260727974510087,0.9813950765926692,87,0.002260727974510087,0.9813950765926692,87,0.002260727974510087,0.9813950765926692
sh.601995,62.9,0.968437259430331,-0.06411586150237314,3.2009179164810475,1,-0.031196581196581197,0.9688034188034188,1,-0.031196581196581197,0.9688034188034188,1,-0.031196581196581197,0.9688034188034188,1,-0.031196581196581197,0.9688034188034188,1,-0.031196581196581197,0.9688034188034188,1,-0.031196581196581197,0.9688034188034188,2,0.09881200840503174,1.1904855964448988,3,0.029410145912510233,1.0602541162154926,3,0.029410145912510233,1.0602541162154926,3,0.029410145912510233,1.0602541162154926
sh.603583,127.3895777,2.6309289074762496,0.4688417391049591,6.19132661554778,13,-0.0010015733626025625,0.9508381611938408,13,-0.0010015733626025625,0.9508381611938408,13,-0.0010015733626025625,0.9508381611938408,16,0.001314281131088002,0.9794583196481201,17,0.0001922084165954094,0.9620622044935022,18,0.022003381802490993,1.339953820850539,26,0.026772910683703813,1.4853710963095705,28,0.033782537470726244,1.850584881020052,28,0.033782537470726244,1.850584881020052,28,0.033782537470726244,1.850584881020052
sz.000001,2277.9570231,2.6318414804488004,0.12858030207182103,74.63894126725206,39,0.003859836573299446,1.0590958537102784,41,0.005842272077206199,1.155377995067204,47,0.007707932338890907,1.3012509985590588,50,0.01698606307507431,1.9769832712969304,55,0.014369082838320987,1.852483979463678,56,0.01352251666950865,1.791280460365529,74,0.008689193713680357,1.4863610536509315,76,0.010019729666135686,1.6515750933548787,76,0.010019729666135686,1.6515750933548787,76,0.010019729666135686,1.6515750933548787
sz.002475,1341.07668968,19.094338524548128,0.44581616885385666,54.759799024644494,45,0.000644466761874285,0.8888429599751901,46,-0.0005946426053983743,0.8387526023833974,49,0.005268944148041316,1.0794702979301576,52,0.005481441346868726,1.1047368122609225,59,-0.00047809862974254553,0.7951621305444997,69,0.007632798630713599,1.3451360539923884,78,0.01711977898406112,2.6844665477904055,79,0.018890806574105138,3.106010903112957,80,0.01815224845886155,2.9811683896183943,80,0.01815224845886155,2.9811683896183943
sh.603501,274.4496477,9.338198288533516,1.0083004254413481,14.592330352076116,19,0.012568533391806904,1.12393780477043,19,0.012568533391806904,1.12393780477043,21,0.012214719768469393,1.1375633315915956,21,0.012214719768469393,1.1375633315915956,21,0.012214719768469393,1.1375633315915956,21,0.012214719768469393,1.1375633315915956,26,0.03083250207726859,1.659545714606901,30,0.06266885672135121,4.209602767718974,30,0.06266885672135121,4.209602767718974,30,0.06266885672135121,4.209602767718974
sz.000338,339.1531864,3.7680465915651347,0.18036013399257733,10.190764624033688,38,0.027044226475875965,2.4266043097443872,42,0.02959202841649543,2.987617177126725,46,0.0308502382274928,3.5097046459833927,49,0.027282334802239974,3.227665613451028,55,0.02575934797258762,3.432164523576082,62,0.034258654297985434,6.283962098627277,69,0.029338587268281858,5.656944563295594,74,0.02592767570901592,4.862702577527893,74,0.02592767570901592,4.862702577527893,74,0.02592767570901592,4.862702577527893
sz.002032,417.88988424,9.145931743810854,0.3187227378149391,11.108951613827449,50,-0.0035084198764787854,0.7574476692161409,52,-0.002579456646269659,0.7859294981553459,60,-0.000470538463788552,0.8623337064150198,65,-0.002584756321641626,0.7462473643371055,70,0.0016340498490780785,0.9655107613568789,79,0.003242039772302669,1.0887369125390003,87,0.004097034895469325,1.1636207026552092,87,0.004097034895469325,1.1636207026552092,87,0.004097034895469325,1.1636207026552092,87,0.004097034895469325,1.1636207026552092
sz.002127,92.77449435,3.931296893352343,0.18663452626278665,4.08781851596742,29,-0.0033823158928615736,0.8681227568059444,30,0.021185113070080204,1.5050128161769416,36,0.014547990422535052,1.3372831404484806,40,0.01723252429618851,1.5553506624690356,47,0.0158940943471608,1.5869762191815926,56,0.026971591477803782,2.593636817169409,74,0.032908942313245856,5.119273062334171,78,0.031739001284374846,5.192309450933016,78,0.031739001284374846,5.192309450933016,79,0.031709542593507854,5.345024434783988
sz.300760,464.02773573,4.124690984266667,0.7739637791261667,17.840242939756873,22,0.004157194089579783,1.0593145669035384,23,0.004675290646791561,1.0763413694527673,23,0.004675290646791561,1.0763413694527673,25,0.01729579573841393,1.429706298676923,26,0.02498112227594746,1.7401159604953784,26,0.02498112227594746,1.7401159604953784,26,0.02498112227594746,1.7401159604953784,27,0.031045921606268727,2.068529271099971,27,0.031045921606268727,2.068529271099971,27,0.031045921606268727,2.068529271099971
sz.300604,210.69284166,5.544548464736842,0.5459044632859162,11.873954142573352,16,0.014475104789451111,1.1780720170673513,16,0.014475104789451111,1.1780720170673513,16,0.014475104789451111,1.1780720170673513,19,0.018503543470270715,1.2738632932830092,22,0.011653817407481271,1.1335941393031497,23,0.00882929906239006,1.073162117242738,35,0.028917406408241524,2.1092817864449778,39,0.031215403686904973,2.5545088596530596,39,0.031215403686904973,2.5545088596530596,39,0.031215403686904973,2.5545088596530596
sz.000651,6824.76698112,7.172126629085962,0.27925167293994835,127.75632226198488,36,0.022878387508360753,2.058869726887194,37,0.02121214033453671,1.9790416693713395,42,0.02212809422714159,2.2340622413720017,48,0.02641131315563162,3.0550483695253194,56,0.02856988479908323,3.9876095848231627,63,0.021016468491400524,3.0037727867612913,74,0.016951754082845678,2.662144208702446,76,0.017597828215875685,2.8669465923723263,76,0.017597828215875685,2.8669465923723263,76,0.017597828215875685,2.8669465923723263
sh.601318,164.0421699,3.784933192440498,0.18102006807704663,3.050532096951074,50,0.015202339881166132,1.8352408673583844,57,0.01386958202399403,1.8777975566789105,59,0.01408155290319019,1.954130518551945,61,0.016889424330345994,2.3295876639881077,65,0.014305803156461705,2.103662926145459,71,0.011224239712937675,1.8302345191751106,84,0.01055496526747354,1.9254727035920047,85,0.011569172876073923,2.1117864717233927,85,0.011569172876073923,2.1117864717233927,85,0.011569172876073923,2.1117864717233927
sh.603899,172.8330212,4.99373074833863,0.3021058122371165,5.906653290762843,36,0.011598770000428598,1.3989075330104288,38,0.013245662691404907,1.5135558553459334,42,0.010742945372174432,1.4358436609983387,47,0.007954908341775412,1.3270682506571203,52,0.00647238913870978,1.270701902317108,57,0.0038981408791316373,1.130127337178873,60,0.0060503354428450154,1.2869352231211793,65,0.010003415359567978,1.6242811680027038,65,0.010003415359567978,1.6242811680027038,65,0.010003415359567978,1.6242811680027038
sz.002607,181.382872,9.75787297033054,0.32944200011573854,11.754565958228905,27,0.023167370594801076,1.599933233281536,29,0.017523650478386447,1.417472006000027,32,0.01233700088182085,1.2624724182652098,36,0.013243646588170078,1.3496064786634598,42,0.010448213663598771,1.241726375186806,47,0.013886032185926727,1.479225838885002,63,0.05847390629006135,10.26985382294063,70,0.04971585721917562,8.178654734902134,71,0.05339809301645247,10.723480767875598,71,0.05339809301645247,10.723480767875598
sh.601888,626.24729444,22.652795878600408,0.47703309518964065,25.719725563445614,51,0.01567032934332592,1.6260246013086446,53,0.019390239743752428,2.018370893003284,58,0.0201238754810292,2.283600434269727,63,0.018079624816589975,2.215258964811444,67,0.017284648062941232,2.236460898573285,74,0.013740693772433962,1.928619973053562,85,0.01578729311706836,2.381225028243838,85,0.01578729311706836,2.381225028243838,85,0.01578729311706836,2.381225028243838,85,0.01578729311706836,2.381225028243838
sh.600460,560.07209355,18.34526431237015,0.4386014598136583,29.61222470161258,33,0.011721745508299852,1.212667298204183,34,0.011223802012957699,1.2063513226927025,37,0.01365713801681912,1.3376652868210561,41,0.018004663021649502,1.6242718464652695,47,0.026591102527415988,2.4211028867408366,52,0.02927800572923791,3.0899443651863683,66,0.046196038813433336,10.63012410826238,70,0.04379802450207148,10.123914450989302,72,0.04122225538788719,9.154247782472533,72,0.04122225538788719,9.154247782472533
sh.600415,205.74127208,1.931392755320631,0.08575996697048516,9.314965270111571,25,0.056383726592230225,2.9660506719566686,30,0.047457873771289676,2.9975276159176687,34,0.0394519696558559,2.757823445302803,38,0.03223562357026093,2.449967874854964,52,0.03112315391383556,3.2452179897771014,60,0.022652271600764027,2.468533317869997,78,0.011976522655382765,1.582860764036985,80,0.007336990033165502,1.0799790357849233,83,0.011214436807217282,1.4348029586765954,83,0.011214436807217282,1.4348029586765954
sh.603882,144.55643358,4.123115618368511,0.493434428157723,6.208466988392483,20,-0.0002475425380256302,0.9380665253991115,21,-0.0052916042984135925,0.838469338751798,21,-0.0052916042984135925,0.838469338751798,22,0.0020986373279570595,0.9703552930077098,24,0.010585836239627963,1.1688306012782106,24,0.010585836239627963,1.1688306012782106,31,0.005312070314140293,1.0473391961279968,35,0.02517474880102793,1.8463204368177883,35,0.02517474880102793,1.8463204368177883,35,0.02517474880102793,1.8463204368177883
sz.300750,451.53945,5.937402366863905,0.8858073426393067,20.867438218333927,14,0.07153735759633041,2.3579667600742376,15,0.06329633895138025,2.2351687508807614,20,0.055337138930678285,2.5731407728313513,22,0.043788892787068025,2.214891766134426,24,0.05230037213974603,2.83128305363453,24,0.05230037213974603,2.83128305363453,29,0.04711094202370493,3.091822076629609,29,0.04711094202370493,3.091822076629609,29,0.04711094202370493,3.091822076629609,29,0.04711094202370493,3.091822076629609
sz.002493,245.36331652,9.812845338118972,0.33037590085547563,11.377035805378402,38,0.036675488015856406,3.0343865170290063,41,0.03921620083673229,3.639277514437223,49,0.031084861206864198,3.325481207170036,55,0.02433270480503391,2.755749351855364,60,0.02633297378979801,3.448559349303738,64,0.0268819557043418,3.9562078979929987,75,0.02418425487506719,4.211102615928947,78,0.024159213665184833,4.4624596802899665,79,0.035345750642304045,8.513907344753278,80,0.03436235967262419,8.1450378227909
sz.002407,177.6020396,5.583743392718118,0.23984010819309298,12.897022641060703,27,0.00905741643967163,1.09190940777545,28,0.007447399611288953,1.0525754953916082,30,0.005995197289366546,1.012626525233594,32,0.01997927549952621,1.4389394180425688,36,0.013811861358169654,1.2303950933688588,39,0.011759860909547375,1.1830923949836922,65,0.02228267377301534,2.0731626496519233,72,0.0323760165216789,4.245894999769144,72,0.0323760165216789,4.245894999769144,73,0.030023434230506903,3.654176497206801
sh.600763,930.90335868,32.84701411445712,0.5472553289632467,42.86617690258526,50,0.01193286217611297,1.5518153780616397,51,0.012576301954304692,1.6212564639662026,53,0.019988825644355827,2.323829593981667,54,0.018671975609586573,2.205032924154801,60,0.024509600213349587,3.228489819275521,66,0.022135565974694772,3.0502134750913314,75,0.024008611760529267,4.061628319080387,78,0.028137314217642925,5.326441304120315,78,0.028137314217642925,5.326441304120315,78,0.028137314217642925,5.326441304120315
sz.002460,1150.095024,39.42755914180029,0.5829783912479649,65.18122379642823,29,0.046961386664991195,3.14513865846529,30,0.05285562531800837,3.8489846666152316,30,0.05285562531800837,3.8489846666152316,33,0.06027903911227631,5.243445961825354,35,0.0537695990146122,4.6942992068260505,40,0.04690249805543545,4.576454084976953,57,0.05195702204669808,10.57669925488431,68,0.06398406066497186,25.66702936214728,69,0.0630027283974095,25.571346121281874,69,0.0630027283974095,25.571346121281874
sz.000830,90.2790872,5.01069975040713,0.2231713424449604,4.04454545210938,36,0.04832252175461929,4.471571918298908,37,0.046735707372342825,4.42511402823866,39,0.042719336366588784,4.134019456747776,43,0.04186002410405516,4.693332364634167,46,0.048449481567822604,6.588239309023004,50,0.042525338483619245,5.864066569586679,64,0.037861105267683666,7.062003713199399,71,0.03548302625579452,7.523902329139918,71,0.03548302625579452,7.523902329139918,71,0.03548302625579452,7.523902329139918
sz.000333,348.9061788,7.668267665934066,0.3291104431108982,9.88301628964644,42,0.020108315303538415,2.087161774745941,43,0.021235891792023336,2.2303287672313483,46,0.020373065890634656,2.277270777333722,52,0.018482888341666646,2.3264390218757796,56,0.019697911510038822,2.557470043186126,59,0.02064980709093848,2.8021844843696493,70,0.013592012449538967,2.0443228103126017,71,0.013527948587726718,2.0628105992058643,71,0.013527948587726718,2.0628105992058643,71,0.013527948587726718,2.0628105992058643
sz.300015,2425.969644,36.097802306587994,0.565615438605281,96.49807038888044,62,0.009533212432950513,1.483615960890815,63,0.009097057710627337,1.4569931622451398,66,0.011157528067364884,1.6827913630588078,69,0.008602593592526077,1.4502684970664959,73,0.004441249675596275,1.0970252587647347,76,0.005346127612487361,1.1846995033839869,84,0.011568038568432705,1.9462725938074295,87,0.016582525095808782,2.8560577432027525,87,0.016582525095808782,2.8560577432027525,87,0.016582525095808782,2.8560577432027525
sz.000100,19.5273792,4.3583194182435285,0.2020288242483288,0.7215126863350437,54,0.010860034279750004,1.5993100721308946,57,0.0111110083512544,1.6725003127499682,63,0.00858278715196097,1.510188973161863,64,0.00784134894723455,1.4514890484099885,72,0.014333418446137329,2.334282867103062,75,0.012823058240635813,2.1740408162685183,88,0.009810667435494441,1.9474538528752448,93,0.006776491693209862,1.504602550784377,93,0.006776491693209862,1.504602550784377,93,0.006776491693209862,1.504602550784377
sz.002714,1053.5040144,30.065753835616437,0.6302143095852586,53.24935389680869,35,0.019887261469511912,1.5699984401706921,39,0.02583468474946728,2.033638961747022,42,0.05098934393235767,5.294010254500375,43,0.05555323923870431,6.602884631895928,47,0.05059215404727543,6.455671090821978,51,0.04823901185510175,6.955277022174164,63,0.042239938730766376,8.037293316969492,65,0.040796254041300155,7.930729449343208,65,0.040796254041300155,7.930729449343208,65,0.040796254041300155,7.930729449343208
sh.600346,173.88293039,10.860228044019546,0.3473482669736765,9.023069953429138,32,0.061845938121823554,4.987886584807737,37,0.05554246455177829,5.1310666221402546,46,0.04039114836718936,4.173930689062663,48,0.040956478921909054,4.614673780970996,56,0.03492866828506429,4.519502983111283,59,0.032368254795837166,4.306565590694403,70,0.03436233652106697,6.639259644307806,77,0.03026512318810427,6.003415315381631,77,0.03026512318810427,6.003415315381631,77,0.03026512318810427,6.003415315381631
sh.603486,272.85341175,3.906276474588404,0.6135482050444692,13.394727329889966,15,0.06369359183556707,2.182257362213102,15,0.06369359183556707,2.182257362213102,15,0.06369359183556707,2.182257362213102,15,0.06369359183556707,2.182257362213102,16,0.0696205656660762,2.528200088358432,16,0.0696205656660762,2.528200088358432,18,0.054752355979913535,2.202268626631375,26,0.05859418269065634,3.2642592280485596,26,0.05859418269065634,3.2642592280485596,26,0.05859418269065634,3.2642592280485596
sh.601233,65.48734151,4.427447853191849,0.20439565990224828,2.980439495794137,46,0.014584623637951592,1.6645166965465108,50,0.015822296234344023,1.8645743354610087,52,0.015510378501547807,1.8921007084191084,53,0.014258471878159536,1.7959050358933961,56,0.013517388049547515,1.7948724103563578,60,0.010944860354323753,1.6177201707991726,77,0.011804129733907426,1.8829705279451863,83,0.01114048583572905,1.8077537423700738,85,0.010652674719611267,1.7555438092144007,85,0.010652674719611267,1.7555438092144007
