date,open,high,low,close,volume,amount,turn,pctChg,adjustflag
2018-05-08,25.9200000000,31.1000000000,25.9200000000,31.1000000000,29739,919703.0000,0.028541,43.981480,1
2018-05-09,34.2100000000,34.2100000000,34.2100000000,34.2100000000,20661,706813.0000,0.019828,9.999995,1
2018-05-10,37.6300000000,37.6300000000,37.6300000000,37.6300000000,8500,319855.0000,0.008158,9.997084,1
2018-05-11,41.3900000000,41.3900000000,41.3900000000,41.3900000000,55195,2284521.0000,0.052971,9.992023,1
2018-05-14,45.5300000000,45.5300000000,45.5300000000,45.5300000000,73713,3356153.0000,0.070743,10.002410,1
2018-05-15,50.0800000000,50.0800000000,50.0800000000,50.0800000000,89725,4493428.0000,0.086110,9.993418,1
2018-05-16,55.0900000000,55.0900000000,55.0900000000,55.0900000000,98871,5446803.0000,0.094887,10.003990,1
2018-05-17,60.6000000000,60.6000000000,60.6000000000,60.6000000000,196587,11913172.0000,0.188666,10.001810,1
2018-05-18,66.6600000000,66.6600000000,66.6600000000,66.6600000000,311615,20772256.0000,0.299059,10.000010,1
2018-05-21,73.3300000000,73.3300000000,73.3300000000,73.3300000000,176218,12922066.0000,0.169118,10.006000,1
2018-05-22,80.6600000000,80.6600000000,80.6600000000,80.6600000000,259098,20898845.0000,0.248658,9.995912,1
2018-05-23,88.7300000000,88.7300000000,88.7300000000,88.7300000000,268867,23856569.0000,0.258033,10.004960,1
2018-05-24,97.6000000000,97.6000000000,97.6000000000,97.6000000000,590152,57598835.0000,0.566373,9.996614,1
2018-05-25,107.3600000000,107.3600000000,107.3600000000,107.3600000000,2535836,272247353.0000,2.433658,10.000000,1
2018-05-28,118.1000000000,118.1000000000,118.1000000000,118.1000000000,2113519,249606594.0000,2.028357,10.003720,1
2018-05-29,129.9100000000,129.9100000000,129.9100000000,129.9100000000,4196101,545115481.0000,4.027024,10.000000,1
2018-05-30,135.0900000000,135.5700000000,119.3000000000,120.3700000000,72523591,9293127280.0000,69.601340,-7.343546,1
2018-05-31,124.2000000000,132.3400000000,116.0300000000,129.7000000000,42738509,5303637390.0000,41.016412,7.751096,1
2018-06-01,126.1100000000,134.8700000000,124.5000000000,132.8700000000,32630686,4243384086.0000,31.315872,2.444100,1
2018-06-04,136.3900000000,138.8700000000,119.5800000000,120.9000000000,36227220,4643439731.0000,34.767488,-9.008801,1
2018-06-05,118.0000000000,121.7200000000,113.9900000000,119.7800000000,26763623,3165880761.0000,25.685215,-0.926388,1
2018-06-06,118.1000000000,124.4400000000,117.0600000000,124.0600000000,25913717,3147510073.0000,24.869555,3.573216,1
2018-06-07,123.0000000000,123.6000000000,118.8500000000,119.0300000000,18632920,2250260409.0000,17.882129,-4.054489,1
2018-06-08,117.0800000000,121.4400000000,116.0100000000,118.4600000000,17894569,2136303406.0000,17.173529,-0.478871,1
2018-06-11,115.7600000000,116.6400000000,107.0000000000,108.1200000000,25019713,2789216634.0000,24.011574,-8.728682,1
2018-06-12,109.6100000000,111.3000000000,106.1300000000,109.8000000000,17399563,1896960007.0000,16.698468,1.553829,1
2018-06-13,108.5000000000,111.8000000000,106.7100000000,107.9800000000,16810346,1838222691.0000,16.132993,-1.657559,1
2018-06-14,105.0000000000,108.6200000000,99.2800000000,100.2600000000,24191241,2498877599.0000,23.216484,-7.149473,1
2018-06-15,100.6600000000,102.4400000000,99.0600000000,100.5300000000,15404365,1554157401.0000,14.783665,0.269296,1
2018-06-19,97.7500000000,102.3600000000,95.5800000000,98.9400000000,17835774,1760329511.0000,17.117103,-1.581614,1
2018-06-20,99.8000000000,102.1800000000,96.1600000000,100.9900000000,17388669,1737706370.0000,16.688013,2.071958,1
2018-06-21,100.8000000000,101.5000000000,90.8900000000,91.3900000000,22405240,2149118418.0000,21.502448,-9.505890,1
2018-06-22,88.6500000000,92.1500000000,87.3600000000,89.9000000000,15708505,1417519990.0000,15.075550,-1.630373,1
2018-06-25,90.1000000000,95.3900000000,89.6000000000,93.0200000000,17428841,1619033686.0000,16.726567,3.470517,1
2018-06-26,91.2800000000,95.9900000000,90.5000000000,95.7000000000,14789749,1395317695.0000,14.193814,2.881101,1
2018-06-27,95.0000000000,95.7600000000,92.5800000000,93.2700000000,10235240,961720730.0000,9.822823,-2.539186,1
2018-06-28,92.9900000000,94.6800000000,86.1100000000,86.3200000000,12007147,1087189588.0000,11.523333,-7.451482,1
2018-06-29,86.6800000000,94.9500000000,86.3200000000,94.9500000000,12948468,1178540832.0000,12.426725,9.997680,1
2018-07-02,94.9000000000,100.3900000000,94.0000000000,96.4200000000,16647296,1616430295.0000,15.976513,1.548185,1
2018-07-03,97.2800000000,99.4100000000,91.6900000000,96.1600000000,13299803,1271789985.0000,12.763903,-0.269648,1
2018-07-04,94.9900000000,95.0000000000,89.0900000000,89.9600000000,11785606,1074213029.0000,11.310719,-6.447592,1
2018-07-05,89.0000000000,92.2800000000,88.0000000000,89.9400000000,9854548,890483761.0000,9.457471,-0.022228,1
2018-07-06,89.8200000000,98.9300000000,89.8100000000,95.8900000000,19830723,1889832325.0000,19.031668,6.615518,1
2018-07-09,97.0500000000,99.2200000000,94.5000000000,98.6800000000,14561575,1416334581.0000,13.974834,2.909585,1
2018-07-10,99.7100000000,101.5000000000,96.6900000000,98.2700000000,10954645,1077582802.0000,10.513241,-0.415488,1
2018-07-11,95.0000000000,98.2500000000,94.1100000000,97.5000000000,11107086,1067387409.0000,10.659539,-0.783552,1
2018-07-12,97.5000000000,104.5700000000,96.6500000000,102.6700000000,17625362,1773773062.0000,16.915169,5.302562,1
2018-07-13,101.0000000000,105.4000000000,99.5800000000,101.8100000000,14916502,1528387322.0000,14.315459,-0.837636,1
2018-07-16,100.8100000000,102.5000000000,97.8000000000,99.0000000000,9748346,970845693.0000,9.355548,-2.760041,1
2018-07-17,98.8200000000,99.8800000000,97.0000000000,98.9400000000,6453182,633366871.0000,6.193159,-0.060604,1
2018-07-18,98.9500000000,99.7500000000,94.3000000000,94.4600000000,10592140,1023818843.0000,10.165342,-4.528000,1
2018-07-19,93.9900000000,94.0000000000,89.2500000000,90.2100000000,11250482,1024515939.0000,10.797157,-4.499259,1
2018-07-20,89.5100000000,93.8000000000,89.3100000000,92.2200000000,8302520,761236201.0000,7.967980,2.228137,1
2018-07-23,86.0000000000,88.9800000000,84.4400000000,88.1200000000,14194263,1233492566.0000,13.622322,-4.445889,1
2018-07-24,87.6000000000,90.6800000000,87.1100000000,89.4600000000,8997247,801576398.0000,8.634714,1.520649,1
2018-07-25,89.7500000000,91.7500000000,88.8000000000,88.9900000000,7498398,675461477.0000,7.196259,-0.525376,1
2018-07-26,89.0100000000,89.3000000000,85.5200000000,86.3200000000,7123461,618575469.0000,6.836430,-3.000335,1
2018-07-27,86.4000000000,87.6100000000,85.4000000000,86.5500000000,4371966,379047541.0000,4.195803,0.266454,1
2018-07-30,86.5800000000,86.9900000000,80.1100000000,82.4000000000,8217859,682825774.0000,7.886730,-4.794918,1
2018-07-31,82.0000000000,83.5000000000,80.1700000000,81.1700000000,5586187,458274655.0000,5.361098,-1.492723,1
2018-08-01,80.6200000000,81.4100000000,77.5300000000,77.7600000000,8317566,658814573.0000,7.982420,-4.201055,1
2018-08-02,77.1000000000,79.4500000000,75.8000000000,78.1900000000,8254174,640806280.0000,7.921582,0.552984,1
2018-08-03,77.7000000000,78.4400000000,75.2500000000,75.3400000000,5365618,411694892.0000,5.149417,-3.644975,1
2018-08-06,74.5000000000,75.0500000000,71.2300000000,71.5800000000,7552197,552217387.0000,7.247890,-4.990702,1
2018-08-07,72.4500000000,76.9400000000,71.6100000000,76.5900000000,9837000,728139054.0000,9.440630,6.999154,1
2018-08-08,75.9000000000,76.2500000000,72.6100000000,72.9500000000,6492061,482440430.0000,6.230471,-4.752578,1
2018-08-09,72.7500000000,80.2500000000,72.0500000000,79.6900000000,13070523,1020282513.0000,12.543862,9.239213,1
2018-08-10,79.0000000000,81.4900000000,78.2000000000,80.0200000000,8549131,682639863.0000,8.204654,0.414097,1
2018-08-13,78.1800000000,80.9700000000,78.1000000000,80.3600000000,5368988,427345838.0000,5.152651,0.424899,1
2018-08-14,80.2000000000,81.4800000000,79.0000000000,79.2400000000,4054735,324098805.0000,3.891354,-1.393732,1
2018-08-15,79.3000000000,79.8800000000,75.1000000000,75.5400000000,5980720,458687783.0000,5.739734,-4.669355,1
2018-08-16,73.9900000000,76.7000000000,73.1100000000,75.3800000000,3976656,299669064.0000,3.816421,-0.211813,1
2018-08-17,76.3700000000,76.5800000000,71.6500000000,71.9100000000,7131098,522761056.0000,6.843759,-4.603335,1
2018-08-20,71.9200000000,73.2100000000,70.3900000000,72.9800000000,4743914,341871277.0000,4.552764,1.487971,1
2018-08-21,72.5000000000,79.8700000000,72.4500000000,79.3000000000,10866419,836379811.0000,10.428570,8.659906,1
2018-08-22,82.2700000000,84.1000000000,80.9900000000,82.2500000000,13855117,1144352638.0000,13.296842,3.720047,1
2018-08-23,82.0000000000,89.6200000000,81.3500000000,88.0000000000,13527249,1147997757.0000,12.982185,6.990881,1
2018-08-24,86.7000000000,88.8700000000,85.2700000000,85.8800000000,8658516,752094611.0000,8.309631,-2.409094,1
2018-08-27,86.6800000000,91.6000000000,86.0200000000,88.9000000000,11347502,1012934498.0000,10.890268,3.516540,1
2018-08-28,88.0100000000,90.1100000000,87.4200000000,88.3400000000,6592064,583310955.0000,6.326445,-0.629927,1
2018-08-29,87.9100000000,91.0000000000,87.0000000000,89.8500000000,7181769,639561749.0000,6.892388,1.709307,1
2018-08-30,89.3500000000,89.9700000000,85.9800000000,87.5000000000,6565853,576743871.0000,6.301290,-2.615469,1
2018-08-31,86.5800000000,86.9700000000,84.4500000000,84.5000000000,5453950,467327629.0000,5.234190,-3.428571,1
2018-09-03,83.7200000000,87.3800000000,83.7000000000,87.0900000000,5882095,504925004.0000,5.645083,3.065084,1
2018-09-04,86.9000000000,88.5600000000,85.5000000000,87.9000000000,6519774,569657974.0000,6.257068,0.930078,1
2018-09-05,86.9500000000,87.4700000000,85.0100000000,85.4500000000,5032716,433729827.0000,4.829929,-2.787263,1
2018-09-06,84.9100000000,89.2800000000,84.9000000000,87.1000000000,6902097,604105369.0000,6.623985,1.930956,1
2018-09-07,86.9200000000,90.6000000000,86.5000000000,88.0000000000,8573823,761404322.0000,8.228351,1.033297,1
2018-09-10,87.9000000000,89.4200000000,86.0600000000,87.4500000000,5465580,479899536.0000,5.245351,-0.625004,1
2018-09-11,87.4000000000,90.5000000000,85.9200000000,90.4400000000,8291902,735725232.0000,7.957790,3.419103,1
2018-09-12,90.1000000000,93.4700000000,87.0300000000,87.4900000000,10417957,937545356.0000,9.998178,-3.261836,1
2018-09-13,88.5500000000,88.9000000000,80.5000000000,85.3800000000,10892810,923276155.0000,10.453897,-2.411705,1
2018-09-14,84.5000000000,84.6500000000,82.1800000000,82.8200000000,4778406,399145413.0000,4.585866,-2.998358,1
2018-09-17,81.8000000000,83.8800000000,80.8100000000,82.5000000000,3350645,277021842.0000,3.215635,-0.386380,1
2018-09-18,81.8000000000,86.2500000000,81.7000000000,85.7500000000,5462316,461125165.0000,5.242219,3.939394,1
2018-09-19,85.3800000000,88.5000000000,84.3000000000,87.4500000000,7220687,625407797.0000,6.929738,1.982504,1
2018-09-20,87.1700000000,88.8800000000,87.0000000000,87.4800000000,4020523,352486675.0000,3.858521,0.034313,1
2018-09-21,87.5100000000,90.8900000000,87.5100000000,90.0000000000,7194652,644621660.0000,6.904752,2.880655,1
2018-09-25,88.5000000000,89.2800000000,87.6500000000,88.5000000000,4528531,400293832.0000,4.346059,-1.666667,1
2018-09-26,88.7000000000,90.8800000000,87.6500000000,89.3000000000,6879866,613153682.0000,6.602650,0.903958,1
2018-09-27,89.1800000000,92.9500000000,88.1100000000,89.6300000000,6805706,618253356.0000,6.531478,0.369534,1
2018-09-28,89.3400000000,92.6800000000,89.3400000000,92.5500000000,6317294,578003164.0000,6.062746,3.257844,1
2018-10-08,90.5800000000,90.8000000000,85.8800000000,86.4600000000,7081245,623928167.0000,6.795915,-6.580231,1
2018-10-09,86.8300000000,88.4700000000,85.1700000000,85.7500000000,3908137,339742319.0000,3.750663,-0.821188,1
2018-10-10,85.5000000000,86.8800000000,82.6000000000,84.1500000000,4700876,397162149.0000,4.511460,-1.865887,1
2018-10-11,80.5000000000,80.8600000000,75.7500000000,76.1800000000,9307362,723831290.0000,8.932333,-9.471184,1
2018-10-12,74.3000000000,79.1800000000,74.0600000000,78.1300000000,5417692,417342448.0000,5.199393,2.559723,1
2018-10-15,78.5600000000,82.2200000000,78.5600000000,79.8700000000,5173527,416392114.0000,4.965066,2.227065,1
2018-10-16,79.8000000000,80.8800000000,76.9800000000,78.6600000000,3773172,297757118.0000,3.621137,-1.514961,1
2018-10-17,80.4900000000,81.2000000000,78.4100000000,79.7500000000,3867448,309303465.0000,3.711614,1.385706,1
2018-10-18,79.1000000000,79.1000000000,74.5100000000,76.3000000000,4117651,314571556.0000,3.951735,-4.326015,1
2018-10-19,74.0000000000,81.8900000000,74.0000000000,80.8000000000,6303943,496440710.0000,6.049933,5.897771,1
2018-10-22,83.0000000000,87.5000000000,82.2900000000,87.2500000000,8080331,690763365.0000,7.754744,7.982669,1
2018-10-23,86.3200000000,89.1500000000,85.9800000000,86.8900000000,7420768,650101610.0000,7.121757,-0.412608,1
2018-10-24,87.0000000000,89.8300000000,85.2000000000,86.0000000000,5501226,482713105.0000,5.279561,-1.024283,1
2018-10-25,82.7400000000,87.5700000000,82.3700000000,87.3200000000,4731664,401266798.0000,4.541007,1.534883,1
2018-10-26,86.9500000000,87.7700000000,80.4500000000,82.6600000000,6831354,571172780.0000,6.556093,-5.336688,1
2018-10-29,81.1000000000,81.8800000000,78.5000000000,79.2000000000,4260873,339489433.0000,4.089186,-4.185829,1
2018-10-30,78.5300000000,83.9900000000,78.0500000000,83.4000000000,4636427,378505077.0000,4.449608,5.303036,1
2018-10-31,84.5000000000,88.8000000000,84.5000000000,87.1500000000,7086070,616253609.0000,6.800545,4.496403,1
2018-11-01,87.6500000000,88.5800000000,86.1100000000,86.5200000000,5461338,476881271.0000,5.241280,-0.722897,1
2018-11-02,88.4000000000,90.4000000000,87.2200000000,88.5500000000,7414036,656789879.0000,7.115296,2.346286,1
2018-11-05,89.3000000000,89.4000000000,86.3000000000,87.8800000000,4897435,431103894.0000,4.700099,-0.756641,1
2018-11-06,89.0000000000,93.3300000000,86.4600000000,93.0900000000,7401164,663302133.0000,7.102943,5.928538,1
2018-11-07,91.9000000000,92.4000000000,87.6800000000,87.8800000000,8181495,734131753.0000,7.851831,-5.596734,1
2018-11-08,88.9600000000,89.8400000000,86.8000000000,87.3500000000,4390136,387765405.0000,4.213241,-0.603094,1
2018-11-09,85.6500000000,88.0200000000,85.1100000000,86.6100000000,3538437,306987302.0000,3.395860,-0.847164,1
2018-11-12,86.6100000000,89.4700000000,86.2000000000,89.0300000000,4209339,370012587.0000,4.039729,2.794132,1
2018-11-13,87.8900000000,89.5000000000,86.8300000000,88.1900000000,4610278,405033169.0000,4.424512,-0.943498,1
2018-11-14,88.1800000000,88.2000000000,86.8000000000,87.0800000000,4232518,369473961.0000,4.061974,-1.258647,1
2018-11-15,86.1600000000,87.6800000000,86.1600000000,87.3500000000,3797837,330676138.0000,3.644808,0.310056,1
2018-11-16,87.5100000000,88.7800000000,86.4000000000,86.9400000000,5997291,524530217.0000,5.755637,-0.469371,1
2018-11-19,86.0000000000,86.4300000000,80.8000000000,82.0200000000,9669107,806813641.0000,9.279502,-5.659082,1
2018-11-20,81.1600000000,82.7900000000,80.4100000000,80.7100000000,4446448,361970440.0000,4.267284,-1.597168,1
2018-11-21,79.9800000000,83.2900000000,79.6800000000,82.7000000000,4941648,404908134.0000,4.742530,2.465615,1
2018-11-22,82.7200000000,83.2700000000,81.0500000000,81.4100000000,3385092,276492546.0000,3.248694,-1.559847,1
2018-11-23,81.6000000000,81.6000000000,78.9600000000,79.0000000000,3963872,315958682.0000,3.804153,-2.960329,1
2018-11-26,79.1000000000,80.3700000000,78.9600000000,79.3300000000,2183170,173851379.0000,2.095202,0.417724,1
2018-11-27,79.7800000000,80.3500000000,76.8300000000,78.3600000000,3381697,264865237.0000,3.245436,-1.222742,1
2018-11-28,78.5000000000,80.4200000000,78.1300000000,80.2300000000,3236660,257725527.0000,3.106243,2.386425,1
2018-11-29,80.5900000000,81.8300000000,79.7500000000,79.7500000000,3719665,300678580.0000,3.569786,-0.598284,1
2018-11-30,79.4400000000,80.0900000000,78.8100000000,79.7500000000,2348617,186496397.0000,2.253982,0.000000,1
2018-12-03,82.0000000000,84.4800000000,81.8000000000,84.2000000000,6661286,554576029.0000,6.392877,5.579934,1
2018-12-04,84.0000000000,85.8500000000,83.6000000000,85.6900000000,5864408,498749281.0000,5.628109,1.769603,1
2018-12-05,84.7900000000,85.8600000000,83.8000000000,85.3000000000,4319801,367223450.0000,4.145740,-0.455128,1
2018-12-06,84.5000000000,84.5000000000,79.5000000000,79.9900000000,8450127,691553869.0000,8.109639,-6.225094,1
2018-12-07,80.0000000000,80.6900000000,78.8300000000,80.1000000000,3692315,294034863.0000,3.543538,0.137518,1
2018-12-10,78.9000000000,80.8800000000,78.6300000000,79.3300000000,2801916,223472870.0000,2.689016,-0.961294,1
2018-12-11,79.6900000000,80.8600000000,79.6400000000,80.3900000000,2605451,209686550.0000,2.500467,1.336187,1
2018-12-12,80.8900000000,81.2000000000,79.9500000000,80.6500000000,2058024,165704380.0000,1.975098,0.323426,1
2018-12-13,80.5900000000,81.2700000000,78.8800000000,80.5300000000,3722766,299123119.0000,3.572762,-0.148794,1
2018-12-14,80.4000000000,80.4800000000,78.5000000000,78.6300000000,4322530,344240272.0000,4.148359,-2.359371,1
2018-12-17,78.6600000000,79.4100000000,77.6200000000,78.3800000000,2791769,218506848.0000,2.679278,-0.317945,1
2018-12-18,77.9700000000,79.3000000000,77.8800000000,79.0400000000,1719777,135096903.0000,1.650481,0.842056,1
2018-12-19,79.1800000000,79.4000000000,76.6000000000,77.1300000000,2360298,183672928.0000,2.265193,-2.416502,1
2018-12-20,77.2400000000,77.4800000000,75.7100000000,76.6400000000,2352793,179780869.0000,2.257990,-0.635288,1
2018-12-21,76.3400000000,76.5500000000,74.0000000000,75.7000000000,3131709,234527696.0000,3.005521,-1.226517,1
2018-12-24,75.2800000000,77.0000000000,74.6000000000,76.3000000000,1771808,135011138.0000,1.700415,0.792610,1
2018-12-25,75.4900000000,76.6400000000,74.0000000000,76.3100000000,2663283,200149857.0000,2.555969,0.013099,1
2018-12-26,76.0100000000,76.6400000000,74.9800000000,75.6800000000,1432810,108556290.0000,1.375077,-0.825576,1
2018-12-27,76.7000000000,77.2000000000,74.7500000000,74.8000000000,2024909,153537311.0000,1.943318,-1.162787,1
2018-12-28,74.6900000000,75.3900000000,74.2700000000,74.8600000000,1475273,110264157.0000,1.415829,0.080211,1
2019-01-02,75.2800000000,75.2800000000,71.5500000000,71.9400000000,2995920,217641273.0000,2.875203,-3.900612,1
2019-01-03,72.0000000000,72.5600000000,71.0600000000,71.6200000000,1827752,131323627.0000,1.754105,-0.444815,1
2019-01-04,70.8000000000,73.1500000000,70.4800000000,72.5900000000,2789282,200818285.0000,2.676891,1.354361,1
2019-01-07,73.0000000000,73.0200000000,71.3800000000,72.2100000000,2778517,200207241.0000,2.666560,-0.523484,1
2019-01-08,72.2100000000,72.2100000000,71.0200000000,71.5400000000,2172878,155134848.0000,2.085324,-0.927847,1
2019-01-09,71.5300000000,73.3000000000,71.5300000000,72.1500000000,2844373,206463856.0000,2.729762,0.852671,1
2019-01-10,72.1000000000,73.0000000000,71.8200000000,72.3400000000,1829637,132361166.0000,1.755914,0.263333,1
2019-01-11,72.2000000000,72.4500000000,71.3000000000,72.3800000000,1999017,143560530.0000,1.918469,0.055296,1
2019-01-14,72.5000000000,72.5000000000,71.5500000000,71.5500000000,1413876,101654505.0000,1.356906,-1.146718,1
2019-01-15,71.5500000000,72.6800000000,71.3000000000,72.3900000000,2501612,179830356.0000,2.400813,1.173999,1
2019-01-16,72.3900000000,72.9700000000,71.8300000000,72.5400000000,2249812,163169650.0000,2.159159,0.207213,1
2019-01-17,73.0000000000,74.5800000000,72.8000000000,73.3900000000,3961920,292643464.0000,3.802279,1.171765,1
2019-01-18,73.4000000000,75.3000000000,73.4000000000,75.1000000000,4191591,312219264.0000,4.022696,2.330017,1
2019-01-21,75.2100000000,78.0900000000,75.1500000000,77.8300000000,5838148,451116611.0000,5.602907,3.635158,1
2019-01-22,77.9800000000,77.9800000000,75.5600000000,76.0900000000,3876299,296861263.0000,3.720108,-2.235649,1
2019-01-23,75.5800000000,76.3700000000,75.3000000000,75.6900000000,1863501,141133207.0000,1.788413,-0.525685,1
2019-01-24,75.7200000000,77.1700000000,75.3700000000,76.6600000000,2704533,206330266.0000,2.595557,1.281545,1
2019-01-25,76.6600000000,77.6200000000,76.2100000000,76.3800000000,2295206,176840230.0000,2.202723,-0.365258,1
2019-01-28,76.3800000000,76.8800000000,73.7300000000,74.4700000000,3128954,235371278.0000,3.002877,-2.500649,1
2019-01-29,74.1700000000,74.9700000000,72.8800000000,74.5200000000,2586828,191097918.0000,2.482595,0.067135,1
2019-01-30,74.5000000000,77.1000000000,74.4300000000,76.3600000000,3980710,302745658.0000,3.820312,2.469141,1
2019-01-31,76.7000000000,76.8000000000,73.8600000000,75.5300000000,3804091,286437942.0000,3.650810,-1.086959,1
2019-02-01,76.5100000000,77.4900000000,76.0000000000,77.2000000000,3541885,272747794.0000,3.399169,2.211040,1
2019-02-11,77.1000000000,79.7900000000,76.1000000000,79.0400000000,3527201,277427569.0000,3.385077,2.383425,1
2019-02-12,79.1000000000,81.4100000000,79.0400000000,80.5100000000,5110043,411589762.0000,4.904140,1.859819,1
2019-02-13,80.1700000000,81.3600000000,79.6100000000,80.9600000000,4869291,392770324.0000,4.673089,0.558933,1
2019-02-14,80.9000000000,84.1000000000,80.0900000000,83.4100000000,6370497,527497633.0000,6.113805,3.026191,1
2019-02-15,82.8800000000,83.3500000000,81.7600000000,81.9100000000,3409279,280738081.0000,3.271906,-1.798346,1
2019-02-18,82.3000000000,85.2500000000,82.3000000000,85.1800000000,5505816,463635128.0000,5.283966,3.992182,1
2019-02-19,85.1900000000,87.8600000000,83.8200000000,84.7000000000,6476832,556036430.0000,6.215856,-0.563516,1
2019-02-20,84.7200000000,85.5000000000,83.3600000000,84.0000000000,4367114,368166866.0000,4.191146,-0.826443,1
2019-02-21,83.2600000000,84.5400000000,82.0100000000,82.3100000000,4528409,377770393.0000,4.345942,-2.011908,1
2019-02-22,82.0000000000,85.3400000000,81.9200000000,85.2800000000,4602024,388161565.0000,4.416591,3.608312,1
2019-02-25,85.1100000000,88.8800000000,84.6000000000,88.7300000000,7996177,695105623.0000,7.673981,4.045503,1
2019-02-26,88.7100000000,91.3000000000,87.0000000000,87.5800000000,6521075,580207647.0000,6.258316,-1.296068,1
2019-02-27,87.3800000000,88.4300000000,86.3100000000,86.7900000000,3803762,332200371.0000,3.650494,-0.902033,1
2019-02-28,87.7100000000,90.8000000000,87.7100000000,89.8800000000,7297520,655263939.0000,7.003475,3.560314,1
2019-03-01,90.3000000000,91.0000000000,88.3200000000,89.8900000000,3517226,314808600.0000,3.375504,0.011128,1
2019-03-04,89.9500000000,98.8800000000,89.9500000000,96.6600000000,11354266,1084659164.0000,10.896759,7.531432,1
2019-03-05,94.9800000000,99.9800000000,94.6800000000,99.3400000000,7585344,743738427.0000,7.279702,2.772597,1
2019-03-06,99.1900000000,101.6000000000,96.8800000000,98.2800000000,5510301,542853450.0000,5.288270,-1.067040,1
2019-03-07,98.0000000000,98.0000000000,93.4100000000,95.3800000000,7174361,684293440.0000,6.885279,-2.950755,1
2019-03-08,92.7000000000,96.5000000000,91.8800000000,93.5600000000,5131226,481843039.0000,4.924469,-1.908157,1
2019-03-11,97.5000000000,97.5500000000,94.5500000000,96.3500000000,4249560,407451833.0000,4.078329,2.982045,1
2019-03-12,96.3400000000,97.6900000000,94.4600000000,95.7400000000,5669217,544969811.0000,5.440783,-0.633109,1
2019-03-13,95.9900000000,97.1000000000,93.7100000000,94.5000000000,4028567,385374801.0000,3.866241,-1.295172,1
2019-03-14,93.6000000000,94.0000000000,90.7000000000,92.3400000000,4670839,429899372.0000,4.482633,-2.285718,1
2019-03-15,92.3500000000,95.9900000000,92.2500000000,93.6500000000,4402504,415803010.0000,4.225110,1.418676,1
2019-03-18,94.5500000000,97.1800000000,94.2300000000,96.9600000000,4748584,457412518.0000,4.557245,3.534434,1
2019-03-19,97.2500000000,98.8200000000,95.9000000000,97.4800000000,3887635,376719037.0000,3.730987,0.536308,1
2019-03-20,96.5100000000,96.5100000000,93.1800000000,94.2100000000,5246708,496143910.0000,5.035298,-3.354539,1
2019-03-21,94.5900000000,94.9800000000,93.3700000000,94.3400000000,3373982,317125225.0000,3.238031,0.137987,1
2019-03-22,94.3000000000,96.8700000000,93.8900000000,96.8700000000,5292350,506754552.0000,5.079101,2.681796,1
2019-03-25,97.3900000000,98.6200000000,93.6000000000,93.6500000000,7192719,690664937.0000,6.902897,-3.324044,1
2019-03-26,93.6500000000,94.3700000000,87.8100000000,89.4500000000,6836940,622490041.0000,6.561454,-4.484789,1
2019-03-27,89.9900000000,91.5900000000,89.9900000000,90.3500000000,4050382,367308333.0000,3.887177,1.006150,1
2019-03-28,90.0000000000,91.6900000000,88.7000000000,90.4000000000,3050767,276326344.0000,2.927840,0.055344,1
2019-03-29,91.0000000000,93.9000000000,90.4000000000,93.8200000000,5360286,495566668.0000,5.144300,3.783184,1
2019-04-01,94.5800000000,95.5000000000,93.4500000000,95.0600000000,6781282,640476253.0000,6.508038,1.321678,1
2019-04-02,95.1800000000,96.9600000000,93.6000000000,94.0100000000,5689586,540593024.0000,5.460331,-1.104561,1
2019-04-03,93.5700000000,94.9000000000,93.0000000000,94.2200000000,3282901,308730711.0000,3.150620,0.223380,1
2019-04-04,94.2400000000,94.8000000000,92.0000000000,93.1200000000,5015230,465987214.0000,4.813147,-1.167479,1
2019-04-08,93.8800000000,93.8800000000,91.3900000000,92.2800000000,4094454,378419397.0000,3.929473,-0.902066,1
2019-04-09,92.3000000000,94.3500000000,92.0700000000,94.0800000000,4282436,400415695.0000,4.109880,1.950588,1
2019-04-10,94.5100000000,98.2600000000,94.4000000000,97.6000000000,8768652,846682677.0000,8.415330,3.741493,1
2019-04-11,97.6200000000,98.2000000000,94.5300000000,94.8800000000,4413813,421422553.0000,4.235964,-2.786886,1
2019-04-12,94.6600000000,97.0000000000,94.3200000000,96.2500000000,3739399,359301160.0000,3.588724,1.443932,1
2019-04-15,97.8900000000,97.8900000000,93.0100000000,93.0100000000,4559980,432591617.0000,4.376241,-3.366231,1
2019-04-16,92.8500000000,94.1300000000,91.6300000000,93.9000000000,3457767,321655387.0000,3.318440,0.956886,1
2019-04-17,94.2900000000,94.8700000000,93.3900000000,93.9400000000,2334563,219482745.0000,2.240495,0.042599,1
2019-04-18,93.0000000000,93.8000000000,92.5000000000,92.9500000000,1897959,176194285.0000,1.821483,-1.053870,1
2019-04-19,93.4200000000,94.0500000000,92.6000000000,92.9500000000,2109968,196747657.0000,2.024949,0.000000,1
2019-04-22,93.1700000000,93.2800000000,91.5000000000,91.8000000000,2309529,212480373.0000,2.216469,-1.237218,1
2019-04-23,91.0200000000,91.8500000000,88.9600000000,89.2500000000,4867826,437243220.0000,4.671683,-2.777781,1
2019-04-24,89.2500000000,89.5700000000,87.0300000000,88.9000000000,4832614,425161783.0000,4.637890,-0.392155,1
2019-04-25,88.9100000000,90.3800000000,87.8600000000,88.1000000000,2987691,266154733.0000,2.867306,-0.899891,1
2019-04-26,88.0500000000,89.5600000000,87.5100000000,88.2900000000,2871169,254447123.0000,2.755479,0.215667,1
2019-04-29,88.2000000000,90.0500000000,88.0800000000,89.9900000000,3317831,295913023.0000,3.184143,1.925469,1
2019-04-30,88.8000000000,88.8000000000,87.2500000000,88.5200000000,3502778,308629168.0000,3.361638,-1.633516,1
2019-05-06,79.6800000000,84.5000000000,79.6800000000,80.8400000000,7205878,589437432.0000,6.915526,-8.676006,1
2019-05-07,81.0000000000,81.9000000000,80.0000000000,80.8500000000,3376569,273093939.0000,3.240514,0.012373,1
2019-05-08,79.9500000000,81.2000000000,79.5000000000,80.0000000000,3051802,244581227.0000,0.424672,-1.051328,1
2019-05-09,79.6900000000,79.6900000000,74.2300000000,74.7600000000,8421913,643175497.0000,1.171946,-6.549998,1
2019-05-10,76.0000000000,78.5000000000,75.2000000000,78.2800000000,6096859,471582824.0000,0.848405,4.708395,1
2019-05-13,78.0700000000,80.8000000000,77.1700000000,79.8000000000,4336213,343110582.0000,0.603403,1.941753,1
2019-05-14,79.0200000000,82.1000000000,79.0200000000,80.5700000000,4145697,336480408.0000,0.576892,0.964908,1
2019-05-15,80.9800000000,82.0000000000,80.0600000000,81.5100000000,3106507,251670140.0000,0.432284,1.166690,1
2019-05-16,81.3900000000,81.8000000000,80.3600000000,81.4700000000,2223085,180214284.0000,0.309352,-0.049075,1
2019-05-17,81.3200000000,82.4500000000,80.0000000000,80.4600000000,3239214,264382469.0000,0.450751,-1.239723,1
2019-05-20,80.2300000000,80.9900000000,77.8100000000,78.4900000000,2535318,199622774.0000,0.352801,-2.448423,1
2019-05-21,79.0000000000,81.7600000000,78.5400000000,81.1200000000,3394211,274093887.0000,0.472319,3.350751,1
2019-05-22,81.3700000000,82.5600000000,80.8700000000,81.9700000000,3734875,305721905.0000,0.519724,1.047828,1
2019-05-23,81.8800000000,81.8800000000,78.9800000000,79.0900000000,2753945,219600269.0000,0.383224,-3.513486,1
2019-05-24,79.0500000000,80.6000000000,79.0000000000,79.7100000000,1914944,152686059.0000,0.266473,0.783921,1
2019-05-27,79.7200000000,80.8000000000,78.5000000000,80.3900000000,2632279,209708159.0000,0.366293,0.853093,1
2019-05-28,79.9900000000,80.4000000000,78.4700000000,79.0000000000,3025863,240671501.0000,0.421062,-1.729070,1
2019-05-29,78.8500000000,80.3200000000,78.7000000000,79.7200000000,2613056,207797234.0000,0.363618,0.911394,1
2019-05-30,79.3500000000,79.9800000000,78.5100000000,79.0000000000,2020832,159780653.0000,0.281208,-0.903162,1
2019-05-31,79.0000000000,80.0700000000,78.8600000000,79.2000000000,2398601,190150071.0000,0.333776,0.253161,1
2019-06-03,79.0000000000,79.6800000000,77.6700000000,78.3100000000,2468273,193641732.0000,0.343471,-1.123737,1
2019-06-04,78.5000000000,79.1200000000,77.4900000000,77.5200000000,2082307,162423931.0000,0.289762,-1.008812,1
2019-06-05,78.3000000000,78.5000000000,76.9200000000,77.1900000000,2393676,185093886.0000,0.333091,-0.425689,1
2019-06-06,77.0000000000,77.9000000000,76.6300000000,77.1700000000,2033082,157249234.0000,0.282912,-0.025916,1
2019-06-10,77.6500000000,78.9500000000,76.7700000000,78.8500000000,2597216,203574870.0000,0.361414,2.177012,1
2019-06-11,78.8000000000,81.5000000000,78.4400000000,81.0200000000,3920471,314911261.0000,0.545551,2.752059,1
2019-06-12,80.8400000000,81.6800000000,80.3300000000,80.7800000000,2508353,202556697.0000,0.349048,-0.296220,1
2019-06-13,80.8000000000,81.8700000000,80.3100000000,80.9000000000,2961862,240285449.0000,0.412156,0.148555,1
2019-06-14,80.8000000000,83.6900000000,80.7800000000,82.2000000000,5701515,472078891.0000,0.793391,1.606916,1
2019-06-17,82.3600000000,86.6800000000,82.3600000000,85.0000000000,6649035,565055424.0000,0.925243,3.406330,1
2019-06-18,84.8000000000,85.3000000000,84.3500000000,85.0500000000,4581575,389195523.0000,0.637546,0.058827,1
2019-06-19,86.6800000000,87.4300000000,85.2000000000,85.7200000000,6230465,535621395.0000,0.866997,0.787770,1
2019-06-20,85.6400000000,86.3300000000,85.0300000000,86.3300000000,7006208,601114900.0000,0.974945,0.711620,1
2019-06-21,86.7800000000,86.8600000000,83.8000000000,85.0600000000,7035668,598019961.0000,0.979044,-1.471104,1
2019-06-24,84.3000000000,85.3000000000,84.0100000000,85.1000000000,4880341,414572565.0000,0.679121,0.047027,1
2019-06-25,85.4000000000,85.6900000000,82.6800000000,83.6600000000,4241293,355146809.0000,0.590195,-1.692121,1
2019-06-26,84.6200000000,87.3600000000,82.8200000000,86.8900000000,8930057,766536998.0000,1.242657,3.860860,1
2019-06-27,87.5000000000,87.6600000000,86.0100000000,87.0100000000,6617917,574649686.0000,0.920912,0.138109,1
2019-06-28,86.8900000000,87.0000000000,85.7100000000,86.6800000000,4735221,408681437.0000,0.658927,-0.379269,1
2019-07-01,87.9900000000,92.6600000000,87.1200000000,91.1000000000,9868924,886777436.0000,1.373304,5.099214,1
2019-07-02,91.0154568000,97.7782152000,91.0154568000,95.7634767600,10584274,713185433.0000,1.052035,5.119081,1
2019-07-03,95.4253388400,95.4253388400,93.5514912000,94.0446090000,8916697,598150443.0000,0.886284,-1.794911,1
2019-07-04,93.8332728000,94.3263906000,91.9453360800,92.8470372000,7862987,518055083.0000,0.781550,-1.273406,1
2019-07-05,93.2556205200,93.4106004000,91.6494654000,92.8752153600,6071315,399178745.0000,0.603465,0.030344,1
2019-07-08,92.2834740000,92.9315716800,89.3247672000,91.0577240400,6791069,438566794.0000,0.675005,-1.956919,1
2019-07-09,90.5364280800,91.8608016000,90.1701120000,90.8745660000,5553234,358963550.0000,0.551969,-0.201141,1
2019-07-10,91.2408820800,92.7343245600,90.3814482000,90.7054970400,5551582,360900486.0000,0.551805,-0.186051,1
2019-07-11,91.1563476000,91.2972384000,89.0429856000,89.5642815600,4946882,316444413.0000,0.491700,-1.258151,1
2019-07-12,89.7474396000,91.2408820800,89.4656580000,89.4656580000,4212841,269517977.0000,0.418740,-0.110114,1
2019-07-15,88.8880057200,91.7199108000,87.1127816400,91.4803964400,6901316,442363289.0000,0.685963,2.251969,1
2019-07-16,91.1845257600,91.7199108000,90.6350516400,91.3676838000,5430528,351777886.0000,0.539773,-0.123212,1
2019-07-17,91.3817728800,92.4243648000,90.8745660000,91.5508418400,4985167,324109339.0000,0.495506,0.200470,1
2019-07-18,91.2267930000,91.6776435600,89.0429856000,90.5646062400,5092702,327364825.0000,0.506194,-1.077262,1
2019-07-19,91.0013677200,91.6776435600,90.3250918800,91.5085746000,5597766,363145011.0000,0.556396,1.042312,1
2019-07-22,91.3395056400,91.8608016000,89.8883304000,90.9027441600,5737260,370911595.0000,0.570261,-0.662048,1
2019-07-23,91.2972384000,91.6635544800,90.6209625600,91.4803964400,4447588,288243668.0000,0.442073,0.635468,1
2019-07-24,91.7199108000,92.8188590400,91.1563476000,92.5088992800,8062428,526506957.0000,0.801373,1.124293,1
2019-07-25,92.4666320400,92.9879280000,90.9872786400,92.3961866400,4958691,323762680.0000,0.492874,-0.121843,1
2019-07-26,91.9312470000,94.9463101200,91.6635544800,94.6786176000,7884820,523231855.0000,0.783700,2.470300,1
2019-07-29,94.4109250800,95.9466348000,94.0868762400,94.2841233600,5232966,352496839.0000,0.520136,-0.416665,1
2019-07-30,94.8195084000,95.0449336800,93.5233130400,93.5937584400,4299069,287162486.0000,0.427300,-0.732200,1
2019-07-31,93.5514912000,93.6923820000,91.2267930000,91.5649309200,5270911,344667054.0000,0.523900,-2.167700,1
2019-08-01,91.5790200000,92.2412067600,90.8886550800,91.4240401200,4059276,263382761.0000,0.403500,-0.153900,1
2019-08-02,89.8883304000,90.7195861200,88.6625804400,89.9728648800,5844216,371482692.0000,0.580900,-1.587300,1
2019-08-05,89.1838764000,89.8460631600,88.1131063200,88.4794224000,5531985,348813775.0000,0.549900,-1.659900,1
2019-08-06,87.0846034800,88.7893821600,86.8169109600,88.6203132000,5320581,332180767.0000,0.528800,0.159200,1
2019-08-07,89.1416091600,89.7897068400,88.4230660800,88.7471149200,4460804,282168202.0000,0.443400,0.143100,1
2019-08-08,89.8601522400,92.3539194000,89.7615286800,91.8185343600,9500261,614156689.0000,0.944300,3.460900,1
2019-08-09,91.7903562000,93.1288188000,91.3817728800,91.8326234400,9586147,629300785.0000,0.952800,0.015300,1
2019-08-12,91.8044452800,95.3548934400,91.7621780400,95.2421808000,8136670,543944807.0000,0.808800,3.712800,1
2019-08-13,94.5518158800,98.1867985200,94.4672814000,97.0174048800,12109429,830184578.0000,1.203600,1.863900,1
2019-08-14,94.3968360000,102.2585426400,92.9738389200,98.9757870000,24937812,1710353858.0000,2.478700,2.018600,1
2019-08-15,97.2146520000,98.9194306800,95.8198330800,96.3129508800,12423670,856921805.0000,1.234900,-2.690400,1
2019-08-16,96.5665543200,102.4980570000,96.5665543200,101.3004852000,12750691,912520188.0000,1.267400,5.178500,1
2019-08-19,102.1599190800,105.6258327600,102.1458300000,104.2591920000,14379870,1065842198.0000,1.429300,2.920700,1
2019-08-20,102.9911748000,110.4302090400,102.9911748000,107.7955510800,17415540,1330977785.0000,1.731000,3.391900,1
2019-08-21,107.9927982000,109.0353901200,106.2316632000,108.2464016400,8375305,640883060.0000,0.832500,0.418200,1
2019-08-22,109.1903700000,111.5573354400,108.0632436000,109.0494792000,7772370,603409206.0000,0.772500,0.741900,1
2019-08-23,108.8944993200,116.3758008000,108.6268068000,116.3335335600,14183429,1139430253.0000,1.409800,6.679600,1
2019-08-26,115.1077836000,116.3053554000,113.6284302000,115.6572577200,9604088,783046032.0000,0.954600,-0.581300,1
2019-08-27,116.9393640000,121.5887604000,116.2912663200,117.3902145600,16643368,1397632338.0000,1.654300,1.498400,1
2019-08-28,117.8551542000,118.6582317600,115.0514272800,117.3197691600,8424924,697554761.0000,0.837400,-0.060000,1
2019-08-29,116.5166916000,117.7283524800,114.9668928000,116.5871370000,6592217,543818464.0000,0.655200,-0.624500,1
2019-08-30,116.9393640000,124.1247948000,116.8266513600,122.1523236000,10133528,874141122.0000,1.007200,4.773400,1
2019-09-02,121.8987201600,123.5330534400,120.4193667600,123.1667373600,7714634,665417352.0000,0.766800,0.830500,1
2019-09-03,122.6877086400,123.1103810400,117.6438180000,118.2496484400,9808212,829906869.0000,0.974900,-3.992200,1
2019-09-04,118.7286771600,119.1936168000,112.7126400000,115.4600106000,15555084,1274380561.0000,1.546100,-2.359100,1
2019-09-05,115.7558812800,116.9111858400,114.5442204000,115.8122376000,11144503,913889994.0000,1.107700,0.305100,1
2019-09-06,115.8122376000,116.4603352800,113.6002520400,115.7558812800,8506120,695652181.0000,0.845500,-0.048700,1
2019-09-09,116.2489990800,117.0802548000,114.9528037200,115.6854358800,10091888,829651805.0000,1.003100,-0.060900,1
2019-09-10,116.1503755200,117.6438180000,114.5583094800,115.5586341600,10448311,860449472.0000,1.038500,-0.109600,1
2019-09-11,115.5304560000,115.6009014000,111.7264044000,113.9102118000,9658485,779126865.0000,0.960000,-1.426500,1
2019-09-12,114.1919934000,114.2624388000,111.3319101600,113.6143411200,7972549,637376647.0000,0.792400,-0.259700,1
2019-09-16,113.6988756000,115.3895652000,112.9662434400,114.0792807600,8141810,659432344.0000,0.809300,0.409200,1
2019-09-17,113.9102118000,115.2486744000,112.3322348400,113.3043813600,6440802,520818543.0000,0.640200,-0.679300,1
2019-09-18,113.6143411200,118.1932921200,113.6143411200,116.7984732000,13825859,1141293798.0000,1.374200,3.083800,1
2019-09-19,117.3197691600,118.1792030400,114.4737750000,116.0940192000,8597786,705840508.0000,0.854600,-0.603100,1
2019-09-20,116.3053554000,120.1798524000,116.2489990800,119.0527260000,9294562,784062852.0000,0.923800,2.548500,1
2019-09-23,118.6300536000,118.7991225600,115.6995249600,116.3758008000,6155832,511319316.0000,0.611900,-2.248500,1
2019-09-24,116.6434933200,120.6870592800,115.7840594400,119.7571800000,9905339,835579506.0000,0.984600,2.905600,1
2019-09-25,119.2358840400,123.9839040000,118.9400133600,121.7155621200,12731232,1105849349.0000,1.265400,1.635300,1
2019-09-26,121.6310276400,123.6457660800,119.7571800000,121.1660880000,8068056,695893079.0000,0.801900,-0.451400,1
2019-09-27,121.1519989200,124.5756453600,117.5029272000,122.6313523200,8847508,765749365.0000,0.879400,1.209300,1
2019-09-30,122.4622833600,123.2512718400,119.8558035600,122.1523236000,6374398,550272748.0000,0.633600,-0.390600,1
2019-10-08,120.9547518000,123.8007459600,117.3056800800,117.9255996000,10842902,923016585.0000,1.077700,-3.460200,1
2019-10-09,117.6438180000,117.9255996000,114.5301313200,117.5874616800,8827674,727821077.0000,0.877400,-0.286700,1
2019-10-10,118.5596082000,124.9278723600,118.3482720000,124.3079528400,14920557,1293999441.0000,1.483000,5.715300,1
2019-10-11,125.2941884400,127.3371050400,123.2512718400,124.8715160400,7797782,692508642.0000,0.775100,0.453400,1
2019-10-14,127.0835016000,128.0979153600,122.5749960000,124.4065764000,7196243,641838402.0000,0.715300,-0.372300,1
2019-10-15,124.4065764000,127.4920849200,122.8567776000,123.9839040000,6447831,572723880.0000,0.640900,-0.339800,1
2019-10-16,123.7021224000,126.3931366800,123.4203408000,124.3079528400,8641356,765250373.0000,0.858900,0.261400,1
2019-10-17,124.8292488000,127.0975906800,122.9694902400,126.6608292000,9612960,856734528.0000,0.955500,1.892800,1
2019-10-18,126.6608292000,127.1539470000,123.7021224000,124.6883580000,8436108,751754868.0000,0.838500,-1.557300,1
2019-10-21,123.8571022800,125.3928120000,118.0664904000,120.1094070000,9155049,783994954.0000,0.910000,-3.672300,1
2019-10-22,120.3207432000,122.3213925600,119.3204185200,121.2365334000,5959025,511645802.0000,0.592300,0.938400,1
2019-10-23,120.6025248000,121.7155621200,118.6018754400,118.8977461200,5436281,462623844.0000,0.540300,-1.929100,1
2019-10-24,118.5736972800,119.3063294400,115.2627634800,116.5166916000,6643504,549628976.0000,0.660300,-2.002600,1
2019-10-25,117.6438180000,118.8132116400,116.6857605600,117.1929674400,6529264,543838616.0000,0.649000,0.580400,1
2019-10-28,118.1087576400,121.1660880000,117.8551542000,120.4475449200,8746832,743769981.0000,0.869400,2.777100,1
2019-10-29,120.0389616000,122.5609069200,120.0389616000,120.9970190400,5569157,480597713.0000,0.553600,0.456200,1
2019-10-30,121.0251972000,121.6310276400,118.7709444000,120.4898121600,5784936,493409661.0000,0.575000,-0.419200,1
2019-10-31,125.8154844000,132.5359755600,125.8154844000,132.5359755600,24145811,2247644907.0000,2.400000,9.997700,1
2019-11-01,132.1696594800,133.4376766800,130.2112773600,133.0854496800,14517981,1361115146.0000,1.443000,0.414600,1
2019-11-04,134.1562197600,138.7774380000,134.1562197600,136.8049668000,11675174,1130072185.0000,1.160500,2.794800,1
2019-11-05,136.3682053200,136.4527398000,133.4376766800,134.5084467600,8909697,851407664.0000,0.885600,-1.678700,1
2019-11-06,134.9733864000,136.3259380800,132.4373520000,133.4799439200,5809972,552512167.0000,0.577500,-0.764600,1
2019-11-07,134.2689324000,135.5369496000,132.7473117600,134.2689324000,6465090,615190798.0000,0.642600,0.591100,1
2019-11-08,135.5369496000,136.5090961200,132.9304698000,133.4235876000,8813697,841468395.0000,0.876000,-0.629600,1
2019-11-11,133.0572715200,133.9871508000,129.4504670400,130.5916825200,7676908,718349692.0000,0.763100,-2.122500,1
2019-11-12,131.8596997200,131.8596997200,128.3656078800,130.4367026400,7651455,706398565.0000,0.760500,-0.118700,1
2019-11-13,130.1830992000,138.2843202000,130.1830992000,135.6073950000,12159692,1164927106.0000,1.208600,3.964100,1
2019-11-14,136.5513633600,139.9327425600,135.9032656800,138.5520127200,11276515,1106723339.0000,1.120800,2.171400,1
2019-11-15,137.9743604400,139.9045644000,136.2132254400,136.8472340400,6492852,635572708.0000,0.645400,-1.230400,1
2019-11-18,136.6640760000,138.6365472000,134.9311191600,136.8754122000,5309899,515099833.0000,0.527800,0.020600,1
2019-11-19,136.6640760000,139.2001104000,135.7623748800,139.2001104000,8587137,838185791.0000,0.853500,1.698400,1
2019-11-20,138.3406765200,141.5529867600,136.9458576000,138.6365472000,10101767,1002542814.0000,1.004100,-0.404900,1
2019-11-21,139.9327425600,139.9327425600,133.5644784000,133.8462600000,11124572,1065846486.0000,1.105700,-3.455300,1
2019-11-22,134.6070703200,135.2551680000,126.8017200000,128.4501423600,15981423,1474683596.0000,1.588500,-4.031600,1
2019-11-25,128.6333004000,129.6195360000,123.2935390800,126.6608292000,15780133,1408517322.0000,1.568500,-1.393000,1
2019-11-26,127.4357286000,128.1965389200,126.0972660000,127.7738665200,8792557,794933974.0000,0.873900,0.878800,1
2019-11-27,126.8439872400,127.3793722800,124.8433378800,127.2103033200,6188459,555683117.0000,0.615100,-0.441100,1
2019-11-28,127.1962142400,127.7879556000,126.0409096800,127.7175102000,6456944,582279772.0000,0.641800,0.398700,1
2019-11-29,126.8017200000,127.2243924000,121.7014730400,123.9698149200,13203382,1155628353.0000,1.312400,-2.934400,1
2019-12-02,123.3498954000,125.2378321200,121.7014730400,123.8148350400,7317324,641191709.0000,0.727300,-0.125000,1
2019-12-03,124.1247948000,125.6745936000,120.8843064000,125.0828522400,8281221,725671085.0000,0.823100,1.024100,1
2019-12-04,124.6179126000,128.1824498400,123.9839040000,126.6749182800,6358975,572151224.0000,0.632100,1.272800,1
2019-12-05,127.3371050400,129.1827745200,126.6890073600,128.8587256800,8070786,734393939.0000,0.802200,1.723900,1
2019-12-06,128.9150820000,131.0988894000,128.2810734000,131.0988894000,6556242,605186037.0000,0.651700,1.738500,1
2019-12-09,131.6906307600,131.8737888000,126.3508694400,127.5061740000,11121054,1007087165.0000,1.105400,-2.740500,1
2019-12-10,127.4779958400,128.2106280000,126.3790476000,127.3511941200,5794558,522944785.0000,0.576000,-0.121500,1
2019-12-11,127.5061740000,127.6188866400,126.1113550800,126.8721654000,5319457,478668527.0000,0.528700,-0.376100,1
2019-12-12,127.2384814800,130.1690101200,126.6326510400,128.6333004000,10950882,1000758445.0000,1.088500,1.388100,1
2019-12-13,129.6195360000,136.6358978400,129.2954871600,133.2545186400,21324992,2026856806.0000,2.119600,3.592600,1
2019-12-16,133.8462600000,136.6640760000,132.4655301600,135.3256134000,11506205,1104139571.0000,1.143700,1.554200,1
2019-12-17,135.5087714400,138.4393000800,134.7056938800,137.7912024000,8963102,873257936.0000,0.890900,1.822000,1
2019-12-18,138.0588949200,138.0729840000,132.2541939600,133.3390531200,11157307,1061528992.0000,1.109000,-3.231100,1
2019-12-19,132.7754899200,133.8885272400,130.8875532000,132.8600244000,7035155,661677145.0000,0.699300,-0.359300,1
2019-12-20,132.6909554400,133.6490128800,129.7181595600,130.3239900000,6747344,626446690.0000,0.670700,-1.908800,1
2019-12-23,129.7886049600,132.6345991200,129.0982400400,130.4648808000,7169468,665680599.0000,0.712600,0.108100,1
2019-12-24,129.6336250800,130.9579986000,128.7319239600,129.6899814000,5183137,477134955.0000,0.515200,-0.593900,1
2019-12-25,129.4786452000,129.7604268000,126.9707889600,128.4219642000,7537324,683953728.0000,0.749200,-0.977700,1
2019-12-26,128.1401826000,132.3669066000,127.8443119200,131.2397802000,9088457,844491106.0000,0.903400,2.194200,1
2019-12-27,130.7466624000,131.7188089200,127.6893320400,128.5205877600,9601792,881148712.0000,0.954400,-2.071900,1
2019-12-30,127.1257688400,129.3518434800,126.6185619600,128.1965389200,7733312,703169155.0000,0.768700,-0.252100,1
2019-12-31,128.3374297200,131.6201853600,127.6188866400,129.7886049600,7463430,688594586.0000,0.741800,1.241900,1
2020-01-02,130.3099009200,130.7184842400,127.3511941200,129.0841509600,11612961,1058576881.0000,1.154300,-0.542800,1
2020-01-03,129.1264182000,129.6618032400,124.0120821600,125.7591280800,17152054,1534585031.0000,1.704800,-2.575900,1
2020-01-06,124.0684384800,124.5474672000,121.0815535200,122.0114328000,20054327,1743784272.0000,1.993300,-2.980100,1
2020-01-07,122.5045506000,124.6320016800,121.4619586800,123.8571022800,12556187,1101391823.0000,1.248000,1.512700,1
2020-01-08,123.1385592000,124.4206654800,121.6732948800,123.0822028800,8512449,743711014.0000,0.846100,-0.625600,1
2020-01-09,125.3787229200,129.2250417600,124.7165361600,128.6333004000,17997092,1632541706.0000,1.788800,4.510100,1
2020-01-10,128.8869038400,130.7466624000,127.9570245600,128.2388061600,10771472,990871630.0000,1.070600,-0.306700,1
2020-01-13,129.5631796800,131.1975129600,128.0697372000,131.0284440000,12687430,1171780654.0000,1.261100,2.175400,1
2020-01-14,132.1555704000,132.3669066000,130.2817227600,130.3239900000,8012579,746379608.0000,0.796400,-0.537600,1
2020-01-15,130.0140302400,134.0857743600,129.8449612800,132.4373520000,9759889,919191692.0000,0.970100,1.621600,1
2020-01-16,133.5644784000,135.1988116800,131.5779181200,134.5366249200,10992404,1046288919.0000,1.092600,1.585100,1
2020-01-17,138.0588949200,138.0729840000,133.0713606000,136.5654524400,12404247,1200443564.0000,1.232900,1.508000,1
2020-01-20,137.4107972400,139.9186534800,135.7623748800,138.0870730800,8949866,875884166.0000,0.889600,1.114200,1
2020-01-21,138.9324178800,140.8062655200,137.1571938000,138.2843202000,9990689,986911884.0000,0.993000,0.142800,1
2020-01-22,138.3688546800,139.9468316400,135.5510386800,139.1296650000,8918670,875540799.0000,0.886500,0.611300,1
2020-01-23,139.1296650000,140.7076419600,133.2826968000,134.9592973200,10354742,1002779999.0000,1.029200,-2.997500,1
2020-02-03,122.5609069200,133.7053692000,122.5609069200,129.6054469200,15100055,1378598406.0000,1.500900,-3.967000,1
2020-02-04,129.6758923200,136.1850472800,126.8862544800,134.5507140000,14677391,1377813460.0000,1.458900,3.815600,1
2020-02-05,135.0438318000,140.1581678400,133.1558950800,136.7345214000,17882623,1732470816.0000,1.777500,1.623000,1
2020-02-06,138.0729840000,150.0487020000,136.1005128000,147.6535584000,23881504,2448716013.0000,2.373700,7.985600,1
2020-02-07,146.5264320000,149.8514548800,142.4405988000,144.2440010400,16940341,1752367532.0000,1.683800,-2.309200,1
2020-02-10,143.1168746400,148.5693486000,141.3134724000,148.1607652800,15226161,1564516380.0000,1.513400,2.715400,1
2020-02-11,148.9215756000,149.1751790400,145.1175240000,146.6109664800,10415376,1086315185.0000,1.035200,-1.046000,1
2020-02-12,149.0765554800,155.2616616000,147.7662710400,151.7534806800,16073526,1736271060.0000,1.597600,3.507600,1
2020-02-13,152.8101616800,154.4726731200,150.1614146400,151.8802824000,9524383,1030022329.0000,0.946700,0.083600,1
2020-02-14,153.1482996000,157.6286270400,152.5988254800,154.6276530000,9828922,1083523590.0000,0.977000,1.808900,1
2020-02-17,154.2331587600,162.4189142400,154.1908915200,160.6155120000,12888210,1456609270.0000,1.281000,3.872400,1
2020-02-18,161.7989947200,161.7989947200,157.3468454400,159.0516241200,9174378,1038394026.0000,0.911900,-0.973700,1
2020-02-19,159.3615838800,160.4323539600,155.7970466400,156.2478972000,10658920,1194628362.0000,1.059500,-1.762800,1
2020-02-20,155.6561558400,157.5863598000,154.6980984000,156.3887880000,9461414,1048678223.0000,0.940400,0.090200,1
2020-02-21,155.0221472400,159.9110580000,154.3881386400,158.7980206800,9002918,1009761159.0000,0.894900,1.540500,1
2020-02-24,158.5725954000,161.3199660000,156.8959948800,159.5588310000,10299925,1165046578.0000,1.023800,0.479100,1
2020-02-25,156.7128368400,167.4487158000,156.4310552400,165.3776210400,12063496,1396083548.0000,1.199100,3.646800,1
2020-02-26,163.4333280000,163.6869314400,153.5709720000,155.7547794000,14917230,1675905744.0000,1.482700,-5.818700,1
2020-02-27,155.7970466400,158.8402879200,153.6273283200,154.9798800000,9779874,1081911480.0000,0.972100,-0.497500,1
2020-02-28,148.7102394000,152.4861128400,147.2027078400,149.3442480000,12377115,1320551527.0000,1.230200,-3.636400,1
2020-03-02,151.4576100000,156.8819058000,150.9081358800,155.1066817200,9020959,986370203.0000,0.896600,3.858500,1
2020-03-03,157.9244977200,165.0958394400,157.8258741600,162.0666872400,11340413,1303111264.0000,1.127200,4.487200,1
2020-03-04,161.7144602400,166.0398078000,159.3193166400,164.3913854400,9432519,1091408642.0000,0.937600,1.434400,1
2020-03-05,166.2370549200,166.7160836400,161.2636096800,163.0388337600,9872035,1146149098.0000,0.981200,-0.822800,1
2020-03-06,161.9117073600,168.0827244000,161.4608568000,163.0811010000,8641816,1010369009.0000,0.859000,0.025900,1
2020-03-09,160.7564028000,162.8697648000,157.6286270400,157.8117850800,11003648,1246589855.0000,1.093700,-3.231100,1
2020-03-10,157.8117850800,159.4883856000,152.0352622800,157.2764000400,11404631,1265613500.0000,1.133600,-0.339300,1
2020-03-11,157.0227966000,159.3474948000,150.7108887600,150.9785812800,13595611,1480468866.0000,1.351300,-4.004300,1
2020-03-12,149.1751790400,149.9641675200,142.7364694800,144.4130700000,16048939,1660743443.0000,1.595200,-4.348600,1
2020-03-13,136.1286909600,143.1168746400,135.2551680000,141.0457798800,18064044,1783117852.0000,1.795500,-2.331700,1
2020-03-16,141.1725816000,141.2007597600,128.0697372000,129.5913578400,22979637,2193329020.0000,2.284100,-8.121100,1
2020-03-17,131.0284440000,132.6486882000,123.9839040000,129.7322486400,19647462,1806505267.0000,1.952900,0.108700,1
2020-03-18,131.4511164000,135.2410789200,127.6188866400,127.9711136400,17291816,1620712668.0000,1.718700,-1.357500,1
2020-03-19,127.9711136400,130.0422084000,120.3207432000,125.1532976400,20204417,1793200022.0000,2.008200,-2.201900,1
2020-03-20,127.5061740000,131.2397802000,125.7873062400,129.8731394400,19672930,1795357621.0000,1.955400,3.771200,1
2020-03-23,124.6883580000,126.9989671200,120.7152374400,122.0114328000,22778457,1989264576.0000,2.264100,-6.053400,1
2020-03-24,126.2381568000,130.3521681600,124.9842286800,129.4081998000,21551496,1948193157.0000,2.142100,6.062400,1
2020-03-25,134.1280416000,136.7767886400,132.3809956800,136.1427800400,26442676,2528277392.0000,2.628300,5.204100,1
2020-03-26,135.8187312000,137.7912024000,133.8462600000,136.7486104800,14980676,1445094823.0000,1.489000,0.445000,1
2020-03-27,138.4956564000,139.0451305200,131.0284440000,131.4511164000,17599864,1677307820.0000,1.749400,-3.873900,1
2020-03-30,125.3928120000,125.9563752000,121.8282747600,123.2794500000,24837150,2175838288.0000,2.468700,-6.216500,1
2020-03-31,125.1110304000,128.7601021200,123.4203408000,127.4920849200,15447799,1384983088.0000,1.535400,3.417100,1
2020-04-01,127.4639067600,132.1133031600,125.4069010800,127.5061740000,11649607,1063600886.0000,1.157900,0.011100,1
2020-04-02,128.2106280000,132.8036680800,127.1257688400,132.5218864800,11063524,1025577826.0000,1.099700,3.933700,1
2020-04-03,132.2541939600,134.6211594000,131.7328980000,132.0992140800,9909110,936017484.0000,0.984900,-0.318900,1
2020-04-07,136.2414036000,137.6221334400,134.5929812400,137.0867484000,16100257,1559364784.0000,1.600300,3.775600,1
2020-04-08,137.7348460800,137.7348460800,133.5081220800,135.8469093600,10574359,1018482953.0000,1.051000,-0.904400,1
2020-04-09,135.9878001600,144.7793860800,135.9878001600,143.7086160000,16332168,1640174221.0000,1.623400,5.787200,1
2020-04-10,143.5113688800,145.7092653600,139.6227828000,141.1021362000,9154037,923455465.0000,0.909900,-1.813700,1
2020-04-13,140.3272368000,143.8917740400,138.0729840000,142.4405988000,6598602,663308945.0000,0.655900,0.948600,1
2020-04-14,143.6804378400,144.4976044800,140.0313661200,143.6945269200,12938560,1300723625.0000,1.286000,0.880300,1
2020-04-15,142.5814896000,143.2859436000,139.2001104000,139.8341190000,13264952,1321603860.0000,1.318500,-2.686500,1
2020-04-16,139.0592196000,140.4681276000,137.3685300000,138.1716075600,11143938,1096388142.0000,1.107700,-1.188900,1
2020-04-17,140.2567914000,141.7361448000,138.0729840000,139.1860213200,14055699,1402883754.0000,1.397100,0.734200,1
2020-04-20,140.6090184000,148.5693486000,139.6368718800,147.8648946000,16589525,1711987833.0000,1.648900,6.235400,1
2020-04-21,147.7380928800,147.7380928800,143.3986562400,145.8078889200,9019889,932076009.0000,0.896500,-1.391100,1
2020-04-22,143.8495068000,148.1466762000,143.0464292400,148.1466762000,10019398,1040230886.0000,0.995900,1.604000,1
2020-04-23,147.9353400000,149.0765554800,143.4409234800,144.1312884000,10223551,1055687196.0000,1.016200,-2.710400,1
2020-04-24,143.3986562400,143.6663487600,139.4818920000,140.7499092000,9098406,908360263.0000,0.904300,-2.346000,1
2020-04-27,141.3557396400,147.9353400000,140.7358201200,145.9769578800,11786639,1210510178.0000,1.171500,3.713700,1
2020-04-28,146.0333142000,149.1470008800,142.5533114400,148.1889434400,11963379,1243331121.0000,1.189100,1.515300,1
2020-04-29,148.0762308000,148.6397940000,143.7227050800,144.4553372400,6862922,709939402.0000,0.682100,-2.519500,1
2020-04-30,143.0041620000,145.3288602000,141.5952540000,143.3845671600,9795944,993005660.0000,0.973700,-0.741200,1
2020-05-06,140.9048890800,142.2856189200,139.3410012000,141.2289379200,17805036,1774256079.0000,1.769700,-1.503400,1
2020-05-07,141.2430270000,143.9340412800,140.4681276000,142.7082913200,13175624,1333617006.0000,1.309600,1.047500,1
2020-05-08,143.2577654400,146.4559866000,142.3137970800,145.9628688000,13751873,1410505770.0000,1.366900,2.280600,1
2020-05-11,146.5264320000,147.0054607200,143.3000326800,144.8357424000,14341230,1470909698.0000,1.425500,-0.772200,1
2020-05-12,144.7793860800,149.4851388000,143.7367941600,149.4851388000,16241710,1697496668.0000,1.609100,3.210100,1
2020-05-13,149.3442480000,155.7688684800,147.8508055200,155.2757506800,16440021,1790263899.0000,1.628700,3.873700,1
2020-05-14,153.6273283200,157.0227966000,153.1482996000,155.2898397600,8918024,979913268.0000,0.883500,0.009100,1
2020-05-15,156.3324316800,156.6423914400,152.1620640000,154.0359116400,8033729,878657513.0000,0.795900,-0.807500,1
2020-05-18,153.9091099200,158.2203684000,153.5709720000,155.8674920400,10273723,1139510313.0000,1.017800,1.189100,1
2020-05-19,157.0932420000,158.5021500000,152.1620640000,156.6987477600,9883740,1090245793.0000,0.979200,0.533300,1
2020-05-20,156.6705696000,156.6705696000,153.4159921200,154.2049806000,7621182,837966032.0000,0.755000,-1.591400,1
2020-05-21,155.6561558400,157.5440925600,154.2472478400,154.9798800000,9034237,999077211.0000,0.895000,0.502500,1
2020-05-22,154.4163168000,154.6980984000,148.0762308000,148.8511302000,11515808,1229275721.0000,1.140900,-3.954500,1
2020-05-25,148.8370411200,151.1476502400,147.2308860000,150.7531560000,6667507,706988911.0000,0.660600,1.277800,1
2020-05-26,154.8249001200,154.9798800000,151.7253025200,154.2754260000,7715959,840895398.0000,0.764400,2.336400,1
2020-05-27,154.9376127600,154.9657909200,146.5405210800,147.1322624400,11861075,1260065842.0000,1.175100,-4.630100,1
2020-05-28,147.0899952000,148.2171216000,142.3137970800,144.6666734400,13302939,1371137383.0000,1.317900,-1.675800,1
2020-05-29,145.1457021600,150.7390669200,145.1457021600,150.0487020000,10611723,1124839001.0000,1.051300,3.720300,1
2020-06-01,152.1620640000,155.5152650400,151.1758284000,153.6836846400,10339694,1132276839.0000,1.024400,2.422500,1
2020-06-02,153.8527536000,154.5008512800,150.8658686400,153.8527536000,9853556,1070011121.0000,0.976200,0.110000,1
2020-06-03,154.5572076000,158.7557534400,153.8527536000,158.7557534400,14757665,1648465599.0000,1.462000,3.186800,1
2020-06-04,160.3383782500,163.2266451500,160.2988129500,161.0307710000,13982343,1144645278.0000,0.989500,1.433000,1
2020-06-05,160.2394650000,162.2572953000,158.2612000000,161.7627290500,12254552,993140104.0000,0.867200,0.454500,1
2020-06-08,162.6133830000,163.1672972000,155.8279340500,157.2720675000,21738284,1743143512.0000,1.538300,-2.776100,1
2020-06-09,157.2720675000,159.6262028500,156.7972839000,158.0633735000,12364112,989969604.0000,0.874900,0.503100,1
2020-06-10,157.8655470000,162.2177300000,157.8655470000,160.8527271500,13984047,1135033294.0000,0.989600,1.764700,1
2020-06-11,160.8329445000,164.6509959500,159.4085937000,160.8131618500,14276728,1168230913.0000,1.010300,-0.024600,1
2020-06-12,159.0525060000,165.6599111000,158.6568530000,164.5520827000,17939377,1479361989.0000,1.269500,2.325000,1
2020-06-15,164.2751256000,166.6292609500,163.2068625000,163.3057757500,14240029,1184392544.0000,1.007700,-0.757400,1
2020-06-16,165.1851275000,167.4205669500,163.4046890000,166.5699130000,15823119,1326299647.0000,1.119700,1.998800,1
2020-06-17,166.5699130000,171.8716632000,166.5501303500,168.2514382500,16062506,1371320829.0000,1.136700,1.009500,1
2020-06-18,168.2514382500,170.0516594000,164.6905612500,167.5590455000,14009440,1181487239.0000,0.991400,-0.411500,1
2020-06-19,169.6362237500,178.2812418000,169.0031789500,176.4216727000,24336071,2153630442.0000,1.722100,5.289300,1
2020-06-22,176.3227594500,179.0329825000,174.5027556500,177.6086317000,14507222,1295191905.0000,1.026600,0.672800,1
2020-06-23,177.0547175000,184.1566888500,176.0655850000,184.1369062000,18949066,1735940851.0000,1.340900,3.675700,1
2020-06-24,184.1369062000,190.8827898500,180.6749424500,189.6760482000,17722201,1657779104.0000,1.254100,3.008200,1
2020-06-29,187.5395220000,192.8017069000,186.5306068500,191.8323570500,17977564,1720270600.0000,1.272200,1.136800,1
2020-06-30,191.8323570500,194.2656230000,188.3308280000,191.1003990000,14964169,1446168554.0000,1.058900,-0.381600,1
2020-07-01,193.6721435000,193.6721435000,181.2090740000,187.4801740500,21219330,1998406125.0000,1.501600,-1.894400,1
2020-07-02,186.9460425000,188.9243075000,182.4355983000,183.9786450000,17498595,1636740312.0000,1.238300,-1.867700,1
2020-07-03,183.4049481500,190.0717012000,182.2179891500,189.6562655500,17289592,1630118753.0000,1.223500,3.086000,1
2020-07-06,186.9460425000,187.9351750000,184.1369062000,185.9569100000,28373728,2661511282.0000,2.007900,-1.950600,1
2020-07-07,184.9677775000,193.1973599000,183.1279910500,189.3595258000,24606836,2336655070.0000,1.741300,1.829800,1
2020-07-08,188.6671330500,195.9273656000,188.5484371500,191.7334438000,17203050,1672149341.0000,1.217400,1.253700,1
2020-07-09,192.6038804000,200.7938975000,189.9134400000,200.4180271500,20455746,2031904449.0000,1.447500,4.529500,1
2020-07-10,199.8047650000,206.7286925000,197.4308470000,200.4180271500,13755594,1401058374.0000,0.973400,0.000000,1
2020-07-13,201.7830300000,209.6367420500,201.4269423000,207.7178250000,18384046,1917235436.0000,1.300900,3.642300,1
2020-07-14,206.5110833500,206.5110833500,198.4991101000,204.7108622000,17475005,1789710040.0000,1.236600,-1.447600,1
2020-07-15,207.3221720000,214.5428392500,205.7395600000,211.2787020000,22808162,2434657516.0000,1.614000,3.208300,1
2020-07-16,211.6743550000,217.6091500000,198.2221530000,198.9738937000,22975155,2386130982.0000,1.625800,-5.824000,1
2020-07-17,199.1123722500,207.2430414000,197.8265000000,202.3567268500,17912423,1829076262.0000,1.267600,1.700100,1
2020-07-20,207.6980423500,207.6980423500,193.0390987000,199.1915028500,16183008,1616221208.0000,1.145200,-1.564200,1
2020-07-21,203.7612950000,217.7674112000,202.0204218000,216.6398001500,28231340,3036149462.4100,1.997800,8.759600,1
2020-07-22,213.6526200000,219.6665456000,211.6941376500,216.6595828000,18288259,1999158221.6100,1.294200,0.009100,1
2020-07-23,216.2243645000,231.8328753500,215.6308850000,227.4609097000,21741505,2479474137.7000,1.538500,4.985400,1
2020-07-24,225.7793844500,226.5113425000,209.8147859000,211.7732682500,21966721,2399927579.3000,1.554500,-6.896900,1
2020-07-27,212.6634875000,217.3124102500,207.6189117500,211.2391367000,13713857,1473836444.8400,0.970500,-0.252200,1
2020-07-28,214.6813178000,216.1847992000,207.5199985000,215.4330585000,13640531,1467491289.0500,0.965300,1.985400,1
2020-07-29,211.6743550000,218.8554569500,207.9552168000,216.8178440000,20475081,2214878115.5700,1.448900,0.642800,1
2020-07-30,216.6200175000,225.8387324000,215.8484941500,217.6487153000,15843770,1764299764.4100,1.121200,0.383200,1
2020-07-31,218.4993692500,225.5222100000,216.8178440000,223.5439450000,14652283,1646620363.4800,1.036900,2.708600,1
2020-08-03,223.6626409000,226.3728639500,219.7061109000,223.4054664500,13499082,1526685185.5100,0.955300,-0.061900,1
2020-08-04,224.1374245000,232.4461375000,223.7615541500,226.0365589000,14605430,1688983875.7800,1.033500,1.177700,1
2020-08-05,225.5419926500,234.3254892500,222.7724216500,231.4570050000,14666684,1703424752.0100,1.037900,2.398000,1
2020-08-06,231.4570050000,234.1870107000,224.1572071500,226.3135160000,14981410,1733437727.6600,1.060200,-2.222200,1
2020-08-07,225.1265570000,228.0346065500,215.4330585000,221.3678535000,17896423,1999080395.0000,1.266400,-2.185300,1
2020-08-10,221.0908964000,226.4915598500,217.0156705000,223.9395980000,14841528,1674847507.3000,1.050300,1.161800,1
2020-08-11,223.5637276500,233.1187476000,223.5637276500,224.0385112500,13258544,1534090354.9700,0.938200,0.044200,1
2020-08-12,222.2778554000,225.0078611000,209.6960900000,215.9276247500,18718593,2035824341.3800,1.324600,-3.620300,1
2020-08-13,216.2243645000,218.3015427500,209.4982635000,211.9315294500,12064893,1302681440.3800,0.853800,-1.850700,1
2020-08-14,213.6526200000,220.5369822000,203.7612950000,213.4152282000,20930039,2238977901.2400,1.481100,0.700100,1
2020-08-17,212.2480518500,213.3954455500,207.4804332000,211.4963111500,16393874,1743563526.2500,1.160100,-0.899100,1
2020-08-18,211.9117468000,218.2817601000,210.1115256500,215.7891462000,14456207,1572108817.3900,1.023000,2.029700,1
2020-08-19,214.6417525000,216.9761052000,209.9730471000,210.2500042000,9587741,1030645746.6700,0.678500,-2.566900,1
2020-08-20,210.0521777000,212.0106600500,205.6999947000,208.7267401500,11612576,1223227920.9300,0.821800,-0.724500,1
2020-08-21,210.8237010500,212.2678345000,206.9463016500,208.7069575000,9845373,1040782474.1000,0.696700,-0.009500,1
2020-08-24,210.5467439500,211.0808755000,204.7504275000,208.6871748500,12552814,1314565803.2900,0.888300,-0.009500,1
2020-08-25,208.5289136500,211.0215275500,206.7286925000,210.6654398500,11587567,1227220345.3400,0.820000,0.948000,1
2020-08-26,208.9047840000,217.3717582000,207.9354341500,211.4765285000,19322261,2083689144.1100,1.367300,0.385000,1
2020-08-27,212.4656610000,214.4241433500,207.4606505500,214.2460995000,12007202,1283325855.5300,0.849700,1.309600,1
2020-08-28,215.6111023500,220.3589383500,209.0036972500,219.5874150000,22578633,2464936072.4600,1.597800,2.493100,1
2020-08-31,223.0493787500,223.3065532000,216.6200175000,217.4311061500,19192977,2126392657.8100,1.358200,-0.982000,1
2020-09-01,216.2639298000,218.1037162500,212.6832701500,213.0195752000,17786110,1928920723.4800,1.258600,-2.028900,1
2020-09-02,212.9997925500,218.3213254000,210.7247878000,217.3915408500,19985762,2168245195.4800,1.414300,2.052400,1
2020-09-03,216.8178440000,221.7239412000,212.2678345000,213.9097944500,23788594,2614273286.0900,1.683400,-1.601600,1
2020-09-04,211.1600061000,211.1600061000,203.8602082500,208.1530433000,18524369,1941138474.2900,1.310900,-2.691200,1
2020-09-07,206.2736915500,208.1134780000,198.7365019000,198.7365019000,16270412,1670738219.6800,1.151400,-4.523900,1
2020-09-08,198.4397621500,201.7236820500,196.2241053500,199.5673732000,13381022,1348964569.5900,0.946900,0.418100,1
2020-09-09,196.6395410000,197.0351940000,192.2082274000,194.2260577000,11791597,1161556555.1200,0.834400,-2.676400,1
2020-09-10,197.7671520500,197.7671520500,191.8719223500,193.6523608500,14182656,1392073598.0300,1.003600,-0.295400,1
2020-09-11,192.4851845000,195.2943208000,192.1093141500,194.2656230000,9417440,924239519.0400,0.666400,0.316700,1
2020-09-14,194.2656230000,195.6108432000,190.9025725000,193.0786640000,13614958,1330716724.1900,0.963500,-0.611000,1
2020-09-15,193.5732302500,195.6504085000,192.8214895500,195.2547555000,10876080,1070845727.2100,0.769600,1.127000,1
2020-09-16,195.2745381500,197.3319337500,191.1003990000,192.4851845000,11188913,1090690824.0600,0.791800,-1.418400,1
2020-09-17,192.4851845000,192.8412722000,185.7788661500,188.4890892000,15898063,1509039428.2100,1.125000,-2.076100,1
2020-09-18,188.9243075000,191.4564867000,187.1636516500,191.0608337000,13159160,1261218137.4100,0.931200,1.364400,1
2020-09-21,192.9401854500,193.8106220500,187.8362617500,188.3506106500,10323013,989874469.3500,0.730500,-1.418500,1
2020-09-22,188.3506106500,191.9114876500,187.7175658500,187.9945229500,11049539,1060593420.9100,0.781900,-0.189100,1
2020-09-23,189.7551788000,195.8482350000,189.0430034000,193.8699700000,16277721,1588812896.8900,1.151800,3.125300,1
2020-09-24,193.0786640000,193.8304047000,189.9134400000,191.5751826000,10366604,1003860724.7500,0.733600,-1.183700,1
2020-09-25,195.8482350000,196.8175848500,192.3071406500,193.8106220500,18376693,1805133700.7500,1.300400,1.166900,1
2020-09-28,194.8393198500,195.4921473000,189.7156135000,191.1003990000,10838618,1052997952.2600,0.767000,-1.398400,1
2020-09-29,191.9708356000,201.4269423000,191.2190949000,199.0134590000,17013055,1692856032.1900,1.203900,4.140800,1
2020-09-30,200.3191139000,205.7395600000,199.4091120000,200.7938975000,13395937,1374169955.2300,0.947900,0.894600,1
2020-10-09,203.7612950000,207.0254322500,201.7830300000,205.1262978500,11683590,1207978564.1800,0.826700,2.157600,1
2020-10-12,207.6980423500,214.6615351500,205.4823855500,213.2569670000,15529901,1657021855.3800,1.098900,3.963700,1
2020-10-13,213.7119679500,217.6091500000,212.6634875000,215.6308850000,10051021,1095085914.4100,0.711200,1.113200,1
2020-10-14,215.6308850000,218.1037162500,213.8306638500,214.7011004500,11625248,1269590058.6800,0.822600,-0.431200,1
2020-10-15,214.9384922500,218.9345875500,214.2460995000,216.2441471500,9227163,1009615389.7600,0.652900,0.718700,1
2020-10-16,216.8376266500,221.1700270000,211.6743550000,214.4637086500,9311809,1018957382.5100,0.658900,-0.823300,1
2020-10-19,217.1145837500,217.1541490500,207.5595638000,208.8058707500,13397601,1424179835.3900,0.948000,-2.638100,1
2020-10-20,208.8058707500,213.6526200000,207.3221720000,213.3163149500,9906787,1059595624.4200,0.701000,2.160100,1
2020-10-21,214.8197963500,217.0156705000,212.6634875000,214.2658821500,9026763,978756295.4700,0.638700,0.445100,1
2020-10-22,215.2352320000,215.6308850000,211.1797887500,214.3647954000,8298503,893267962.9700,0.587200,0.046200,1
2020-10-23,214.3845780500,214.6417525000,203.7612950000,206.0956477000,13900188,1461472672.7600,0.983600,-3.857500,1
2020-10-26,202.5149880500,208.6476095500,197.8265000000,207.0847802000,9616750,995602717.6700,0.680500,0.479900,1
2020-10-27,208.0936953500,215.6308850000,204.6515142500,214.7406657500,12875971,1385126715.3500,0.911100,3.697000,1
2020-10-28,215.3737105500,220.9326352000,214.4439260000,216.8178440000,14067639,1545185963.2900,0.995400,0.967300,1
2020-10-29,215.2352320000,224.7309040000,214.5032739500,223.0493787500,16344026,1823240895.0900,1.156500,2.874100,1
2020-10-30,223.5439450000,231.9317886000,220.2402424500,222.9900308000,19756077,2252146156.6500,1.398000,-0.026600,1
2020-11-02,224.8693825500,227.6983015000,222.1591595000,225.7200365000,16300510,1852886985.7100,1.153400,1.224300,1
2020-11-03,226.5113425000,227.5004750000,223.5241623500,224.9287305000,12652427,1443940489.6400,0.895300,-0.350600,1
2020-11-04,223.7417715000,229.0237390500,220.4380689500,227.5993882500,11092727,1262937812.9700,0.784900,1.187300,1
2020-11-05,230.0722195000,232.4461375000,223.1482920000,231.2591785000,14237130,1645686312.6700,1.007400,1.608000,1
2020-11-06,232.4461375000,233.0396170000,225.5222100000,230.2898286500,11791113,1370121533.4400,0.834400,-0.419200,1
2020-11-09,232.4461375000,240.5570240000,229.4787400000,236.3037542500,18363233,2187414304.7600,1.299400,2.611500,1
2020-11-10,236.2048410000,240.5372413500,226.4322119000,238.0050621500,14103648,1680368242.6300,0.998000,0.720000,1
2020-11-11,237.4115826500,240.9526770000,226.4717772000,227.2433005500,16919973,1984670791.0400,1.197300,-4.521700,1
2020-11-12,229.4787400000,234.9189687500,227.8961280000,231.8526580000,10798887,1269803401.0200,0.764100,2.028400,1
2020-11-13,232.6439640000,235.2750564500,231.4570050000,232.8417905000,10769843,1270580195.3800,0.762100,0.426600,1
2020-11-16,233.4352700000,239.9635445000,231.8922233000,239.0733252500,9792364,1175619580.1400,0.692900,2.676300,1
2020-11-17,237.9654968500,238.9744120000,228.6478687000,230.4876551500,10980730,1288997446.1300,0.777000,-3.591200,1
2020-11-18,230.0722195000,231.1602652500,207.4408679000,209.4389155500,34613482,3756690633.1500,2.449300,-9.132300,1
2020-11-19,207.7178250000,213.8504465000,205.9769518000,211.5952244000,17304267,1846158051.5100,1.224500,1.029600,1
2020-11-20,213.6130547000,218.4598039500,213.0393578500,215.8287115000,8895095,972830836.3000,0.629400,2.000700,1
2020-11-23,215.8287115000,217.5300194000,210.6456572000,212.6634875000,11335990,1220488722.2800,0.802100,-1.466500,1
2020-11-24,212.8613140000,212.8613140000,205.8384732500,207.7969556000,13275600,1396092991.9200,0.939400,-2.288400,1
2020-11-25,207.7573903000,207.8167382500,201.1895505000,202.1786830000,17983980,1851050957.8100,1.272600,-2.703700,1
2020-11-26,205.1460805000,206.0956477000,201.6247688000,203.7612950000,9533006,981076531.6300,0.674600,0.782800,1
2020-11-27,205.0867325500,205.3241243500,199.9630262000,203.4249899500,10434945,1068433860.1200,0.738400,-0.165000,1
2020-11-30,204.7504275000,205.7197773500,198.0836744500,204.4141224500,20993550,2146387302.8300,1.485500,0.486200,1
2020-12-01,203.7612950000,214.6615351500,203.3656420000,214.6021872000,21842010,2339046254.6700,1.545600,4.984000,1
2020-12-02,214.6021872000,216.4221910000,210.6060919000,213.7515332500,8873141,954762266.1000,0.627900,-0.396400,1
2020-12-03,213.7515332500,219.6071976500,211.4369632000,217.7476285500,13618862,1491879818.9000,0.963700,1.869500,1
2020-12-04,218.4004560000,220.1808945000,215.8287115000,219.5280670500,12545445,1388649411.3100,0.887700,0.817700,1
2020-12-07,217.8267591500,220.2402424500,213.7515332500,219.6467629500,13631612,1505910014.2100,0.964600,0.054100,1
2020-12-08,219.7852415000,221.1106790500,217.8267591500,219.3895885000,12690317,1410236178.9100,0.898000,-0.117100,1
2020-12-09,219.5874150000,220.7348087000,214.5428392500,215.2747973000,10445232,1147363606.4600,0.739100,-1.875600,1
2020-12-10,213.6328373500,217.2134970000,212.2282692000,216.9365399000,10609081,1151669837.4300,0.750700,0.771900,1
2020-12-11,217.5498020500,221.3282882000,214.1471862500,215.6308850000,12741530,1398950524.3400,0.901600,-0.601900,1
2020-12-14,215.9078421000,225.5222100000,214.8000137000,223.9395980000,13458100,1502419513.9200,0.952300,3.853200,1
2020-12-15,223.3461185000,232.1889630500,222.7130737000,229.2809135000,19013920,2204268826.8100,1.345400,2.385200,1
2020-12-16,229.4985226500,235.3937523500,229.4985226500,233.6528791500,14855432,1750066626.6700,1.051200,1.906800,1
2020-12-17,239.9635445000,247.2237770500,239.3700650000,243.3265950000,23848633,2937640108.3500,1.687600,4.140200,1
2020-12-18,242.1000707000,245.1268161500,240.1218057000,240.9526770000,10724767,1312876360.2300,0.758900,-0.975600,1
2020-12-21,242.3374625000,246.0961660000,239.6865874000,244.1772489500,14247170,1752568571.4500,1.008100,1.338300,1
2020-12-22,244.2761622000,254.4642269500,243.5442041500,246.6896455000,16309316,2054405001.2700,1.154100,1.028900,1
2020-12-23,247.2831250000,250.8440020000,242.9309420000,248.1733442500,12867644,1606150969.3300,0.910500,0.601400,1
2020-12-24,247.2237770500,251.8331345000,244.7113805000,249.6570430000,8193956,1030763952.2000,0.579800,0.597800,1
2020-12-25,248.4107360500,263.1685929500,247.9161698000,260.1418475000,14371840,1856731036.5600,1.017000,4.199700,1
2020-12-28,259.8846730500,260.1418475000,253.4157465000,254.8994452500,14784057,1917962618.5500,1.046100,-2.015200,1
2020-12-29,256.1853175000,258.1635825000,249.9142174500,255.6907512500,8415982,1082671610.6800,0.595500,0.310400,1
2020-12-30,255.7896645000,262.8520705500,254.6224881500,259.5681506500,12286881,1610821558.0600,0.869400,1.516400,1
2020-12-31,260.8342402500,270.1320857500,260.8342402500,266.5118608000,15064212,2024099293.4700,1.066000,2.675100,1
2021-01-04,267.2636015000,275.1568788500,266.4327302000,271.2399141500,16322321,2238798376.4800,1.155000,1.774000,1
2021-01-05,270.9827397000,284.4745070000,269.6375195000,280.8938473500,17024903,2407863215.7300,1.204700,3.559200,1
2021-01-06,281.2697177000,287.7979922000,273.1983965000,284.3558111000,20629572,2915875742.2300,1.459800,1.232500,1
2021-01-07,284.8503773500,288.7871247000,279.6277577500,288.7277767500,11606731,1666998425.9000,0.821300,1.537500,1
2021-01-08,289.9147357500,298.7377976500,282.8918950000,289.2421256500,16105422,2359319044.4000,1.139600,0.178100,1
2021-01-11,287.8375575000,299.9049740000,283.6634183500,291.7940875000,13969055,2076750194.7300,0.988500,0.882300,1
2021-01-12,292.1897405000,298.5399711500,281.6653707000,296.6606194000,15557020,2284661533.2800,1.100800,1.667800,1
2021-01-13,300.6567147000,300.6764973500,276.9373173500,282.2588502000,20485644,2954386191.2400,1.449600,-4.854600,1
2021-01-14,281.9027625000,288.7277767500,272.2290466500,280.8147167500,14608464,2070648467.2700,1.033700,-0.511600,1
2021-01-15,279.9442801500,281.3686309500,270.6266520000,275.8888369000,15470974,2155221139.3800,1.094700,-1.754100,1
2021-01-18,280.8938473500,288.8266900000,272.0114375000,284.0788540000,12866546,1843172692.7700,0.910500,2.968600,1
2021-01-19,283.8810275000,294.0888749000,283.1095041500,283.6436357000,14459716,2115893478.7800,1.023200,-0.153200,1
2021-01-20,287.1451647500,310.3699958500,287.1451647500,304.9891150500,17434749,2679343896.7100,1.233700,7.525500,1
2021-01-21,310.3897785000,318.6787088500,308.6093400000,316.5224000000,17149353,2731044082.2500,1.213500,3.781500,1
2021-01-22,325.4245925000,348.1746400000,325.4245925000,348.1746400000,24544548,4237474847.5600,1.736800,10.000000,1
2021-01-25,354.9007410000,364.2381518000,344.2181100000,364.1985865000,18489911,3330533118.6500,1.308400,4.602300,1
2021-01-26,358.4022700500,358.4022700500,336.7007030000,341.3694084000,22419831,3897998364.4400,1.586500,-6.268300,1
2021-01-27,341.3298431000,341.3694084000,327.9172064000,334.8213512500,16232367,2742517486.2600,1.148600,-1.918200,1
2021-01-28,331.6165619500,342.8926724500,326.4137250000,326.4137250000,23064079,3886879464.8000,1.632000,-2.511100,1
2021-01-29,332.3485200000,339.2724475000,324.4354600000,329.0646001000,19686096,3322460148.4900,1.393000,0.812100,1
2021-02-01,329.0646001000,341.4683216500,328.6887297500,338.8767945000,16627739,2831833505.1300,1.176600,2.981800,1
2021-02-02,338.8965771500,344.4950671000,324.1980682000,344.2181100000,13545575,2314275212.5500,0.958500,1.576200,1
2021-02-03,340.9737554000,362.9918448500,340.6967983000,353.6742167000,16688568,2989918348.8600,1.180900,2.747100,1
2021-02-04,349.9550785000,355.6722643500,336.6611377000,342.4970194500,12790603,2232268397.1300,0.905100,-3.160300,1
2021-02-05,344.9500680500,359.0550975000,340.7759289000,348.6098583000,11163416,1985004055.9300,0.789900,1.784800,1
2021-02-08,352.1311700000,352.1311700000,341.2704951500,350.1529050000,11723929,2058166794.1900,0.829600,0.442600,1
2021-02-09,352.1113873500,364.0007600000,350.1726876500,360.1035779500,11150928,2018964735.7200,0.789100,2.841800,1
2021-02-10,359.0550975000,371.6566455500,353.8918258500,365.9790250000,12854500,2364608089.8700,0.909600,1.631600,1
2021-02-18,371.9138200000,372.4677342000,334.4850462000,340.0637535000,26127796,4571583300.8000,1.848800,-7.081100,1
2021-02-19,336.5028765000,344.7720242000,330.0735152500,342.2002797000,13806008,2359936363.8700,0.976900,0.628300,1
2021-02-22,342.0420185000,342.0420185000,310.9436927000,311.1810845000,31633948,5129987274.3400,2.238500,-9.064600,1
2021-02-23,308.6093400000,318.2632732000,306.0375955000,306.6310750000,20530990,3228228986.7800,1.452800,-1.462200,1
2021-02-24,310.3897785000,312.2295649500,287.2836433000,293.4162648000,26654346,4010426921.4300,1.886100,-4.309700,1
2021-02-25,296.3045317000,298.1838834500,288.1540799000,291.2006080000,16761126,2480042205.8300,1.186000,-0.755100,1
2021-02-26,283.1095041500,289.2619083000,273.4951362500,284.2371152000,19908094,2848321283.8500,1.408700,-2.391300,1
2021-03-01,292.7436547000,297.9267090000,282.7138511500,294.0888749000,21812722,3227312781.9500,1.543400,3.466000,1
2021-03-02,297.2936642000,298.6784497000,275.3744880000,280.9136300000,25101432,3611237601.8400,1.776100,-4.480000,1
2021-03-03,283.8810275000,289.6179960000,279.9442801500,288.2529931500,14435566,2089552878.5600,1.021400,2.612700,1
2021-03-04,280.9136300000,281.8038492500,268.7275176000,273.9501372000,22219124,3078664515.8500,1.572100,-4.961900,1
2021-03-05,267.6988198000,272.0510028000,256.3831440000,268.2131687000,25216003,3379292536.0900,1.784100,-2.094200,1
2021-03-08,271.0223050000,272.8620914500,247.5007341500,247.5007341500,30091067,3921036546.7200,2.129100,-7.722400,1
2021-03-09,249.5581297500,261.0122841000,241.4076779500,249.6768256500,32696488,4170729513.2400,2.313400,0.879200,1
2021-03-10,260.9133708500,271.6157845000,257.1744500000,265.0677273500,25861428,3461352931.8100,1.829800,6.164300,1
2021-03-11,267.3229494500,282.8918950000,263.7818551000,275.9679675000,25938326,3604309810.1500,1.835300,4.112200,1
2021-03-12,276.6010123000,281.0718912000,266.8679485000,276.6405776000,18808504,2616091803.8100,1.330800,0.243700,1
2021-03-15,271.1014356000,273.6533974500,249.4196512000,255.6116206500,34169979,4462436832.5600,2.417700,-7.601500,1
2021-03-16,258.9153232000,260.5177178500,250.2505225000,258.1635825000,20959380,2708242469.8900,1.483000,0.998400,1
2021-03-17,254.9587932000,262.8718532000,247.2831250000,257.7679295000,20090290,2611334155.4200,1.421500,-0.153300,1
2021-03-18,261.7244595000,265.6809895000,257.7877121500,265.0479447000,17323443,2298778776.5800,1.225700,2.824300,1
2021-03-19,255.7896645000,262.0211992500,247.0852985000,249.8746521500,21575547,2753985529.9100,1.526600,-5.724700,1
2021-03-22,247.2633423500,253.6135730000,236.7587552000,245.8983395000,25092529,3099352849.0500,1.775400,-1.591300,1
2021-03-23,246.5313843000,249.8548695000,240.3591975000,243.9398571500,14335664,1773335195.2200,1.014300,-0.796500,1
2021-03-24,243.9398571500,251.2396550000,241.3483300000,243.9596398000,28541649,3527956433.6300,1.933700,0.008100,1
2021-03-25,243.3265950000,257.0161888000,240.9131117000,256.8974929000,27811967,3532668499.5600,1.884200,5.303300,1
2021-03-26,260.0824995500,270.7849132000,257.9261907000,269.3605624000,39624034,5319866593.5100,2.684500,4.851400,1
2021-03-29,271.0025223500,277.7088407000,264.1577254500,270.3496949000,23612376,3243341579.8600,1.599700,0.367200,1
2021-03-30,269.0242573500,285.5823354000,268.0549075000,283.6238530500,24696667,3487585201.7000,1.673200,4.910000,1
2021-03-31,282.9116776500,284.6525508500,272.0114375000,277.3527530000,21854648,3063425204.5600,1.480600,-2.211100,1
2021-04-01,277.9462325000,286.2153802000,276.1657940000,285.8988578000,16848845,2415394846.0300,1.141500,3.081300,1
2021-04-02,286.2153802000,292.7832200000,282.8721123500,290.5675632000,17636730,2574011929.4500,1.194900,1.633000,1
2021-04-06,286.8484250000,290.7851723500,274.9788350000,279.6079751000,19237683,2718195391.4500,1.303300,-3.771800,1
2021-04-07,281.8236319000,282.6149379000,276.3438378500,280.2212372500,12863487,1814643481.0600,0.871500,0.219300,1
2021-04-08,280.9334126500,289.2816909500,277.3329703500,289.2223430000,17902893,2571248714.1900,1.212900,3.212100,1
2021-04-09,288.4310370000,288.4310370000,273.7918760000,276.1460113500,19157520,2693407484.0800,1.297900,-4.521200,1
2021-04-12,271.4179580000,278.1440590000,260.7353270000,262.5553308000,24742247,3329971350.0800,1.676300,-4.921600,1
2021-04-13,265.0875100000,270.0727378000,262.6146787500,266.0766425000,17820720,2399819518.4100,1.207300,1.341200,1
2021-04-14,269.8155633500,272.9807873500,260.1418475000,268.0549075000,17259016,2334351641.7400,1.169300,0.743500,1
2021-04-15,269.0440400000,271.7344804000,260.1616301500,266.0766425000,14028079,1882146805.1700,0.950400,-0.738000,1
2021-04-16,269.4396930000,270.0133898500,261.1507626500,266.3733822500,14398237,1934095428.8800,0.975500,0.111500,1
2021-04-19,267.0262097000,270.8244785000,262.2783737000,269.0440400000,22883836,3097261075.7200,1.550400,1.002600,1
2021-04-20,267.0657750000,281.4279789000,265.4040324000,276.9571000000,24109890,3358956471.0500,1.633400,2.941200,1
2021-04-21,276.3438378500,279.9244975000,270.2507816500,279.8255842500,16658946,2328491145.2200,1.128600,1.035700,1
2021-04-22,282.4764593500,282.8918950000,277.1747091500,278.1242763500,13952949,1974665405.0500,0.945300,-0.608000,1
2021-04-23,276.3636205000,297.7090998500,276.1657940000,296.9771418000,24022807,3542605382.1300,1.627500,6.778600,1
2021-04-26,302.1008481500,304.8506365000,289.8356051500,291.1610427000,24581166,3712255938.0700,1.665400,-1.958400,1
2021-04-27,292.7238720500,302.6745450000,290.1323449000,300.9138891500,17223078,2596401672.8500,1.166900,3.349600,1
2021-04-28,299.9049740000,309.2819501000,296.7001847000,309.2621674500,20691303,3197290160.1400,1.401800,2.774300,1
2021-04-29,309.2621674500,316.5224000000,304.6528100000,316.5224000000,20497908,3210922775.6100,1.388700,2.347600,1
2021-04-30,318.5797956000,324.1980682000,310.1919520000,314.0495687500,23765040,3805699070.1400,1.610100,-0.781300,1
2021-05-06,302.8723715000,304.6528100000,285.4240742000,294.9395288500,36173856,5402524890.3500,2.450800,-6.085000,1
2021-05-07,294.9197462000,300.6171494000,280.6564555500,283.0699388500,25590794,3739746886.4000,1.733500,-4.024400,1
2021-05-10,280.1223240000,294.8406156000,277.5703621500,289.6179960000,23198940,3386764938.8600,1.099500,2.313200,1
2021-05-11,286.7297291000,297.9267090000,282.2786328500,296.7001847000,21681906,3198353830.0500,1.027600,2.445400,1
2021-05-12,292.7832200000,305.6419425000,292.7832200000,303.0306327000,16620191,2519300491.8500,0.786400,2.133600,1
2021-05-13,299.9049740000,305.1078109500,295.7506175000,304.6528100000,17481634,2660718890.4800,0.827200,0.535300,1
2021-05-14,304.6528100000,308.6093400000,296.6804020500,303.0701980000,21369208,3270941002.2800,1.011200,-0.519500,1
2021-05-17,303.6636775000,320.3008861500,303.6636775000,319.3513189500,26116906,4181227475.9900,1.235800,5.372100,1
2021-05-18,317.5115325000,320.4195820500,312.5658700000,318.6589262000,13841674,2215334279.5400,0.655000,-0.216800,1
2021-05-19,316.5224000000,319.4897975000,312.5658700000,313.7528290000,12930266,2058036992.4100,0.611800,-1.539600,1
2021-05-20,312.6647832500,316.9180530000,311.1810845000,315.7310940000,16393433,2607744921.9100,0.775700,0.630500,1
2021-05-21,317.8874028500,327.0467698000,314.5441350000,323.2682836500,24748767,4019636821.1300,1.171100,2.387200,1
2021-05-24,325.4245925000,326.4137250000,312.5658700000,324.6332865000,23312833,3780462582.0900,1.103100,0.422300,1
2021-05-25,326.4137250000,336.9974427500,326.4137250000,334.3267850000,30657144,5180517607.9300,1.450600,2.986000,1
