time,open,high,low,close,vol,time_stamp
1613707200000,9.55,30.0,9.55,17.64,2141646.743,2021-02-19 04:00:00
1613721600000,17.647,18.777,16.5,17.751,2057182.515,2021-02-19 08:00:00
1613736000000,17.753,21.7,17.45,19.151,3688342.304,2021-02-19 12:00:00
1613750400000,19.098,19.263,16.707,18.471,1149546.784,2021-02-19 16:00:00
1613764800000,18.5,20.0,18.207,18.934,1305886.966,2021-02-19 20:00:00
1613779200000,18.934,19.0,14.5,15.845,1854462.057,2021-02-20 00:00:00
1613793600000,15.841,16.91,15.035,15.995,995084.039,2021-02-20 04:00:00
1613808000000,15.995,16.562,15.7,16.471,1066004.973,2021-02-20 08:00:00
1613822400000,16.471,16.51,13.654,14.249,1972967.905,2021-02-20 12:00:00
1613836800000,14.228,15.815,14.2,15.039,1380171.565,2021-02-20 16:00:00
1613851200000,15.053,15.09,12.1,14.673,1926206.808,2021-02-20 20:00:00
1613865600000,14.611,16.5,14.1,15.266,1313315.902,2021-02-21 00:00:00
1613880000000,15.29,15.95,14.59,14.897,565327.338,2021-02-21 04:00:00
1613894400000,14.942,18.074,14.891,16.93,2201217.089,2021-02-21 08:00:00
1613908800000,16.929,18.894,16.9,17.908,1973793.916,2021-02-21 12:00:00
1613923200000,17.948,18.1,16.59,17.027,1059684.853,2021-02-21 16:00:00
1613937600000,17.031,17.2,15.72,16.645,910809.18,2021-02-21 20:00:00
1613952000000,16.652,16.752,15.21,15.42,637817.107,2021-02-22 00:00:00
1613966400000,15.419,16.017,14.871,15.575,819486.252,2021-02-22 04:00:00
1613980800000,15.599,15.724,13.688,14.31,1211405.044,2021-02-22 08:00:00
1613995200000,14.31,15.588,12.235,15.046,2802184.648,2021-02-22 12:00:00
1614009600000,15.005,15.33,13.5,14.718,961268.399,2021-02-22 16:00:00
1614024000000,14.719,15.79,14.482,15.027,754140.364,2021-02-22 20:00:00
1614038400000,15.056,15.099,13.056,13.685,799612.242,2021-02-23 00:00:00
1614052800000,13.677,14.0,12.5,12.504,1001966.424,2021-02-23 04:00:00
1614067200000,12.504,12.659,9.66,10.971,3110312.788,2021-02-23 08:00:00
1614081600000,10.929,13.19,10.5,12.912,2563496.551,2021-02-23 12:00:00
1614096000000,12.995,13.389,11.01,11.043,902897.017,2021-02-23 16:00:00
1614110400000,11.043,12.79,10.8,12.744,837696.559,2021-02-23 20:00:00
1614124800000,12.788,14.0,11.5,13.853,1079499.214,2021-02-24 00:00:00
1614139200000,13.854,14.499,12.869,14.381,1331845.546,2021-02-24 04:00:00
1614153600000,14.329,16.131,13.83,14.839,2552486.341,2021-02-24 08:00:00
1614168000000,14.839,15.7,13.3,14.695,1692672.164,2021-02-24 12:00:00
1614182400000,14.696,15.034,13.467,13.605,734931.49,2021-02-24 16:00:00
1614196800000,13.611,14.197,13.031,14.16,658247.341,2021-02-24 20:00:00
1614211200000,14.16,14.844,13.581,13.91,634123.998,2021-02-25 00:00:00
1614225600000,13.936,14.1,13.45,13.525,558558.215,2021-02-25 04:00:00
1614240000000,13.53,13.62,12.809,13.376,1031588.512,2021-02-25 08:00:00
1614254400000,13.374,14.3,13.119,13.402,1134082.49,2021-02-25 12:00:00
1614268800000,13.407,13.854,12.868,13.017,656643.075,2021-02-25 16:00:00
1614283200000,13.002,13.017,11.51,11.652,876174.2,2021-02-25 20:00:00
1614297600000,11.711,12.22,10.6,11.67,1483401.566,2021-02-26 00:00:00
1614312000000,11.674,11.9,10.419,10.747,1067815.206,2021-02-26 04:00:00
1614326400000,10.718,12.083,10.703,11.606,1158280.185,2021-02-26 08:00:00
1614340800000,11.607,12.399,11.561,12.139,804361.692,2021-02-26 12:00:00
1614355200000,12.173,12.668,11.474,11.504,820300.253,2021-02-26 16:00:00
1614369600000,11.531,11.714,10.82,11.283,807323.22,2021-02-26 20:00:00
1614384000000,11.283,12.369,11.23,11.638,814267.176,2021-02-27 00:00:00
1614398400000,11.638,12.05,11.398,11.6,453629.097,2021-02-27 04:00:00
1614412800000,11.641,11.77,11.0,11.45,799600.515,2021-02-27 08:00:00
1614427200000,11.463,11.6,10.769,10.892,1012777.713,2021-02-27 12:00:00
1614441600000,10.892,11.084,10.601,10.996,690801.932,2021-02-27 16:00:00
1614456000000,10.996,11.11,10.359,10.652,613828.299,2021-02-27 20:00:00
1614470400000,10.651,10.83,9.157,9.174,957935.36,2021-02-28 00:00:00
1614484800000,9.174,9.742,8.7,9.136,1533045.064,2021-02-28 04:00:00
1614499200000,9.133,10.0,9.092,9.831,1214950.144,2021-02-28 08:00:00
1614513600000,9.837,9.95,8.3,8.502,1398428.761,2021-02-28 12:00:00
1614528000000,8.514,9.136,8.3,9.07,1330651.626,2021-02-28 16:00:00
1614542400000,9.078,9.692,8.85,9.379,1224664.249,2021-02-28 20:00:00
1614556800000,9.379,11.574,9.346,11.137,2114337.309,2021-03-01 00:00:00
1614571200000,11.137,11.3,10.343,10.862,1794244.267,2021-03-01 04:00:00
1614585600000,10.832,13.499,10.825,12.603,4841843.54,2021-03-01 08:00:00
1614600000000,12.604,13.37,12.35,12.988,2962011.136,2021-03-01 12:00:00
1614614400000,12.998,13.13,11.876,12.141,2322480.345,2021-03-01 16:00:00
1614628800000,12.141,13.258,12.049,13.11,1442994.759,2021-03-01 20:00:00
1614643200000,13.119,13.71,12.352,12.475,1631856.786,2021-03-02 00:00:00
1614657600000,12.478,12.674,11.724,11.869,1148853.352,2021-03-02 04:00:00
1614672000000,11.873,12.58,11.82,12.099,1300260.329,2021-03-02 08:00:00
1614686400000,12.103,12.828,12.005,12.166,1191335.938,2021-03-02 12:00:00
1614700800000,12.167,12.219,11.09,11.307,1379328.986,2021-03-02 16:00:00
1614715200000,11.323,12.108,11.109,12.03,904728.409,2021-03-02 20:00:00
1614729600000,12.047,12.271,11.794,11.855,762864.638,2021-03-03 00:00:00
1614744000000,11.855,13.099,11.855,12.644,1151917.979,2021-03-03 04:00:00
1614758400000,12.68,13.29,12.68,13.016,1356744.751,2021-03-03 08:00:00
1614772800000,13.019,13.48,12.47,12.767,1599559.724,2021-03-03 12:00:00
1614787200000,12.802,13.15,12.476,12.915,829490.204,2021-03-03 16:00:00
1614801600000,12.906,12.931,12.49,12.599,441727.605,2021-03-03 20:00:00
1614816000000,12.599,13.193,12.326,12.545,779172.267,2021-03-04 00:00:00
1614830400000,12.545,12.966,12.43,12.957,632421.792,2021-03-04 04:00:00
1614844800000,12.916,13.356,12.06,12.328,1880645.737,2021-03-04 08:00:00
1614859200000,12.323,12.6,12.1,12.275,811738.871,2021-03-04 12:00:00
1614873600000,12.3,12.4,11.102,11.463,1146565.941,2021-03-04 16:00:00
1614888000000,11.48,11.625,11.201,11.544,421258.887,2021-03-04 20:00:00
1614902400000,11.543,11.564,10.678,10.99,1007615.678,2021-03-05 00:00:00
1614916800000,11.001,11.296,10.6,11.08,659259.106,2021-03-05 04:00:00
1614931200000,11.08,11.21,10.6,11.031,603491.972,2021-03-05 08:00:00
1614945600000,11.031,11.755,10.9,11.342,862766.28,2021-03-05 12:00:00
1614960000000,11.34,11.45,10.9,11.399,561538.738,2021-03-05 16:00:00
1614974400000,11.39,11.478,11.0,11.094,348092.995,2021-03-05 20:00:00
1614988800000,11.061,11.299,11.061,11.188,162427.447,2021-03-06 00:00:00
1615003200000,11.209,11.899,11.142,11.658,610451.649,2021-03-06 04:00:00
1615017600000,11.638,12.001,11.328,11.402,538319.824,2021-03-06 08:00:00
1615032000000,11.403,11.444,10.951,11.024,629992.844,2021-03-06 12:00:00
1615046400000,11.026,11.263,10.777,10.889,744209.795,2021-03-06 16:00:00
1615060800000,10.899,11.25,10.85,11.13,349831.91,2021-03-06 20:00:00
1615075200000,11.113,11.29,11.057,11.182,389804.214,2021-03-07 00:00:00
1615089600000,11.181,11.212,10.904,11.122,347713.389,2021-03-07 04:00:00
1615104000000,11.121,12.2,11.093,12.001,1526199.834,2021-03-07 08:00:00
1615118400000,12.002,12.035,11.442,11.5,752389.884,2021-03-07 12:00:00
1615132800000,11.5,11.819,11.351,11.423,557647.174,2021-03-07 16:00:00
1615147200000,11.423,11.698,11.103,11.678,415668.17,2021-03-07 20:00:00
1615161600000,11.668,11.835,11.389,11.578,583897.131,2021-03-08 00:00:00
1615176000000,11.592,11.85,11.312,11.325,528564.526,2021-03-08 04:00:00
1615190400000,11.325,11.45,11.021,11.382,658317.326,2021-03-08 08:00:00
1615204800000,11.382,11.522,11.16,11.501,587660.759,2021-03-08 12:00:00
1615219200000,11.501,11.56,11.281,11.372,451802.176,2021-03-08 16:00:00
1615233600000,11.372,11.944,11.371,11.936,945031.059,2021-03-08 20:00:00
1615248000000,11.935,12.84,11.654,12.485,1329741.039,2021-03-09 00:00:00
1615262400000,12.479,12.598,12.131,12.258,806488.554,2021-03-09 04:00:00
1615276800000,12.258,14.0,12.248,13.445,1851356.472,2021-03-09 08:00:00
1615291200000,13.445,13.876,12.924,13.571,1427116.274,2021-03-09 12:00:00
1615305600000,13.573,13.749,13.2,13.415,714296.286,2021-03-09 16:00:00
1615320000000,13.403,14.691,13.352,14.201,1428256.266,2021-03-09 20:00:00
1615334400000,14.2,14.388,12.644,13.007,1427186.105,2021-03-10 00:00:00
1615348800000,13.007,13.989,12.881,13.901,877886.015,2021-03-10 04:00:00
1615363200000,13.921,13.999,12.823,13.075,1682464.931,2021-03-10 08:00:00
1615377600000,13.072,13.474,12.929,13.18,888587.318,2021-03-10 12:00:00
1615392000000,13.18,13.385,13.082,13.251,583457.695,2021-03-10 16:00:00
1615406400000,13.25,13.251,12.501,12.745,633881.355,2021-03-10 20:00:00
1615420800000,12.743,12.962,12.53,12.722,407814.718,2021-03-11 00:00:00
1615435200000,12.73,12.8,12.288,12.323,584880.104,2021-03-11 04:00:00
1615449600000,12.301,12.65,12.059,12.369,1085692.599,2021-03-11 08:00:00
1615464000000,12.355,13.666,12.16,12.55,1899348.647,2021-03-11 12:00:00
1615478400000,12.551,12.847,12.3,12.336,702965.091,2021-03-11 16:00:00
1615492800000,12.32,12.582,12.216,12.333,576033.542,2021-03-11 20:00:00
1615507200000,12.327,12.387,11.697,11.945,1128594.358,2021-03-12 00:00:00
1615521600000,11.948,12.186,11.721,11.872,637325.707,2021-03-12 04:00:00
1615536000000,11.872,12.279,11.68,11.688,740830.928,2021-03-12 08:00:00
1615550400000,11.688,11.701,10.502,11.48,1819780.922,2021-03-12 12:00:00
1615564800000,11.481,11.622,10.853,10.977,657597.775,2021-03-12 16:00:00
1615579200000,10.977,11.194,10.75,11.018,527282.213,2021-03-12 20:00:00
1615593600000,11.017,11.03,10.625,10.8,541425.118,2021-03-13 00:00:00
1615608000000,10.811,11.518,10.654,11.446,624379.462,2021-03-13 04:00:00
1615622400000,11.431,11.917,11.0,11.63,1410518.42,2021-03-13 08:00:00
1615636800000,11.601,11.758,11.381,11.407,641275.58,2021-03-13 12:00:00
1615651200000,11.407,11.574,11.149,11.364,611050.376,2021-03-13 16:00:00
1615665600000,11.35,11.611,11.213,11.373,563806.463,2021-03-13 20:00:00
1615680000000,11.373,11.42,11.051,11.218,440922.507,2021-03-14 00:00:00
1615694400000,11.235,11.357,11.0,11.0,505832.369,2021-03-14 04:00:00
1615708800000,11.0,11.234,10.801,10.942,625804.589,2021-03-14 08:00:00
1615723200000,10.948,11.1,10.716,10.849,661911.742,2021-03-14 12:00:00
1615737600000,10.854,11.36,10.61,11.174,641500.562,2021-03-14 16:00:00
1615752000000,11.158,11.3,10.862,10.935,383859.714,2021-03-14 20:00:00
1615766400000,10.92,11.048,10.75,10.867,447114.73,2021-03-15 00:00:00
1615780800000,10.877,10.98,10.02,10.563,1277082.912,2021-03-15 04:00:00
1615795200000,10.551,10.886,10.07,10.492,1075833.372,2021-03-15 08:00:00
1615809600000,10.481,10.81,10.01,10.13,1695402.76,2021-03-15 12:00:00
1615824000000,10.117,10.5,9.6,10.327,2615441.908,2021-03-15 16:00:00
1615838400000,10.327,10.394,9.962,9.973,620455.482,2021-03-15 20:00:00
1615852800000,9.986,10.063,9.32,9.481,1112821.334,2021-03-16 00:00:00
1615867200000,9.493,9.9,9.36,9.82,936245.095,2021-03-16 04:00:00
1615881600000,9.825,10.4,9.817,10.008,1314269.341,2021-03-16 08:00:00
1615896000000,10.0,10.23,9.891,10.222,764767.258,2021-03-16 12:00:00
1615910400000,10.222,10.26,9.583,9.689,826191.962,2021-03-16 16:00:00
1615924800000,9.689,10.039,9.67,9.976,601693.072,2021-03-16 20:00:00
1615939200000,9.984,10.1,9.61,9.643,681472.745,2021-03-17 00:00:00
1615953600000,9.643,9.85,9.6,9.784,598129.862,2021-03-17 04:00:00
1615968000000,9.794,9.838,9.525,9.583,614807.561,2021-03-17 08:00:00
1615982400000,9.583,9.649,9.348,9.569,703384.011,2021-03-17 12:00:00
1615996800000,9.562,10.303,9.513,10.128,1195876.352,2021-03-17 16:00:00
1616011200000,10.128,10.527,9.963,10.346,788051.596,2021-03-17 20:00:00
1616025600000,10.344,10.684,10.263,10.622,800931.185,2021-03-18 00:00:00
1616040000000,10.624,10.65,10.351,10.427,559612.905,2021-03-18 04:00:00
1616054400000,10.412,10.52,10.031,10.064,776209.305,2021-03-18 08:00:00
1616068800000,10.065,10.288,9.986,10.235,778803.375,2021-03-18 12:00:00
1616083200000,10.227,10.352,9.841,9.851,688800.36,2021-03-18 16:00:00
1616097600000,9.859,10.026,9.821,9.9,226645.281,2021-03-18 20:00:00
1616112000000,9.901,9.977,9.65,9.919,345211.67,2021-03-19 00:00:00
1616126400000,9.915,10.051,9.863,9.89,424880.872,2021-03-19 04:00:00
1616140800000,9.89,10.144,9.852,10.031,507631.655,2021-03-19 08:00:00
1616155200000,10.031,10.12,9.843,10.014,437583.919,2021-03-19 12:00:00
1616169600000,10.013,10.048,9.9,9.936,399525.597,2021-03-19 16:00:00
1616184000000,9.936,10.004,9.8,9.829,362308.549,2021-03-19 20:00:00
1616198400000,9.829,9.968,9.78,9.9,423791.936,2021-03-20 00:00:00
1616212800000,9.9,10.297,9.806,10.245,687868.417,2021-03-20 04:00:00
1616227200000,10.245,10.548,10.202,10.368,792506.006,2021-03-20 08:00:00
1616241600000,10.377,10.496,10.139,10.298,513151.616,2021-03-20 12:00:00
1616256000000,10.274,10.429,10.115,10.225,298849.449,2021-03-20 16:00:00
1616270400000,10.225,10.278,9.856,9.906,376854.638,2021-03-20 20:00:00
1616284800000,9.901,10.137,9.815,9.977,349177.364,2021-03-21 00:00:00
1616299200000,9.977,10.04,9.81,9.926,313333.837,2021-03-21 04:00:00
1616313600000,9.926,10.05,9.777,9.831,302735.372,2021-03-21 08:00:00
1616328000000,9.831,10.088,9.68,9.971,405342.755,2021-03-21 12:00:00
1616342400000,9.974,10.029,9.936,10.016,304912.912,2021-03-21 16:00:00
1616356800000,10.016,10.193,9.847,10.193,471751.311,2021-03-21 20:00:00
1616371200000,10.137,11.05,10.075,11.035,1824179.88,2021-03-22 00:00:00
1616385600000,11.038,11.1,10.651,10.79,1107776.76,2021-03-22 04:00:00
1616400000000,10.791,10.98,10.56,10.905,897115.002,2021-03-22 08:00:00
1616414400000,10.894,11.851,10.721,11.81,3178324.938,2021-03-22 12:00:00
1616428800000,11.81,12.57,11.548,11.666,3310985.338,2021-03-22 16:00:00
1616443200000,11.658,11.849,10.689,10.916,1851884.979,2021-03-22 20:00:00
1616457600000,10.89,11.32,10.556,11.258,1178478.675,2021-03-23 00:00:00
1616472000000,11.255,11.45,10.622,11.163,1473575.228,2021-03-23 04:00:00
1616486400000,11.163,12.399,10.994,11.834,2914907.361,2021-03-23 08:00:00
1616500800000,11.829,12.5,11.622,11.883,2093800.83,2021-03-23 12:00:00
1616515200000,11.883,12.141,11.448,11.477,972581.617,2021-03-23 16:00:00
1616529600000,11.477,11.55,11.099,11.47,797589.181,2021-03-23 20:00:00
1616544000000,11.455,12.149,11.12,11.844,1744157.087,2021-03-24 00:00:00
1616558400000,11.832,12.436,11.656,12.414,1289896.462,2021-03-24 04:00:00
1616572800000,12.414,13.242,12.191,13.187,2686277.129,2021-03-24 08:00:00
1616587200000,13.19,13.949,12.801,13.073,3104740.305,2021-03-24 12:00:00
1616601600000,13.079,13.628,12.51,12.593,1318774.874,2021-03-24 16:00:00
1616616000000,12.585,13.4,11.435,12.079,2143431.605,2021-03-24 20:00:00
1616630400000,12.078,12.342,11.308,11.7,1751356.336,2021-03-25 00:00:00
1616644800000,11.715,12.89,11.55,12.351,1888512.971,2021-03-25 04:00:00
1616659200000,12.366,12.68,12.11,12.126,1111442.318,2021-03-25 08:00:00
1616673600000,12.121,12.248,11.175,11.605,2351246.026,2021-03-25 12:00:00
1616688000000,11.609,12.192,11.5,11.911,918881.075,2021-03-25 16:00:00
1616702400000,11.911,12.181,11.838,11.925,553754.242,2021-03-25 20:00:00
1616716800000,11.918,13.328,11.851,13.183,2154323.887,2021-03-26 00:00:00
1616731200000,13.166,13.6,12.84,13.549,1823080.189,2021-03-26 04:00:00
1616745600000,13.567,14.738,13.35,14.14,3270990.249,2021-03-26 08:00:00
1616760000000,14.14,15.2,14.075,14.605,3854367.706,2021-03-26 12:00:00
1616774400000,14.605,15.068,14.193,14.408,1491017.471,2021-03-26 16:00:00
1616788800000,14.407,14.847,14.407,14.782,892614.165,2021-03-26 20:00:00
1616803200000,14.778,15.134,14.102,14.495,1442468.964,2021-03-27 00:00:00
1616817600000,14.508,14.94,14.418,14.743,850053.16,2021-03-27 04:00:00
1616832000000,14.747,16.9,14.733,15.92,4875261.049,2021-03-27 08:00:00
1616846400000,15.921,17.4,15.521,17.024,3911407.968,2021-03-27 12:00:00
1616860800000,17.024,17.49,16.52,16.904,2265128.068,2021-03-27 16:00:00
1616875200000,16.885,18.21,16.85,17.309,2394168.707,2021-03-27 20:00:00
1616889600000,17.295,18.18,16.93,17.859,2036459.156,2021-03-28 00:00:00
1616904000000,17.858,18.6,17.62,17.802,2576188.24,2021-03-28 04:00:00
1616918400000,17.822,17.862,15.879,16.155,4148876.614,2021-03-28 08:00:00
1616932800000,16.155,16.501,15.511,16.31,2840501.233,2021-03-28 12:00:00
1616947200000,16.302,16.345,15.312,15.609,1372365.297,2021-03-28 16:00:00
1616961600000,15.609,16.366,15.429,16.183,1416086.04,2021-03-28 20:00:00
1616976000000,16.183,16.799,15.983,16.79,1241242.664,2021-03-29 00:00:00
1616990400000,16.79,17.849,16.58,17.583,1391667.216,2021-03-29 04:00:00
1617004800000,17.596,18.0,16.9,17.671,2143796.058,2021-03-29 08:00:00
1617019200000,17.691,17.769,16.8,17.175,1377347.057,2021-03-29 12:00:00
1617033600000,17.179,17.399,16.9,17.029,792494.911,2021-03-29 16:00:00
1617048000000,17.035,17.263,16.8,17.215,568444.961,2021-03-29 20:00:00
1617062400000,17.227,17.39,16.742,16.867,698634.468,2021-03-30 00:00:00
1617076800000,16.854,17.122,16.6,16.832,924114.378,2021-03-30 04:00:00
1617091200000,16.845,18.5,16.832,18.333,2146363.565,2021-03-30 08:00:00
1617105600000,18.35,18.372,17.46,17.682,1372743.095,2021-03-30 12:00:00
1617120000000,17.677,18.471,17.522,18.469,827100.679,2021-03-30 16:00:00
1617134400000,18.468,19.0,18.0,19.0,1158021.09,2021-03-30 20:00:00
1617148800000,19.0,19.711,18.1,18.264,2142339.752,2021-03-31 00:00:00
1617163200000,18.245,19.2,18.072,18.369,1310447.365,2021-03-31 04:00:00
1617177600000,18.33,18.42,17.05,17.99,1745701.191,2021-03-31 08:00:00
1617192000000,17.99,18.85,17.7,18.247,1032934.121,2021-03-31 12:00:00
1617206400000,18.249,18.7,17.873,18.304,746045.075,2021-03-31 16:00:00
1617220800000,18.311,18.589,17.439,18.06,719414.639,2021-03-31 20:00:00
1617235200000,18.058,18.161,17.161,17.541,1260044.262,2021-04-01 00:00:00
1617249600000,17.526,18.132,17.354,17.851,619207.204,2021-04-01 04:00:00
1617264000000,17.867,18.397,17.134,17.333,959082.495,2021-04-01 08:00:00
1617278400000,17.333,17.549,17.051,17.224,907391.274,2021-04-01 12:00:00
1617292800000,17.23,17.392,16.344,16.985,1040896.074,2021-04-01 16:00:00
1617307200000,16.968,17.325,16.964,17.101,461625.857,2021-04-01 20:00:00
1617321600000,17.12,18.53,17.103,17.669,1623180.736,2021-04-02 00:00:00
1617336000000,17.669,18.252,17.5,17.83,650060.489,2021-04-02 04:00:00
1617350400000,17.839,18.437,17.602,17.986,747563.523,2021-04-02 08:00:00
1617364800000,17.986,18.29,17.606,17.797,532864.343,2021-04-02 12:00:00
1617379200000,17.797,17.887,16.871,17.31,864050.299,2021-04-02 16:00:00
1617393600000,17.313,17.494,16.969,17.069,504096.55,2021-04-02 20:00:00
1617408000000,17.066,17.487,16.602,16.656,900447.155,2021-04-03 00:00:00
1617422400000,16.656,17.162,16.61,17.05,422212.788,2021-04-03 04:00:00
1617436800000,17.04,17.275,16.623,17.154,656428.648,2021-04-03 08:00:00
1617451200000,17.15,17.29,16.502,16.505,679213.701,2021-04-03 12:00:00
1617465600000,16.511,16.736,15.76,16.454,846576.372,2021-04-03 16:00:00
1617480000000,16.438,16.451,15.4,15.601,656213.07,2021-04-03 20:00:00
1617494400000,15.602,16.159,15.2,16.032,928205.869,2021-04-04 00:00:00
1617508800000,16.032,16.399,15.8,16.31,378677.888,2021-04-04 04:00:00
1617523200000,16.307,16.951,16.18,16.295,719858.837,2021-04-04 08:00:00
1617537600000,16.295,16.896,16.05,16.724,630992.643,2021-04-04 12:00:00
1617552000000,16.724,16.97,16.441,16.707,440320.389,2021-04-04 16:00:00
1617566400000,16.707,16.97,16.627,16.757,312065.222,2021-04-04 20:00:00
1617580800000,16.763,16.907,16.286,16.3,486484.336,2021-04-05 00:00:00
1617595200000,16.3,16.421,15.844,16.137,495888.433,2021-04-05 04:00:00
1617609600000,16.118,17.268,15.89,16.945,761427.66,2021-04-05 08:00:00
1617624000000,16.945,18.0,16.855,17.599,1585064.551,2021-04-05 12:00:00
1617638400000,17.595,17.708,17.002,17.278,637193.657,2021-04-05 16:00:00
1617652800000,17.273,17.6,16.713,16.94,427456.238,2021-04-05 20:00:00
1617667200000,16.933,17.44,16.566,16.958,598022.947,2021-04-06 00:00:00
1617681600000,16.971,17.964,16.928,17.151,784387.325,2021-04-06 04:00:00
1617696000000,17.151,17.977,17.151,17.707,928758.342,2021-04-06 08:00:00
1617710400000,17.724,17.908,16.7,17.231,1056544.46,2021-04-06 12:00:00
1617724800000,17.246,17.84,17.218,17.84,622484.304,2021-04-06 16:00:00
1617739200000,17.84,18.336,17.651,18.03,959472.835,2021-04-06 20:00:00
1617753600000,18.038,18.288,17.4,17.814,895054.167,2021-04-07 00:00:00
1617768000000,17.827,18.5,17.496,17.782,982477.96,2021-04-07 04:00:00
1617782400000,17.782,17.785,15.6,16.17,1868750.886,2021-04-07 08:00:00
1617796800000,16.17,17.228,15.55,16.745,1345493.343,2021-04-07 12:00:00
1617811200000,16.75,17.826,16.5,17.136,1049782.475,2021-04-07 16:00:00
1617825600000,17.135,17.852,16.797,17.146,670390.09,2021-04-07 20:00:00
1617840000000,17.179,19.5,17.101,19.19,2422890.439,2021-04-08 00:00:00
1617854400000,19.19,21.147,18.881,19.697,3829106.203,2021-04-08 04:00:00
1617868800000,19.707,20.309,19.122,19.23,1604187.121,2021-04-08 08:00:00
1617883200000,19.235,21.25,19.124,21.099,2233183.974,2021-04-08 12:00:00
1617897600000,21.099,21.25,20.46,21.14,1088361.748,2021-04-08 16:00:00
1617912000000,21.14,21.25,20.1,21.102,1042310.02,2021-04-08 20:00:00
1617926400000,21.102,21.18,19.84,20.046,1064924.798,2021-04-09 00:00:00
1617940800000,20.044,20.759,20.022,20.499,705307.084,2021-04-09 04:00:00
1617955200000,20.499,22.15,20.1,21.852,1860211.267,2021-04-09 08:00:00
1617969600000,21.853,22.65,21.682,22.23,2205504.945,2021-04-09 12:00:00
1617984000000,22.235,23.95,21.563,23.365,2044020.91,2021-04-09 16:00:00
1617998400000,23.39,24.345,22.95,24.151,1821682.38,2021-04-09 20:00:00
1618012800000,24.169,25.269,23.3,23.873,2831164.372,2021-04-10 00:00:00
1618027200000,23.873,24.013,22.159,22.983,2323508.335,2021-04-10 04:00:00
1618041600000,22.982,23.5,22.25,23.154,1331653.892,2021-04-10 08:00:00
1618056000000,23.154,23.326,21.908,22.322,1346474.815,2021-04-10 12:00:00
1618070400000,22.303,23.2,21.3,22.061,1170220.967,2021-04-10 16:00:00
1618084800000,22.025,23.318,21.634,22.804,1078953.569,2021-04-10 20:00:00
1618099200000,22.779,22.895,21.903,22.325,613400.639,2021-04-11 00:00:00
1618113600000,22.34,23.509,22.141,23.462,904172.529,2021-04-11 04:00:00
1618128000000,23.474,23.884,22.41,23.064,1127892.269,2021-04-11 08:00:00
1618142400000,23.063,24.8,22.588,24.57,1681107.566,2021-04-11 12:00:00
1618156800000,24.576,25.999,24.015,25.152,2356391.131,2021-04-11 16:00:00
1618171200000,25.153,26.666,25.008,26.221,1373545.028,2021-04-11 20:00:00
1618185600000,26.205,26.486,24.99,26.385,1481426.208,2021-04-12 00:00:00
1618200000000,26.384,27.41,25.716,26.608,1850666.198,2021-04-12 04:00:00
1618214400000,26.623,28.242,23.858,25.749,5203072.03,2021-04-12 08:00:00
1618228800000,25.749,25.749,24.301,24.935,1952539.73,2021-04-12 12:00:00
1618243200000,24.932,26.119,24.549,26.119,1042611.298,2021-04-12 16:00:00
1618257600000,26.117,27.096,25.837,26.195,1278873.93,2021-04-12 20:00:00
1618272000000,26.195,26.582,24.75,25.043,906337.157,2021-04-13 00:00:00
1618286400000,25.043,25.245,23.3,24.06,1578419.722,2021-04-13 04:00:00
1618300800000,24.063,24.657,23.105,23.822,1574401.991,2021-04-13 08:00:00
1618315200000,23.801,25.065,23.575,24.135,1179442.131,2021-04-13 12:00:00
1618329600000,24.127,24.393,23.29,24.158,798876.354,2021-04-13 16:00:00
1618344000000,24.15,25.05,24.075,24.237,751525.548,2021-04-13 20:00:00
1618358400000,24.23,25.35,24.228,25.172,613000.287,2021-04-14 00:00:00
1618372800000,25.172,25.363,24.099,24.152,1125883.106,2021-04-14 04:00:00
1618387200000,24.147,24.697,23.5,24.069,736194.468,2021-04-14 08:00:00
1618401600000,24.069,24.1,22.2,23.118,1247360.367,2021-04-14 12:00:00
1618416000000,23.1,23.902,22.179,22.723,931957.693,2021-04-14 16:00:00
1618430400000,22.702,23.244,22.611,23.232,713702.33,2021-04-14 20:00:00
1618444800000,23.225,23.343,22.514,23.178,687407.356,2021-04-15 00:00:00
1618459200000,23.143,23.899,22.403,22.684,1251817.598,2021-04-15 04:00:00
1618473600000,22.699,24.33,21.46,23.387,3333052.084,2021-04-15 08:00:00
1618488000000,23.383,24.491,23.378,24.093,841579.464,2021-04-15 12:00:00
1618502400000,24.093,24.397,23.816,24.132,391749.49,2021-04-15 16:00:00
1618516800000,24.132,24.236,23.452,23.537,382111.734,2021-04-15 20:00:00
1618531200000,23.53,24.0,22.328,22.942,779879.806,2021-04-16 00:00:00
1618545600000,22.942,23.539,22.017,23.318,1009621.361,2021-04-16 04:00:00
1618560000000,23.316,23.599,21.765,22.486,908011.228,2021-04-16 08:00:00
1618574400000,22.485,22.699,21.4,22.603,961182.139,2021-04-16 12:00:00
1618588800000,22.579,23.0,22.12,22.678,633057.727,2021-04-16 16:00:00
1618603200000,22.678,23.154,22.454,22.476,394145.535,2021-04-16 20:00:00
1618617600000,22.47,23.909,22.299,23.604,685289.238,2021-04-17 00:00:00
1618632000000,23.652,24.99,23.652,24.184,1006657.866,2021-04-17 04:00:00
1618646400000,24.168,24.637,23.0,23.144,768160.477,2021-04-17 08:00:00
1618660800000,23.144,24.5,23.0,23.153,758199.766,2021-04-17 12:00:00
1618675200000,23.155,23.512,22.823,23.259,482394.044,2021-04-17 16:00:00
1618689600000,23.259,24.855,23.111,23.889,821943.073,2021-04-17 20:00:00
1618704000000,23.934,25.012,20.0,22.052,2011667.719,2021-04-18 00:00:00
1618718400000,22.033,22.672,20.639,22.476,1587108.491,2021-04-18 04:00:00
1618732800000,22.454,22.647,19.4,19.534,1274251.061,2021-04-18 08:00:00
1618747200000,19.536,21.595,19.09,21.357,1171014.304,2021-04-18 12:00:00
1618761600000,21.357,22.0,21.026,21.699,579016.609,2021-04-18 16:00:00
1618776000000,21.699,22.231,21.42,22.227,427919.518,2021-04-18 20:00:00
1618790400000,22.193,24.95,21.401,24.434,1458925.666,2021-04-19 00:00:00
1618804800000,24.431,25.355,23.995,24.902,1550089.984,2021-04-19 04:00:00
1618819200000,24.871,25.02,23.078,24.65,1226741.738,2021-04-19 08:00:00
1618833600000,24.644,24.698,21.682,21.97,1459744.935,2021-04-19 12:00:00
1618848000000,21.969,23.233,21.7,22.7,1151977.08,2021-04-19 16:00:00
1618862400000,22.724,23.362,22.45,22.699,773821.038,2021-04-19 20:00:00
1618876800000,22.699,22.89,21.0,21.689,623673.43,2021-04-20 00:00:00
1618891200000,21.658,23.008,21.012,21.752,1183633.649,2021-04-20 04:00:00
1618905600000,21.777,23.796,21.628,23.734,877504.678,2021-04-20 08:00:00
1618920000000,23.713,24.416,22.991,23.82,1410149.04,2021-04-20 12:00:00
1618934400000,23.845,27.502,23.299,27.003,3895453.631,2021-04-20 16:00:00
1618948800000,27.003,27.559,25.3,27.51,2571667.266,2021-04-20 20:00:00
1618963200000,27.539,28.581,26.845,26.993,3124393.753,2021-04-21 00:00:00
1618977600000,26.995,28.654,26.852,27.641,2075221.571,2021-04-21 04:00:00
1618992000000,27.613,28.4,25.95,26.64,3657721.555,2021-04-21 08:00:00
1619006400000,26.661,29.333,26.218,28.4,3935307.92,2021-04-21 12:00:00
1619020800000,28.419,28.565,27.15,27.958,1686432.39,2021-04-21 16:00:00
1619035200000,27.965,27.965,25.6,26.1,1585977.347,2021-04-21 20:00:00
1619049600000,26.059,27.693,25.34,26.582,2172038.094,2021-04-22 00:00:00
1619064000000,26.582,27.962,26.451,26.876,1117154.435,2021-04-22 04:00:00
1619078400000,26.903,27.737,26.135,27.714,1635246.833,2021-04-22 08:00:00
1619092800000,27.719,28.5,27.27,28.005,1247729.688,2021-04-22 12:00:00
1619107200000,28.028,28.5,26.0,26.629,2127713.043,2021-04-22 16:00:00
1619121600000,26.595,26.62,24.2,25.131,2350977.025,2021-04-22 20:00:00
1619136000000,25.118,25.8,22.0,25.769,3317586.173,2021-04-23 00:00:00
1619150400000,25.769,25.9,22.596,22.7,2267398.187,2021-04-23 04:00:00
1619164800000,22.699,26.443,22.409,26.245,2275975.848,2021-04-23 08:00:00
1619179200000,26.259,26.8,24.25,25.28,2075522.688,2021-04-23 12:00:00
1619193600000,25.334,26.6,24.652,26.6,1278411.456,2021-04-23 16:00:00
1619208000000,26.583,27.2,25.45,26.946,1552992.891,2021-04-23 20:00:00
1619222400000,26.968,28.0,25.387,27.604,2259721.125,2021-04-24 00:00:00
1619236800000,27.636,28.3,26.886,27.469,2050260.186,2021-04-24 04:00:00
1619251200000,27.469,28.084,25.545,26.194,2191029.19,2021-04-24 08:00:00
1619265600000,26.168,27.309,25.74,27.281,1501667.103,2021-04-24 12:00:00
1619280000000,27.28,28.12,25.832,27.535,1608462.149,2021-04-24 16:00:00
1619294400000,27.505,29.567,27.505,28.283,2618271.561,2021-04-24 20:00:00
1619308800000,28.3,29.397,27.54,27.542,1481686.809,2021-04-25 00:00:00
1619323200000,27.542,27.629,27.54,27.629,1214.829,2021-04-25 04:00:00
1619337600000,27.629,29.199,27.576,29.092,1349624.721,2021-04-25 08:00:00
1619352000000,29.092,31.5,29.072,30.398,3865773.708,2021-04-25 12:00:00
1619366400000,30.398,31.398,29.637,29.679,2030489.924,2021-04-25 16:00:00
1619380800000,29.74,30.474,27.8,30.184,3150593.255,2021-04-25 20:00:00
1619395200000,30.184,33.6,30.002,33.55,3503147.696,2021-04-26 00:00:00
1619409600000,33.55,34.885,32.521,33.59,2448048.535,2021-04-26 04:00:00
1619424000000,33.58,34.5,33.101,34.019,1732669.613,2021-04-26 08:00:00
1619438400000,34.019,34.298,32.387,32.589,1849043.18,2021-04-26 12:00:00
1619452800000,32.607,34.0,32.016,33.213,1408585.558,2021-04-26 16:00:00
1619467200000,33.213,33.612,31.902,33.564,1146801.618,2021-04-26 20:00:00
1619481600000,33.564,33.573,32.118,32.485,998446.235,2021-04-27 00:00:00
1619496000000,32.485,33.7,32.123,33.685,1022169.719,2021-04-27 04:00:00
1619510400000,33.66,36.6,33.5,36.35,2041801.279,2021-04-27 08:00:00
1619524800000,36.35,36.35,34.215,35.525,1641915.067,2021-04-27 12:00:00
1619539200000,35.551,35.6,34.225,34.895,1003733.76,2021-04-27 16:00:00
1619553600000,34.899,36.282,34.713,35.805,780774.262,2021-04-27 20:00:00
1619568000000,35.805,36.85,35.129,35.149,1137829.433,2021-04-28 00:00:00
1619582400000,35.152,35.684,33.66,35.307,1212686.607,2021-04-28 04:00:00
1619596800000,35.304,36.285,34.88,35.928,1077356.192,2021-04-28 08:00:00
1619611200000,35.931,36.45,34.666,35.544,1155325.546,2021-04-28 12:00:00
1619625600000,35.541,36.221,35.393,36.144,630132.288,2021-04-28 16:00:00
1619640000000,36.14,36.507,35.4,36.094,698827.171,2021-04-28 20:00:00
1619654400000,36.133,40.219,36.097,39.382,3196326.942,2021-04-29 00:00:00
1619668800000,39.382,41.13,37.9,41.082,1900148.098,2021-04-29 04:00:00
1619683200000,41.082,43.3,39.747,42.451,2981893.627,2021-04-29 08:00:00
1619697600000,42.437,44.1,41.0,41.579,2490632.147,2021-04-29 12:00:00
1619712000000,41.609,41.804,38.9,40.806,2018839.441,2021-04-29 16:00:00
1619726400000,40.793,42.783,39.595,42.679,1390542.743,2021-04-29 20:00:00
1619740800000,42.66,44.09,41.4,42.731,1795902.541,2021-04-30 00:00:00
1619755200000,42.731,43.701,41.8,43.431,1454493.124,2021-04-30 04:00:00
1619769600000,43.435,44.278,42.108,42.121,1214181.557,2021-04-30 08:00:00
1619784000000,42.124,42.343,39.98,41.008,1852347.68,2021-04-30 12:00:00
1619798400000,41.008,42.541,40.373,42.366,983744.325,2021-04-30 16:00:00
1619812800000,42.361,42.363,40.422,40.794,773440.286,2021-04-30 20:00:00
1619827200000,40.812,42.292,40.169,41.643,885131.187,2021-05-01 00:00:00
1619841600000,41.619,41.99,40.33,40.462,669645.803,2021-05-01 04:00:00
1619856000000,40.488,40.909,39.29,40.74,843907.945,2021-05-01 08:00:00
1619870400000,40.744,40.936,39.0,39.2,921360.97,2021-05-01 12:00:00
1619884800000,39.209,40.5,39.2,39.694,845696.622,2021-05-01 16:00:00
1619899200000,39.694,39.715,38.067,38.527,977501.7,2021-05-01 20:00:00
1619913600000,38.516,39.197,36.848,37.086,1360113.281,2021-05-02 00:00:00
1619928000000,37.09,38.733,36.713,38.218,1151099.348,2021-05-02 04:00:00
1619942400000,38.218,39.789,37.286,39.75,1171305.98,2021-05-02 08:00:00
1619956800000,39.738,42.517,39.177,40.921,2260469.455,2021-05-02 12:00:00
1619971200000,40.926,41.5,40.31,41.184,829066.524,2021-05-02 16:00:00
1619985600000,41.195,41.704,40.41,40.807,544231.008,2021-05-02 20:00:00
1620000000000,40.848,41.595,39.871,40.147,728922.076,2021-05-03 00:00:00
1620014400000,40.146,40.651,39.556,40.354,748235.729,2021-05-03 04:00:00
1620028800000,40.355,41.21,39.5,40.749,827051.534,2021-05-03 08:00:00
1620043200000,40.732,42.98,40.7,42.307,1746017.357,2021-05-03 12:00:00
1620057600000,42.333,42.98,41.537,42.5,870944.93,2021-05-03 16:00:00
1620072000000,42.501,42.549,40.805,40.9,859366.385,2021-05-03 20:00:00
1620086400000,40.9,41.119,38.0,38.706,1628946.311,2021-05-04 00:00:00
1620100800000,38.708,40.524,38.557,38.733,793126.463,2021-05-04 04:00:00
1620115200000,38.73,39.75,38.302,39.337,709210.837,2021-05-04 08:00:00
1620129600000,39.306,39.306,36.1,36.339,2039854.904,2021-05-04 12:00:00
1620144000000,36.356,38.55,36.013,38.415,1047684.222,2021-05-04 16:00:00
1620158400000,38.394,38.65,36.502,36.563,509200.859,2021-05-04 20:00:00
1620172800000,36.546,38.888,36.5,37.745,795184.117,2021-05-05 00:00:00
1620187200000,37.745,40.557,37.26,40.219,967846.837,2021-05-05 04:00:00
1620201600000,40.22,40.7,39.29,39.509,818372.062,2021-05-05 08:00:00
1620216000000,39.51,40.233,39.13,39.187,627396.981,2021-05-05 12:00:00
1620230400000,39.2,39.498,38.7,38.985,469455.077,2021-05-05 16:00:00
1620244800000,38.972,39.15,38.406,38.971,429312.707,2021-05-05 20:00:00
1620259200000,38.971,39.04,36.884,37.506,1181260.06,2021-05-06 00:00:00
1620273600000,37.503,38.2,37.134,37.386,729640.356,2021-05-06 04:00:00
1620288000000,37.386,38.219,37.199,37.897,709654.538,2021-05-06 08:00:00
1620302400000,37.897,37.945,36.888,36.953,916925.525,2021-05-06 12:00:00
1620316800000,36.953,37.287,35.591,36.705,1259701.074,2021-05-06 16:00:00
1620331200000,36.71,37.07,36.022,36.723,502095.219,2021-05-06 20:00:00
1620345600000,36.705,36.731,34.051,35.108,1309130.664,2021-05-07 00:00:00
1620360000000,35.108,35.97,34.619,35.346,672479.262,2021-05-07 04:00:00
1620374400000,35.327,35.874,35.2,35.732,637152.615,2021-05-07 08:00:00
1620388800000,35.74,37.563,35.555,37.372,1094446.327,2021-05-07 12:00:00
1620403200000,37.368,37.68,36.12,36.345,655487.579,2021-05-07 16:00:00
1620417600000,36.345,36.894,35.224,36.024,451074.664,2021-05-07 20:00:00
1620432000000,36.036,36.911,35.64,36.765,417566.449,2021-05-08 00:00:00
1620446400000,36.787,37.286,36.399,36.7,572432.868,2021-05-08 04:00:00
1620460800000,36.7,38.5,36.692,38.068,1008929.588,2021-05-08 08:00:00
1620475200000,38.069,39.35,37.694,38.09,1170714.508,2021-05-08 12:00:00
1620489600000,38.091,38.966,37.441,37.929,799418.702,2021-05-08 16:00:00
1620504000000,37.935,38.17,36.5,37.028,548773.668,2021-05-08 20:00:00
1620518400000,37.021,37.299,36.531,36.877,399458.58,2021-05-09 00:00:00
1620532800000,36.869,37.213,36.08,36.952,675861.348,2021-05-09 04:00:00
1620547200000,36.953,39.9,36.7,38.948,1937566.37,2021-05-09 08:00:00
1620561600000,38.949,39.197,37.8,38.78,970644.979,2021-05-09 12:00:00
1620576000000,38.78,38.966,38.116,38.419,485409.912,2021-05-09 16:00:00
1620590400000,38.416,38.99,38.177,38.303,318378.443,2021-05-09 20:00:00
1620604800000,38.333,39.67,38.21,39.446,771764.97,2021-05-10 00:00:00
1620619200000,39.464,40.642,39.205,39.726,960983.69,2021-05-10 04:00:00
1620633600000,39.724,39.886,38.0,38.233,1010544.636,2021-05-10 08:00:00
1620648000000,38.232,38.425,36.943,37.513,760400.996,2021-05-10 12:00:00
1620662400000,37.511,37.737,36.0,36.25,657481.187,2021-05-10 16:00:00
1620676800000,36.227,36.946,35.0,35.982,928535.098,2021-05-10 20:00:00
1620691200000,36.0,36.551,34.7,34.964,970597.621,2021-05-11 00:00:00
1620705600000,34.969,36.53,34.873,36.443,565166.406,2021-05-11 04:00:00
1620720000000,36.441,37.128,35.8,36.263,562575.778,2021-05-11 08:00:00
1620734400000,36.297,36.808,35.551,36.622,505958.996,2021-05-11 12:00:00
1620748800000,36.652,36.891,36.0,36.735,330019.421,2021-05-11 16:00:00
1620763200000,36.737,36.918,35.869,36.814,387698.024,2021-05-11 20:00:00
1620777600000,36.812,37.177,36.296,37.116,674309.764,2021-05-12 00:00:00
1620792000000,37.115,37.199,34.8,35.791,809697.767,2021-05-12 04:00:00
1620806400000,35.791,35.948,35.0,35.326,611349.636,2021-05-12 08:00:00
1620820800000,35.325,35.77,34.1,34.182,1186777.19,2021-05-12 12:00:00
1620835200000,34.182,34.206,32.1,33.139,1907089.669,2021-05-12 16:00:00
1620849600000,33.13,33.921,29.09,29.303,1780339.179,2021-05-12 20:00:00
1620864000000,29.41,31.543,28.13,30.864,2407530.806,2021-05-13 00:00:00
1620878400000,30.824,33.652,30.636,32.824,1372453.422,2021-05-13 04:00:00
1620892800000,32.825,33.074,28.494,30.421,1907832.069,2021-05-13 08:00:00
1620907200000,30.411,32.491,29.963,30.778,1086428.176,2021-05-13 12:00:00
1620921600000,30.786,31.713,27.299,28.29,1917023.673,2021-05-13 16:00:00
1620936000000,28.289,29.99,28.101,29.566,728587.115,2021-05-13 20:00:00
1620950400000,29.564,31.0,29.0,29.755,853958.925,2021-05-14 00:00:00
1620964800000,29.782,31.2,29.2,30.978,914822.577,2021-05-14 04:00:00
1620979200000,30.983,32.531,30.902,32.13,1034231.648,2021-05-14 08:00:00
1620993600000,32.131,32.99,31.692,32.907,893800.657,2021-05-14 12:00:00
1621008000000,32.903,33.0,31.743,31.925,660857.656,2021-05-14 16:00:00
1621022400000,31.932,32.093,30.85,31.638,564875.547,2021-05-14 20:00:00
1621036800000,31.639,32.123,31.214,31.789,567903.108,2021-05-15 00:00:00
1621051200000,31.786,31.795,29.929,29.969,739259.222,2021-05-15 04:00:00
1621065600000,29.988,30.545,29.5,30.379,735159.838,2021-05-15 08:00:00
1621080000000,30.379,30.723,29.745,30.06,547578.31,2021-05-15 12:00:00
1621094400000,30.061,30.119,28.3,28.998,967634.983,2021-05-15 16:00:00
1621108800000,28.998,29.641,28.599,28.633,643462.443,2021-05-15 20:00:00
1621123200000,28.643,29.808,28.522,29.469,391965.956,2021-05-16 00:00:00
1621137600000,29.494,31.499,29.168,31.499,728208.337,2021-05-16 04:00:00
1621152000000,31.489,31.6,30.889,31.191,166475.389,2021-05-16 08:00:00
